2025-12-04 09:58:54,836 - root - WARNING - Qt Warning: Could not parse application stylesheet
2025-12-08 11:49:37,309 - root - WARNING - Qt Warning: Could not parse application stylesheet
2025-12-08 11:49:52,155 - cellpose.denoise - INFO - >> denoise_cyto3 << model set to be used
2025-12-08 11:49:52,175 - cellpose.core - INFO - ** TORCH MPS version installed and working. **
2025-12-08 11:49:52,176 - cellpose.core - INFO - >>>> using GPU (MPS)
2025-12-08 11:49:52,320 - cellpose.denoise - INFO - >>>> model diam_mean =  30.000 (ROIs rescaled to this size during training)
2025-12-08 11:49:52,320 - cellpose.models - INFO - >> cyto3 << model set to be used
2025-12-08 11:49:52,321 - cellpose.core - INFO - ** TORCH MPS version installed and working. **
2025-12-08 11:49:52,321 - cellpose.core - INFO - >>>> using GPU (MPS)
2025-12-08 11:49:52,377 - cellpose.models - INFO - >>>> loading model /Users/nzlab-la/.cellpose/models/cyto3
2025-12-08 11:49:52,444 - cellpose.models - INFO - >>>> model diam_mean =  30.000 (ROIs rescaled to this size during training)
2025-12-08 11:49:52,445 - root - INFO - Running Cellpose with flow_threshold=0.0, diameter=75, gpu=unknown
2025-12-08 11:49:53,176 - root - INFO - Cellpose eval finished. Masks max: 3
2025-12-08 11:49:53,179 - root - INFO - Running Cellpose with flow_threshold=0.0, diameter=150, gpu=unknown
2025-12-08 11:49:54,058 - root - INFO - Cellpose eval finished. Masks max: 19
2025-12-08 11:49:54,069 - root - INFO - Running Cellpose with flow_threshold=0.0, diameter=225, gpu=unknown
2025-12-08 11:49:55,016 - root - INFO - Cellpose eval finished. Masks max: 18
2025-12-08 11:49:55,030 - root - INFO - Running Cellpose with flow_threshold=0.0, diameter=300, gpu=unknown
2025-12-08 11:49:56,288 - root - INFO - Cellpose eval finished. Masks max: 16
2025-12-08 11:49:56,299 - root - INFO - Running Cellpose with flow_threshold=0.0, diameter=375, gpu=unknown
2025-12-08 11:49:57,713 - root - INFO - Cellpose eval finished. Masks max: 8
2025-12-08 11:49:57,719 - root - INFO - Running Cellpose with flow_threshold=0.125, diameter=75, gpu=unknown
2025-12-08 11:49:58,582 - root - ERROR - Error during cellpose_max_cells evaluation: Cannot convert a MPS Tensor to float64 dtype as the MPS framework doesn't support float64. Please use float32 instead.
2025-12-08 11:49:58,585 - root - ERROR - Traceback (most recent call last):
  File "/Users/nzlab-la/Desktop/microlive/src/microscopy.py", line 1326, in run_cellpose
    masks = model.eval(
  File "/opt/anaconda3/envs/micro_gpu/lib/python3.10/site-packages/cellpose/denoise.py", line 583, in eval
    masks, flows, styles = self.cp.eval(
  File "/opt/anaconda3/envs/micro_gpu/lib/python3.10/site-packages/cellpose/models.py", line 534, in eval
    masks = self._compute_masks(x.shape, dP, cellprob, flow_threshold=flow_threshold,
  File "/opt/anaconda3/envs/micro_gpu/lib/python3.10/site-packages/cellpose/models.py", line 620, in _compute_masks
    outputs = dynamics.resize_and_compute_masks(
  File "/opt/anaconda3/envs/micro_gpu/lib/python3.10/site-packages/cellpose/dynamics.py", line 839, in resize_and_compute_masks
    mask = compute_masks(dP, cellprob, niter=niter,
  File "/opt/anaconda3/envs/micro_gpu/lib/python3.10/site-packages/cellpose/dynamics.py", line 913, in compute_masks
    mask = remove_bad_flow_masks(mask, dP, threshold=flow_threshold,
  File "/opt/anaconda3/envs/micro_gpu/lib/python3.10/site-packages/cellpose/dynamics.py", line 645, in remove_bad_flow_masks
    merrors, _ = metrics.flow_error(masks, flows, device0)
  File "/opt/anaconda3/envs/micro_gpu/lib/python3.10/site-packages/cellpose/metrics.py", line 256, in flow_error
    dP_masks = dynamics.masks_to_flows(maski, device=device)
  File "/opt/anaconda3/envs/micro_gpu/lib/python3.10/site-packages/cellpose/dynamics.py", line 356, in masks_to_flows
    mu, mu_c = masks_to_flows_device(masks, device=device, niter=niter)
  File "/opt/anaconda3/envs/micro_gpu/lib/python3.10/site-packages/cellpose/dynamics.py", line 184, in masks_to_flows_gpu
    mu = _extend_centers_gpu(neighbors, meds_p, isneighbor, shape, n_iter=n_iter,
  File "/opt/anaconda3/envs/micro_gpu/lib/python3.10/site-packages/cellpose/dynamics.py", line 71, in _extend_centers_gpu
    T = torch.zeros(shape, dtype=torch.double, device=device)
TypeError: Cannot convert a MPS Tensor to float64 dtype as the MPS framework doesn't support float64. Please use float32 instead.

2025-12-08 11:49:58,586 - root - INFO - Running Cellpose with flow_threshold=0.125, diameter=150, gpu=unknown
2025-12-08 11:49:59,359 - root - ERROR - Error during cellpose_max_cells evaluation: Cannot convert a MPS Tensor to float64 dtype as the MPS framework doesn't support float64. Please use float32 instead.
2025-12-08 11:49:59,360 - root - ERROR - Traceback (most recent call last):
  File "/Users/nzlab-la/Desktop/microlive/src/microscopy.py", line 1326, in run_cellpose
    masks = model.eval(
  File "/opt/anaconda3/envs/micro_gpu/lib/python3.10/site-packages/cellpose/denoise.py", line 583, in eval
    masks, flows, styles = self.cp.eval(
  File "/opt/anaconda3/envs/micro_gpu/lib/python3.10/site-packages/cellpose/models.py", line 534, in eval
    masks = self._compute_masks(x.shape, dP, cellprob, flow_threshold=flow_threshold,
  File "/opt/anaconda3/envs/micro_gpu/lib/python3.10/site-packages/cellpose/models.py", line 620, in _compute_masks
    outputs = dynamics.resize_and_compute_masks(
  File "/opt/anaconda3/envs/micro_gpu/lib/python3.10/site-packages/cellpose/dynamics.py", line 839, in resize_and_compute_masks
    mask = compute_masks(dP, cellprob, niter=niter,
  File "/opt/anaconda3/envs/micro_gpu/lib/python3.10/site-packages/cellpose/dynamics.py", line 913, in compute_masks
    mask = remove_bad_flow_masks(mask, dP, threshold=flow_threshold,
  File "/opt/anaconda3/envs/micro_gpu/lib/python3.10/site-packages/cellpose/dynamics.py", line 645, in remove_bad_flow_masks
    merrors, _ = metrics.flow_error(masks, flows, device0)
  File "/opt/anaconda3/envs/micro_gpu/lib/python3.10/site-packages/cellpose/metrics.py", line 256, in flow_error
    dP_masks = dynamics.masks_to_flows(maski, device=device)
  File "/opt/anaconda3/envs/micro_gpu/lib/python3.10/site-packages/cellpose/dynamics.py", line 356, in masks_to_flows
    mu, mu_c = masks_to_flows_device(masks, device=device, niter=niter)
  File "/opt/anaconda3/envs/micro_gpu/lib/python3.10/site-packages/cellpose/dynamics.py", line 184, in masks_to_flows_gpu
    mu = _extend_centers_gpu(neighbors, meds_p, isneighbor, shape, n_iter=n_iter,
  File "/opt/anaconda3/envs/micro_gpu/lib/python3.10/site-packages/cellpose/dynamics.py", line 71, in _extend_centers_gpu
    T = torch.zeros(shape, dtype=torch.double, device=device)
TypeError: Cannot convert a MPS Tensor to float64 dtype as the MPS framework doesn't support float64. Please use float32 instead.

2025-12-08 11:49:59,361 - root - INFO - Running Cellpose with flow_threshold=0.125, diameter=225, gpu=unknown
2025-12-08 11:50:00,190 - root - ERROR - Error during cellpose_max_cells evaluation: Cannot convert a MPS Tensor to float64 dtype as the MPS framework doesn't support float64. Please use float32 instead.
2025-12-08 11:50:00,191 - root - ERROR - Traceback (most recent call last):
  File "/Users/nzlab-la/Desktop/microlive/src/microscopy.py", line 1326, in run_cellpose
    masks = model.eval(
  File "/opt/anaconda3/envs/micro_gpu/lib/python3.10/site-packages/cellpose/denoise.py", line 583, in eval
    masks, flows, styles = self.cp.eval(
  File "/opt/anaconda3/envs/micro_gpu/lib/python3.10/site-packages/cellpose/models.py", line 534, in eval
    masks = self._compute_masks(x.shape, dP, cellprob, flow_threshold=flow_threshold,
  File "/opt/anaconda3/envs/micro_gpu/lib/python3.10/site-packages/cellpose/models.py", line 620, in _compute_masks
    outputs = dynamics.resize_and_compute_masks(
  File "/opt/anaconda3/envs/micro_gpu/lib/python3.10/site-packages/cellpose/dynamics.py", line 839, in resize_and_compute_masks
    mask = compute_masks(dP, cellprob, niter=niter,
  File "/opt/anaconda3/envs/micro_gpu/lib/python3.10/site-packages/cellpose/dynamics.py", line 913, in compute_masks
    mask = remove_bad_flow_masks(mask, dP, threshold=flow_threshold,
  File "/opt/anaconda3/envs/micro_gpu/lib/python3.10/site-packages/cellpose/dynamics.py", line 645, in remove_bad_flow_masks
    merrors, _ = metrics.flow_error(masks, flows, device0)
  File "/opt/anaconda3/envs/micro_gpu/lib/python3.10/site-packages/cellpose/metrics.py", line 256, in flow_error
    dP_masks = dynamics.masks_to_flows(maski, device=device)
  File "/opt/anaconda3/envs/micro_gpu/lib/python3.10/site-packages/cellpose/dynamics.py", line 356, in masks_to_flows
    mu, mu_c = masks_to_flows_device(masks, device=device, niter=niter)
  File "/opt/anaconda3/envs/micro_gpu/lib/python3.10/site-packages/cellpose/dynamics.py", line 184, in masks_to_flows_gpu
    mu = _extend_centers_gpu(neighbors, meds_p, isneighbor, shape, n_iter=n_iter,
  File "/opt/anaconda3/envs/micro_gpu/lib/python3.10/site-packages/cellpose/dynamics.py", line 71, in _extend_centers_gpu
    T = torch.zeros(shape, dtype=torch.double, device=device)
TypeError: Cannot convert a MPS Tensor to float64 dtype as the MPS framework doesn't support float64. Please use float32 instead.

2025-12-08 11:50:00,191 - root - INFO - Running Cellpose with flow_threshold=0.125, diameter=300, gpu=unknown
2025-12-08 11:50:01,387 - root - ERROR - Error during cellpose_max_cells evaluation: Cannot convert a MPS Tensor to float64 dtype as the MPS framework doesn't support float64. Please use float32 instead.
2025-12-08 11:50:01,387 - root - ERROR - Traceback (most recent call last):
  File "/Users/nzlab-la/Desktop/microlive/src/microscopy.py", line 1326, in run_cellpose
    masks = model.eval(
  File "/opt/anaconda3/envs/micro_gpu/lib/python3.10/site-packages/cellpose/denoise.py", line 583, in eval
    masks, flows, styles = self.cp.eval(
  File "/opt/anaconda3/envs/micro_gpu/lib/python3.10/site-packages/cellpose/models.py", line 534, in eval
    masks = self._compute_masks(x.shape, dP, cellprob, flow_threshold=flow_threshold,
  File "/opt/anaconda3/envs/micro_gpu/lib/python3.10/site-packages/cellpose/models.py", line 620, in _compute_masks
    outputs = dynamics.resize_and_compute_masks(
  File "/opt/anaconda3/envs/micro_gpu/lib/python3.10/site-packages/cellpose/dynamics.py", line 839, in resize_and_compute_masks
    mask = compute_masks(dP, cellprob, niter=niter,
  File "/opt/anaconda3/envs/micro_gpu/lib/python3.10/site-packages/cellpose/dynamics.py", line 913, in compute_masks
    mask = remove_bad_flow_masks(mask, dP, threshold=flow_threshold,
  File "/opt/anaconda3/envs/micro_gpu/lib/python3.10/site-packages/cellpose/dynamics.py", line 645, in remove_bad_flow_masks
    merrors, _ = metrics.flow_error(masks, flows, device0)
  File "/opt/anaconda3/envs/micro_gpu/lib/python3.10/site-packages/cellpose/metrics.py", line 256, in flow_error
    dP_masks = dynamics.masks_to_flows(maski, device=device)
  File "/opt/anaconda3/envs/micro_gpu/lib/python3.10/site-packages/cellpose/dynamics.py", line 356, in masks_to_flows
    mu, mu_c = masks_to_flows_device(masks, device=device, niter=niter)
  File "/opt/anaconda3/envs/micro_gpu/lib/python3.10/site-packages/cellpose/dynamics.py", line 184, in masks_to_flows_gpu
    mu = _extend_centers_gpu(neighbors, meds_p, isneighbor, shape, n_iter=n_iter,
  File "/opt/anaconda3/envs/micro_gpu/lib/python3.10/site-packages/cellpose/dynamics.py", line 71, in _extend_centers_gpu
    T = torch.zeros(shape, dtype=torch.double, device=device)
TypeError: Cannot convert a MPS Tensor to float64 dtype as the MPS framework doesn't support float64. Please use float32 instead.

2025-12-08 11:50:01,388 - root - INFO - Running Cellpose with flow_threshold=0.125, diameter=375, gpu=unknown
2025-12-08 11:50:02,549 - root - ERROR - Error during cellpose_max_cells evaluation: Cannot convert a MPS Tensor to float64 dtype as the MPS framework doesn't support float64. Please use float32 instead.
2025-12-08 11:50:02,550 - root - ERROR - Traceback (most recent call last):
  File "/Users/nzlab-la/Desktop/microlive/src/microscopy.py", line 1326, in run_cellpose
    masks = model.eval(
  File "/opt/anaconda3/envs/micro_gpu/lib/python3.10/site-packages/cellpose/denoise.py", line 583, in eval
    masks, flows, styles = self.cp.eval(
  File "/opt/anaconda3/envs/micro_gpu/lib/python3.10/site-packages/cellpose/models.py", line 534, in eval
    masks = self._compute_masks(x.shape, dP, cellprob, flow_threshold=flow_threshold,
  File "/opt/anaconda3/envs/micro_gpu/lib/python3.10/site-packages/cellpose/models.py", line 620, in _compute_masks
    outputs = dynamics.resize_and_compute_masks(
  File "/opt/anaconda3/envs/micro_gpu/lib/python3.10/site-packages/cellpose/dynamics.py", line 839, in resize_and_compute_masks
    mask = compute_masks(dP, cellprob, niter=niter,
  File "/opt/anaconda3/envs/micro_gpu/lib/python3.10/site-packages/cellpose/dynamics.py", line 913, in compute_masks
    mask = remove_bad_flow_masks(mask, dP, threshold=flow_threshold,
  File "/opt/anaconda3/envs/micro_gpu/lib/python3.10/site-packages/cellpose/dynamics.py", line 645, in remove_bad_flow_masks
    merrors, _ = metrics.flow_error(masks, flows, device0)
  File "/opt/anaconda3/envs/micro_gpu/lib/python3.10/site-packages/cellpose/metrics.py", line 256, in flow_error
    dP_masks = dynamics.masks_to_flows(maski, device=device)
  File "/opt/anaconda3/envs/micro_gpu/lib/python3.10/site-packages/cellpose/dynamics.py", line 356, in masks_to_flows
    mu, mu_c = masks_to_flows_device(masks, device=device, niter=niter)
  File "/opt/anaconda3/envs/micro_gpu/lib/python3.10/site-packages/cellpose/dynamics.py", line 184, in masks_to_flows_gpu
    mu = _extend_centers_gpu(neighbors, meds_p, isneighbor, shape, n_iter=n_iter,
  File "/opt/anaconda3/envs/micro_gpu/lib/python3.10/site-packages/cellpose/dynamics.py", line 71, in _extend_centers_gpu
    T = torch.zeros(shape, dtype=torch.double, device=device)
TypeError: Cannot convert a MPS Tensor to float64 dtype as the MPS framework doesn't support float64. Please use float32 instead.

2025-12-08 11:50:02,550 - root - INFO - Running Cellpose with flow_threshold=0.25, diameter=75, gpu=unknown
2025-12-08 11:50:02,846 - root - ERROR - Error during cellpose_max_cells evaluation: Cannot convert a MPS Tensor to float64 dtype as the MPS framework doesn't support float64. Please use float32 instead.
2025-12-08 11:50:02,846 - root - ERROR - Traceback (most recent call last):
  File "/Users/nzlab-la/Desktop/microlive/src/microscopy.py", line 1326, in run_cellpose
    masks = model.eval(
  File "/opt/anaconda3/envs/micro_gpu/lib/python3.10/site-packages/cellpose/denoise.py", line 583, in eval
    masks, flows, styles = self.cp.eval(
  File "/opt/anaconda3/envs/micro_gpu/lib/python3.10/site-packages/cellpose/models.py", line 534, in eval
    masks = self._compute_masks(x.shape, dP, cellprob, flow_threshold=flow_threshold,
  File "/opt/anaconda3/envs/micro_gpu/lib/python3.10/site-packages/cellpose/models.py", line 620, in _compute_masks
    outputs = dynamics.resize_and_compute_masks(
  File "/opt/anaconda3/envs/micro_gpu/lib/python3.10/site-packages/cellpose/dynamics.py", line 839, in resize_and_compute_masks
    mask = compute_masks(dP, cellprob, niter=niter,
  File "/opt/anaconda3/envs/micro_gpu/lib/python3.10/site-packages/cellpose/dynamics.py", line 913, in compute_masks
    mask = remove_bad_flow_masks(mask, dP, threshold=flow_threshold,
  File "/opt/anaconda3/envs/micro_gpu/lib/python3.10/site-packages/cellpose/dynamics.py", line 645, in remove_bad_flow_masks
    merrors, _ = metrics.flow_error(masks, flows, device0)
  File "/opt/anaconda3/envs/micro_gpu/lib/python3.10/site-packages/cellpose/metrics.py", line 256, in flow_error
    dP_masks = dynamics.masks_to_flows(maski, device=device)
  File "/opt/anaconda3/envs/micro_gpu/lib/python3.10/site-packages/cellpose/dynamics.py", line 356, in masks_to_flows
    mu, mu_c = masks_to_flows_device(masks, device=device, niter=niter)
  File "/opt/anaconda3/envs/micro_gpu/lib/python3.10/site-packages/cellpose/dynamics.py", line 184, in masks_to_flows_gpu
    mu = _extend_centers_gpu(neighbors, meds_p, isneighbor, shape, n_iter=n_iter,
  File "/opt/anaconda3/envs/micro_gpu/lib/python3.10/site-packages/cellpose/dynamics.py", line 71, in _extend_centers_gpu
    T = torch.zeros(shape, dtype=torch.double, device=device)
TypeError: Cannot convert a MPS Tensor to float64 dtype as the MPS framework doesn't support float64. Please use float32 instead.

2025-12-08 11:50:02,847 - root - INFO - Running Cellpose with flow_threshold=0.25, diameter=150, gpu=unknown
2025-12-08 11:50:03,592 - root - ERROR - Error during cellpose_max_cells evaluation: Cannot convert a MPS Tensor to float64 dtype as the MPS framework doesn't support float64. Please use float32 instead.
2025-12-08 11:50:03,592 - root - ERROR - Traceback (most recent call last):
  File "/Users/nzlab-la/Desktop/microlive/src/microscopy.py", line 1326, in run_cellpose
    masks = model.eval(
  File "/opt/anaconda3/envs/micro_gpu/lib/python3.10/site-packages/cellpose/denoise.py", line 583, in eval
    masks, flows, styles = self.cp.eval(
  File "/opt/anaconda3/envs/micro_gpu/lib/python3.10/site-packages/cellpose/models.py", line 534, in eval
    masks = self._compute_masks(x.shape, dP, cellprob, flow_threshold=flow_threshold,
  File "/opt/anaconda3/envs/micro_gpu/lib/python3.10/site-packages/cellpose/models.py", line 620, in _compute_masks
    outputs = dynamics.resize_and_compute_masks(
  File "/opt/anaconda3/envs/micro_gpu/lib/python3.10/site-packages/cellpose/dynamics.py", line 839, in resize_and_compute_masks
    mask = compute_masks(dP, cellprob, niter=niter,
  File "/opt/anaconda3/envs/micro_gpu/lib/python3.10/site-packages/cellpose/dynamics.py", line 913, in compute_masks
    mask = remove_bad_flow_masks(mask, dP, threshold=flow_threshold,
  File "/opt/anaconda3/envs/micro_gpu/lib/python3.10/site-packages/cellpose/dynamics.py", line 645, in remove_bad_flow_masks
    merrors, _ = metrics.flow_error(masks, flows, device0)
  File "/opt/anaconda3/envs/micro_gpu/lib/python3.10/site-packages/cellpose/metrics.py", line 256, in flow_error
    dP_masks = dynamics.masks_to_flows(maski, device=device)
  File "/opt/anaconda3/envs/micro_gpu/lib/python3.10/site-packages/cellpose/dynamics.py", line 356, in masks_to_flows
    mu, mu_c = masks_to_flows_device(masks, device=device, niter=niter)
  File "/opt/anaconda3/envs/micro_gpu/lib/python3.10/site-packages/cellpose/dynamics.py", line 184, in masks_to_flows_gpu
    mu = _extend_centers_gpu(neighbors, meds_p, isneighbor, shape, n_iter=n_iter,
  File "/opt/anaconda3/envs/micro_gpu/lib/python3.10/site-packages/cellpose/dynamics.py", line 71, in _extend_centers_gpu
    T = torch.zeros(shape, dtype=torch.double, device=device)
TypeError: Cannot convert a MPS Tensor to float64 dtype as the MPS framework doesn't support float64. Please use float32 instead.

2025-12-08 11:50:03,593 - root - INFO - Running Cellpose with flow_threshold=0.25, diameter=225, gpu=unknown
2025-12-08 11:50:04,435 - root - ERROR - Error during cellpose_max_cells evaluation: Cannot convert a MPS Tensor to float64 dtype as the MPS framework doesn't support float64. Please use float32 instead.
2025-12-08 11:50:04,435 - root - ERROR - Traceback (most recent call last):
  File "/Users/nzlab-la/Desktop/microlive/src/microscopy.py", line 1326, in run_cellpose
    masks = model.eval(
  File "/opt/anaconda3/envs/micro_gpu/lib/python3.10/site-packages/cellpose/denoise.py", line 583, in eval
    masks, flows, styles = self.cp.eval(
  File "/opt/anaconda3/envs/micro_gpu/lib/python3.10/site-packages/cellpose/models.py", line 534, in eval
    masks = self._compute_masks(x.shape, dP, cellprob, flow_threshold=flow_threshold,
  File "/opt/anaconda3/envs/micro_gpu/lib/python3.10/site-packages/cellpose/models.py", line 620, in _compute_masks
    outputs = dynamics.resize_and_compute_masks(
  File "/opt/anaconda3/envs/micro_gpu/lib/python3.10/site-packages/cellpose/dynamics.py", line 839, in resize_and_compute_masks
    mask = compute_masks(dP, cellprob, niter=niter,
  File "/opt/anaconda3/envs/micro_gpu/lib/python3.10/site-packages/cellpose/dynamics.py", line 913, in compute_masks
    mask = remove_bad_flow_masks(mask, dP, threshold=flow_threshold,
  File "/opt/anaconda3/envs/micro_gpu/lib/python3.10/site-packages/cellpose/dynamics.py", line 645, in remove_bad_flow_masks
    merrors, _ = metrics.flow_error(masks, flows, device0)
  File "/opt/anaconda3/envs/micro_gpu/lib/python3.10/site-packages/cellpose/metrics.py", line 256, in flow_error
    dP_masks = dynamics.masks_to_flows(maski, device=device)
  File "/opt/anaconda3/envs/micro_gpu/lib/python3.10/site-packages/cellpose/dynamics.py", line 356, in masks_to_flows
    mu, mu_c = masks_to_flows_device(masks, device=device, niter=niter)
  File "/opt/anaconda3/envs/micro_gpu/lib/python3.10/site-packages/cellpose/dynamics.py", line 184, in masks_to_flows_gpu
    mu = _extend_centers_gpu(neighbors, meds_p, isneighbor, shape, n_iter=n_iter,
  File "/opt/anaconda3/envs/micro_gpu/lib/python3.10/site-packages/cellpose/dynamics.py", line 71, in _extend_centers_gpu
    T = torch.zeros(shape, dtype=torch.double, device=device)
TypeError: Cannot convert a MPS Tensor to float64 dtype as the MPS framework doesn't support float64. Please use float32 instead.

2025-12-08 11:50:04,436 - root - INFO - Running Cellpose with flow_threshold=0.25, diameter=300, gpu=unknown
2025-12-08 11:50:05,572 - root - ERROR - Error during cellpose_max_cells evaluation: Cannot convert a MPS Tensor to float64 dtype as the MPS framework doesn't support float64. Please use float32 instead.
2025-12-08 11:50:05,572 - root - ERROR - Traceback (most recent call last):
  File "/Users/nzlab-la/Desktop/microlive/src/microscopy.py", line 1326, in run_cellpose
    masks = model.eval(
  File "/opt/anaconda3/envs/micro_gpu/lib/python3.10/site-packages/cellpose/denoise.py", line 583, in eval
    masks, flows, styles = self.cp.eval(
  File "/opt/anaconda3/envs/micro_gpu/lib/python3.10/site-packages/cellpose/models.py", line 534, in eval
    masks = self._compute_masks(x.shape, dP, cellprob, flow_threshold=flow_threshold,
  File "/opt/anaconda3/envs/micro_gpu/lib/python3.10/site-packages/cellpose/models.py", line 620, in _compute_masks
    outputs = dynamics.resize_and_compute_masks(
  File "/opt/anaconda3/envs/micro_gpu/lib/python3.10/site-packages/cellpose/dynamics.py", line 839, in resize_and_compute_masks
    mask = compute_masks(dP, cellprob, niter=niter,
  File "/opt/anaconda3/envs/micro_gpu/lib/python3.10/site-packages/cellpose/dynamics.py", line 913, in compute_masks
    mask = remove_bad_flow_masks(mask, dP, threshold=flow_threshold,
  File "/opt/anaconda3/envs/micro_gpu/lib/python3.10/site-packages/cellpose/dynamics.py", line 645, in remove_bad_flow_masks
    merrors, _ = metrics.flow_error(masks, flows, device0)
  File "/opt/anaconda3/envs/micro_gpu/lib/python3.10/site-packages/cellpose/metrics.py", line 256, in flow_error
    dP_masks = dynamics.masks_to_flows(maski, device=device)
  File "/opt/anaconda3/envs/micro_gpu/lib/python3.10/site-packages/cellpose/dynamics.py", line 356, in masks_to_flows
    mu, mu_c = masks_to_flows_device(masks, device=device, niter=niter)
  File "/opt/anaconda3/envs/micro_gpu/lib/python3.10/site-packages/cellpose/dynamics.py", line 184, in masks_to_flows_gpu
    mu = _extend_centers_gpu(neighbors, meds_p, isneighbor, shape, n_iter=n_iter,
  File "/opt/anaconda3/envs/micro_gpu/lib/python3.10/site-packages/cellpose/dynamics.py", line 71, in _extend_centers_gpu
    T = torch.zeros(shape, dtype=torch.double, device=device)
TypeError: Cannot convert a MPS Tensor to float64 dtype as the MPS framework doesn't support float64. Please use float32 instead.

2025-12-08 11:50:05,573 - root - INFO - Running Cellpose with flow_threshold=0.25, diameter=375, gpu=unknown
2025-12-08 11:50:06,861 - root - ERROR - Error during cellpose_max_cells evaluation: Cannot convert a MPS Tensor to float64 dtype as the MPS framework doesn't support float64. Please use float32 instead.
2025-12-08 11:50:06,861 - root - ERROR - Traceback (most recent call last):
  File "/Users/nzlab-la/Desktop/microlive/src/microscopy.py", line 1326, in run_cellpose
    masks = model.eval(
  File "/opt/anaconda3/envs/micro_gpu/lib/python3.10/site-packages/cellpose/denoise.py", line 583, in eval
    masks, flows, styles = self.cp.eval(
  File "/opt/anaconda3/envs/micro_gpu/lib/python3.10/site-packages/cellpose/models.py", line 534, in eval
    masks = self._compute_masks(x.shape, dP, cellprob, flow_threshold=flow_threshold,
  File "/opt/anaconda3/envs/micro_gpu/lib/python3.10/site-packages/cellpose/models.py", line 620, in _compute_masks
    outputs = dynamics.resize_and_compute_masks(
  File "/opt/anaconda3/envs/micro_gpu/lib/python3.10/site-packages/cellpose/dynamics.py", line 839, in resize_and_compute_masks
    mask = compute_masks(dP, cellprob, niter=niter,
  File "/opt/anaconda3/envs/micro_gpu/lib/python3.10/site-packages/cellpose/dynamics.py", line 913, in compute_masks
    mask = remove_bad_flow_masks(mask, dP, threshold=flow_threshold,
  File "/opt/anaconda3/envs/micro_gpu/lib/python3.10/site-packages/cellpose/dynamics.py", line 645, in remove_bad_flow_masks
    merrors, _ = metrics.flow_error(masks, flows, device0)
  File "/opt/anaconda3/envs/micro_gpu/lib/python3.10/site-packages/cellpose/metrics.py", line 256, in flow_error
    dP_masks = dynamics.masks_to_flows(maski, device=device)
  File "/opt/anaconda3/envs/micro_gpu/lib/python3.10/site-packages/cellpose/dynamics.py", line 356, in masks_to_flows
    mu, mu_c = masks_to_flows_device(masks, device=device, niter=niter)
  File "/opt/anaconda3/envs/micro_gpu/lib/python3.10/site-packages/cellpose/dynamics.py", line 184, in masks_to_flows_gpu
    mu = _extend_centers_gpu(neighbors, meds_p, isneighbor, shape, n_iter=n_iter,
  File "/opt/anaconda3/envs/micro_gpu/lib/python3.10/site-packages/cellpose/dynamics.py", line 71, in _extend_centers_gpu
    T = torch.zeros(shape, dtype=torch.double, device=device)
TypeError: Cannot convert a MPS Tensor to float64 dtype as the MPS framework doesn't support float64. Please use float32 instead.

2025-12-08 11:50:06,862 - root - INFO - Running Cellpose with flow_threshold=0.375, diameter=75, gpu=unknown
2025-12-08 11:50:07,158 - root - ERROR - Error during cellpose_max_cells evaluation: Cannot convert a MPS Tensor to float64 dtype as the MPS framework doesn't support float64. Please use float32 instead.
2025-12-08 11:50:07,158 - root - ERROR - Traceback (most recent call last):
  File "/Users/nzlab-la/Desktop/microlive/src/microscopy.py", line 1326, in run_cellpose
    masks = model.eval(
  File "/opt/anaconda3/envs/micro_gpu/lib/python3.10/site-packages/cellpose/denoise.py", line 583, in eval
    masks, flows, styles = self.cp.eval(
  File "/opt/anaconda3/envs/micro_gpu/lib/python3.10/site-packages/cellpose/models.py", line 534, in eval
    masks = self._compute_masks(x.shape, dP, cellprob, flow_threshold=flow_threshold,
  File "/opt/anaconda3/envs/micro_gpu/lib/python3.10/site-packages/cellpose/models.py", line 620, in _compute_masks
    outputs = dynamics.resize_and_compute_masks(
  File "/opt/anaconda3/envs/micro_gpu/lib/python3.10/site-packages/cellpose/dynamics.py", line 839, in resize_and_compute_masks
    mask = compute_masks(dP, cellprob, niter=niter,
  File "/opt/anaconda3/envs/micro_gpu/lib/python3.10/site-packages/cellpose/dynamics.py", line 913, in compute_masks
    mask = remove_bad_flow_masks(mask, dP, threshold=flow_threshold,
  File "/opt/anaconda3/envs/micro_gpu/lib/python3.10/site-packages/cellpose/dynamics.py", line 645, in remove_bad_flow_masks
    merrors, _ = metrics.flow_error(masks, flows, device0)
  File "/opt/anaconda3/envs/micro_gpu/lib/python3.10/site-packages/cellpose/metrics.py", line 256, in flow_error
    dP_masks = dynamics.masks_to_flows(maski, device=device)
  File "/opt/anaconda3/envs/micro_gpu/lib/python3.10/site-packages/cellpose/dynamics.py", line 356, in masks_to_flows
    mu, mu_c = masks_to_flows_device(masks, device=device, niter=niter)
  File "/opt/anaconda3/envs/micro_gpu/lib/python3.10/site-packages/cellpose/dynamics.py", line 184, in masks_to_flows_gpu
    mu = _extend_centers_gpu(neighbors, meds_p, isneighbor, shape, n_iter=n_iter,
  File "/opt/anaconda3/envs/micro_gpu/lib/python3.10/site-packages/cellpose/dynamics.py", line 71, in _extend_centers_gpu
    T = torch.zeros(shape, dtype=torch.double, device=device)
TypeError: Cannot convert a MPS Tensor to float64 dtype as the MPS framework doesn't support float64. Please use float32 instead.

2025-12-08 11:50:07,159 - root - INFO - Running Cellpose with flow_threshold=0.375, diameter=150, gpu=unknown
2025-12-08 11:50:07,891 - root - ERROR - Error during cellpose_max_cells evaluation: Cannot convert a MPS Tensor to float64 dtype as the MPS framework doesn't support float64. Please use float32 instead.
2025-12-08 11:50:07,891 - root - ERROR - Traceback (most recent call last):
  File "/Users/nzlab-la/Desktop/microlive/src/microscopy.py", line 1326, in run_cellpose
    masks = model.eval(
  File "/opt/anaconda3/envs/micro_gpu/lib/python3.10/site-packages/cellpose/denoise.py", line 583, in eval
    masks, flows, styles = self.cp.eval(
  File "/opt/anaconda3/envs/micro_gpu/lib/python3.10/site-packages/cellpose/models.py", line 534, in eval
    masks = self._compute_masks(x.shape, dP, cellprob, flow_threshold=flow_threshold,
  File "/opt/anaconda3/envs/micro_gpu/lib/python3.10/site-packages/cellpose/models.py", line 620, in _compute_masks
    outputs = dynamics.resize_and_compute_masks(
  File "/opt/anaconda3/envs/micro_gpu/lib/python3.10/site-packages/cellpose/dynamics.py", line 839, in resize_and_compute_masks
    mask = compute_masks(dP, cellprob, niter=niter,
  File "/opt/anaconda3/envs/micro_gpu/lib/python3.10/site-packages/cellpose/dynamics.py", line 913, in compute_masks
    mask = remove_bad_flow_masks(mask, dP, threshold=flow_threshold,
  File "/opt/anaconda3/envs/micro_gpu/lib/python3.10/site-packages/cellpose/dynamics.py", line 645, in remove_bad_flow_masks
    merrors, _ = metrics.flow_error(masks, flows, device0)
  File "/opt/anaconda3/envs/micro_gpu/lib/python3.10/site-packages/cellpose/metrics.py", line 256, in flow_error
    dP_masks = dynamics.masks_to_flows(maski, device=device)
  File "/opt/anaconda3/envs/micro_gpu/lib/python3.10/site-packages/cellpose/dynamics.py", line 356, in masks_to_flows
    mu, mu_c = masks_to_flows_device(masks, device=device, niter=niter)
  File "/opt/anaconda3/envs/micro_gpu/lib/python3.10/site-packages/cellpose/dynamics.py", line 184, in masks_to_flows_gpu
    mu = _extend_centers_gpu(neighbors, meds_p, isneighbor, shape, n_iter=n_iter,
  File "/opt/anaconda3/envs/micro_gpu/lib/python3.10/site-packages/cellpose/dynamics.py", line 71, in _extend_centers_gpu
    T = torch.zeros(shape, dtype=torch.double, device=device)
TypeError: Cannot convert a MPS Tensor to float64 dtype as the MPS framework doesn't support float64. Please use float32 instead.

2025-12-08 11:50:07,892 - root - INFO - Running Cellpose with flow_threshold=0.375, diameter=225, gpu=unknown
2025-12-08 11:50:08,720 - root - ERROR - Error during cellpose_max_cells evaluation: Cannot convert a MPS Tensor to float64 dtype as the MPS framework doesn't support float64. Please use float32 instead.
2025-12-08 11:50:08,720 - root - ERROR - Traceback (most recent call last):
  File "/Users/nzlab-la/Desktop/microlive/src/microscopy.py", line 1326, in run_cellpose
    masks = model.eval(
  File "/opt/anaconda3/envs/micro_gpu/lib/python3.10/site-packages/cellpose/denoise.py", line 583, in eval
    masks, flows, styles = self.cp.eval(
  File "/opt/anaconda3/envs/micro_gpu/lib/python3.10/site-packages/cellpose/models.py", line 534, in eval
    masks = self._compute_masks(x.shape, dP, cellprob, flow_threshold=flow_threshold,
  File "/opt/anaconda3/envs/micro_gpu/lib/python3.10/site-packages/cellpose/models.py", line 620, in _compute_masks
    outputs = dynamics.resize_and_compute_masks(
  File "/opt/anaconda3/envs/micro_gpu/lib/python3.10/site-packages/cellpose/dynamics.py", line 839, in resize_and_compute_masks
    mask = compute_masks(dP, cellprob, niter=niter,
  File "/opt/anaconda3/envs/micro_gpu/lib/python3.10/site-packages/cellpose/dynamics.py", line 913, in compute_masks
    mask = remove_bad_flow_masks(mask, dP, threshold=flow_threshold,
  File "/opt/anaconda3/envs/micro_gpu/lib/python3.10/site-packages/cellpose/dynamics.py", line 645, in remove_bad_flow_masks
    merrors, _ = metrics.flow_error(masks, flows, device0)
  File "/opt/anaconda3/envs/micro_gpu/lib/python3.10/site-packages/cellpose/metrics.py", line 256, in flow_error
    dP_masks = dynamics.masks_to_flows(maski, device=device)
  File "/opt/anaconda3/envs/micro_gpu/lib/python3.10/site-packages/cellpose/dynamics.py", line 356, in masks_to_flows
    mu, mu_c = masks_to_flows_device(masks, device=device, niter=niter)
  File "/opt/anaconda3/envs/micro_gpu/lib/python3.10/site-packages/cellpose/dynamics.py", line 184, in masks_to_flows_gpu
    mu = _extend_centers_gpu(neighbors, meds_p, isneighbor, shape, n_iter=n_iter,
  File "/opt/anaconda3/envs/micro_gpu/lib/python3.10/site-packages/cellpose/dynamics.py", line 71, in _extend_centers_gpu
    T = torch.zeros(shape, dtype=torch.double, device=device)
TypeError: Cannot convert a MPS Tensor to float64 dtype as the MPS framework doesn't support float64. Please use float32 instead.

2025-12-08 11:50:08,721 - root - INFO - Running Cellpose with flow_threshold=0.375, diameter=300, gpu=unknown
2025-12-08 11:50:09,833 - root - ERROR - Error during cellpose_max_cells evaluation: Cannot convert a MPS Tensor to float64 dtype as the MPS framework doesn't support float64. Please use float32 instead.
2025-12-08 11:50:09,833 - root - ERROR - Traceback (most recent call last):
  File "/Users/nzlab-la/Desktop/microlive/src/microscopy.py", line 1326, in run_cellpose
    masks = model.eval(
  File "/opt/anaconda3/envs/micro_gpu/lib/python3.10/site-packages/cellpose/denoise.py", line 583, in eval
    masks, flows, styles = self.cp.eval(
  File "/opt/anaconda3/envs/micro_gpu/lib/python3.10/site-packages/cellpose/models.py", line 534, in eval
    masks = self._compute_masks(x.shape, dP, cellprob, flow_threshold=flow_threshold,
  File "/opt/anaconda3/envs/micro_gpu/lib/python3.10/site-packages/cellpose/models.py", line 620, in _compute_masks
    outputs = dynamics.resize_and_compute_masks(
  File "/opt/anaconda3/envs/micro_gpu/lib/python3.10/site-packages/cellpose/dynamics.py", line 839, in resize_and_compute_masks
    mask = compute_masks(dP, cellprob, niter=niter,
  File "/opt/anaconda3/envs/micro_gpu/lib/python3.10/site-packages/cellpose/dynamics.py", line 913, in compute_masks
    mask = remove_bad_flow_masks(mask, dP, threshold=flow_threshold,
  File "/opt/anaconda3/envs/micro_gpu/lib/python3.10/site-packages/cellpose/dynamics.py", line 645, in remove_bad_flow_masks
    merrors, _ = metrics.flow_error(masks, flows, device0)
  File "/opt/anaconda3/envs/micro_gpu/lib/python3.10/site-packages/cellpose/metrics.py", line 256, in flow_error
    dP_masks = dynamics.masks_to_flows(maski, device=device)
  File "/opt/anaconda3/envs/micro_gpu/lib/python3.10/site-packages/cellpose/dynamics.py", line 356, in masks_to_flows
    mu, mu_c = masks_to_flows_device(masks, device=device, niter=niter)
  File "/opt/anaconda3/envs/micro_gpu/lib/python3.10/site-packages/cellpose/dynamics.py", line 184, in masks_to_flows_gpu
    mu = _extend_centers_gpu(neighbors, meds_p, isneighbor, shape, n_iter=n_iter,
  File "/opt/anaconda3/envs/micro_gpu/lib/python3.10/site-packages/cellpose/dynamics.py", line 71, in _extend_centers_gpu
    T = torch.zeros(shape, dtype=torch.double, device=device)
TypeError: Cannot convert a MPS Tensor to float64 dtype as the MPS framework doesn't support float64. Please use float32 instead.

2025-12-08 11:50:09,834 - root - INFO - Running Cellpose with flow_threshold=0.375, diameter=375, gpu=unknown
2025-12-08 11:50:10,969 - root - ERROR - Error during cellpose_max_cells evaluation: Cannot convert a MPS Tensor to float64 dtype as the MPS framework doesn't support float64. Please use float32 instead.
2025-12-08 11:50:10,969 - root - ERROR - Traceback (most recent call last):
  File "/Users/nzlab-la/Desktop/microlive/src/microscopy.py", line 1326, in run_cellpose
    masks = model.eval(
  File "/opt/anaconda3/envs/micro_gpu/lib/python3.10/site-packages/cellpose/denoise.py", line 583, in eval
    masks, flows, styles = self.cp.eval(
  File "/opt/anaconda3/envs/micro_gpu/lib/python3.10/site-packages/cellpose/models.py", line 534, in eval
    masks = self._compute_masks(x.shape, dP, cellprob, flow_threshold=flow_threshold,
  File "/opt/anaconda3/envs/micro_gpu/lib/python3.10/site-packages/cellpose/models.py", line 620, in _compute_masks
    outputs = dynamics.resize_and_compute_masks(
  File "/opt/anaconda3/envs/micro_gpu/lib/python3.10/site-packages/cellpose/dynamics.py", line 839, in resize_and_compute_masks
    mask = compute_masks(dP, cellprob, niter=niter,
  File "/opt/anaconda3/envs/micro_gpu/lib/python3.10/site-packages/cellpose/dynamics.py", line 913, in compute_masks
    mask = remove_bad_flow_masks(mask, dP, threshold=flow_threshold,
  File "/opt/anaconda3/envs/micro_gpu/lib/python3.10/site-packages/cellpose/dynamics.py", line 645, in remove_bad_flow_masks
    merrors, _ = metrics.flow_error(masks, flows, device0)
  File "/opt/anaconda3/envs/micro_gpu/lib/python3.10/site-packages/cellpose/metrics.py", line 256, in flow_error
    dP_masks = dynamics.masks_to_flows(maski, device=device)
  File "/opt/anaconda3/envs/micro_gpu/lib/python3.10/site-packages/cellpose/dynamics.py", line 356, in masks_to_flows
    mu, mu_c = masks_to_flows_device(masks, device=device, niter=niter)
  File "/opt/anaconda3/envs/micro_gpu/lib/python3.10/site-packages/cellpose/dynamics.py", line 184, in masks_to_flows_gpu
    mu = _extend_centers_gpu(neighbors, meds_p, isneighbor, shape, n_iter=n_iter,
  File "/opt/anaconda3/envs/micro_gpu/lib/python3.10/site-packages/cellpose/dynamics.py", line 71, in _extend_centers_gpu
    T = torch.zeros(shape, dtype=torch.double, device=device)
TypeError: Cannot convert a MPS Tensor to float64 dtype as the MPS framework doesn't support float64. Please use float32 instead.

2025-12-08 11:50:10,970 - root - INFO - Running Cellpose with flow_threshold=0.5, diameter=75, gpu=unknown
2025-12-08 11:50:11,261 - root - ERROR - Error during cellpose_max_cells evaluation: Cannot convert a MPS Tensor to float64 dtype as the MPS framework doesn't support float64. Please use float32 instead.
2025-12-08 11:50:11,262 - root - ERROR - Traceback (most recent call last):
  File "/Users/nzlab-la/Desktop/microlive/src/microscopy.py", line 1326, in run_cellpose
    masks = model.eval(
  File "/opt/anaconda3/envs/micro_gpu/lib/python3.10/site-packages/cellpose/denoise.py", line 583, in eval
    masks, flows, styles = self.cp.eval(
  File "/opt/anaconda3/envs/micro_gpu/lib/python3.10/site-packages/cellpose/models.py", line 534, in eval
    masks = self._compute_masks(x.shape, dP, cellprob, flow_threshold=flow_threshold,
  File "/opt/anaconda3/envs/micro_gpu/lib/python3.10/site-packages/cellpose/models.py", line 620, in _compute_masks
    outputs = dynamics.resize_and_compute_masks(
  File "/opt/anaconda3/envs/micro_gpu/lib/python3.10/site-packages/cellpose/dynamics.py", line 839, in resize_and_compute_masks
    mask = compute_masks(dP, cellprob, niter=niter,
  File "/opt/anaconda3/envs/micro_gpu/lib/python3.10/site-packages/cellpose/dynamics.py", line 913, in compute_masks
    mask = remove_bad_flow_masks(mask, dP, threshold=flow_threshold,
  File "/opt/anaconda3/envs/micro_gpu/lib/python3.10/site-packages/cellpose/dynamics.py", line 645, in remove_bad_flow_masks
    merrors, _ = metrics.flow_error(masks, flows, device0)
  File "/opt/anaconda3/envs/micro_gpu/lib/python3.10/site-packages/cellpose/metrics.py", line 256, in flow_error
    dP_masks = dynamics.masks_to_flows(maski, device=device)
  File "/opt/anaconda3/envs/micro_gpu/lib/python3.10/site-packages/cellpose/dynamics.py", line 356, in masks_to_flows
    mu, mu_c = masks_to_flows_device(masks, device=device, niter=niter)
  File "/opt/anaconda3/envs/micro_gpu/lib/python3.10/site-packages/cellpose/dynamics.py", line 184, in masks_to_flows_gpu
    mu = _extend_centers_gpu(neighbors, meds_p, isneighbor, shape, n_iter=n_iter,
  File "/opt/anaconda3/envs/micro_gpu/lib/python3.10/site-packages/cellpose/dynamics.py", line 71, in _extend_centers_gpu
    T = torch.zeros(shape, dtype=torch.double, device=device)
TypeError: Cannot convert a MPS Tensor to float64 dtype as the MPS framework doesn't support float64. Please use float32 instead.

2025-12-08 11:50:11,262 - root - INFO - Running Cellpose with flow_threshold=0.5, diameter=150, gpu=unknown
2025-12-08 11:50:12,018 - root - ERROR - Error during cellpose_max_cells evaluation: Cannot convert a MPS Tensor to float64 dtype as the MPS framework doesn't support float64. Please use float32 instead.
2025-12-08 11:50:12,018 - root - ERROR - Traceback (most recent call last):
  File "/Users/nzlab-la/Desktop/microlive/src/microscopy.py", line 1326, in run_cellpose
    masks = model.eval(
  File "/opt/anaconda3/envs/micro_gpu/lib/python3.10/site-packages/cellpose/denoise.py", line 583, in eval
    masks, flows, styles = self.cp.eval(
  File "/opt/anaconda3/envs/micro_gpu/lib/python3.10/site-packages/cellpose/models.py", line 534, in eval
    masks = self._compute_masks(x.shape, dP, cellprob, flow_threshold=flow_threshold,
  File "/opt/anaconda3/envs/micro_gpu/lib/python3.10/site-packages/cellpose/models.py", line 620, in _compute_masks
    outputs = dynamics.resize_and_compute_masks(
  File "/opt/anaconda3/envs/micro_gpu/lib/python3.10/site-packages/cellpose/dynamics.py", line 839, in resize_and_compute_masks
    mask = compute_masks(dP, cellprob, niter=niter,
  File "/opt/anaconda3/envs/micro_gpu/lib/python3.10/site-packages/cellpose/dynamics.py", line 913, in compute_masks
    mask = remove_bad_flow_masks(mask, dP, threshold=flow_threshold,
  File "/opt/anaconda3/envs/micro_gpu/lib/python3.10/site-packages/cellpose/dynamics.py", line 645, in remove_bad_flow_masks
    merrors, _ = metrics.flow_error(masks, flows, device0)
  File "/opt/anaconda3/envs/micro_gpu/lib/python3.10/site-packages/cellpose/metrics.py", line 256, in flow_error
    dP_masks = dynamics.masks_to_flows(maski, device=device)
  File "/opt/anaconda3/envs/micro_gpu/lib/python3.10/site-packages/cellpose/dynamics.py", line 356, in masks_to_flows
    mu, mu_c = masks_to_flows_device(masks, device=device, niter=niter)
  File "/opt/anaconda3/envs/micro_gpu/lib/python3.10/site-packages/cellpose/dynamics.py", line 184, in masks_to_flows_gpu
    mu = _extend_centers_gpu(neighbors, meds_p, isneighbor, shape, n_iter=n_iter,
  File "/opt/anaconda3/envs/micro_gpu/lib/python3.10/site-packages/cellpose/dynamics.py", line 71, in _extend_centers_gpu
    T = torch.zeros(shape, dtype=torch.double, device=device)
TypeError: Cannot convert a MPS Tensor to float64 dtype as the MPS framework doesn't support float64. Please use float32 instead.

2025-12-08 11:50:12,019 - root - INFO - Running Cellpose with flow_threshold=0.5, diameter=225, gpu=unknown
2025-12-08 11:50:12,865 - root - ERROR - Error during cellpose_max_cells evaluation: Cannot convert a MPS Tensor to float64 dtype as the MPS framework doesn't support float64. Please use float32 instead.
2025-12-08 11:50:12,865 - root - ERROR - Traceback (most recent call last):
  File "/Users/nzlab-la/Desktop/microlive/src/microscopy.py", line 1326, in run_cellpose
    masks = model.eval(
  File "/opt/anaconda3/envs/micro_gpu/lib/python3.10/site-packages/cellpose/denoise.py", line 583, in eval
    masks, flows, styles = self.cp.eval(
  File "/opt/anaconda3/envs/micro_gpu/lib/python3.10/site-packages/cellpose/models.py", line 534, in eval
    masks = self._compute_masks(x.shape, dP, cellprob, flow_threshold=flow_threshold,
  File "/opt/anaconda3/envs/micro_gpu/lib/python3.10/site-packages/cellpose/models.py", line 620, in _compute_masks
    outputs = dynamics.resize_and_compute_masks(
  File "/opt/anaconda3/envs/micro_gpu/lib/python3.10/site-packages/cellpose/dynamics.py", line 839, in resize_and_compute_masks
    mask = compute_masks(dP, cellprob, niter=niter,
  File "/opt/anaconda3/envs/micro_gpu/lib/python3.10/site-packages/cellpose/dynamics.py", line 913, in compute_masks
    mask = remove_bad_flow_masks(mask, dP, threshold=flow_threshold,
  File "/opt/anaconda3/envs/micro_gpu/lib/python3.10/site-packages/cellpose/dynamics.py", line 645, in remove_bad_flow_masks
    merrors, _ = metrics.flow_error(masks, flows, device0)
  File "/opt/anaconda3/envs/micro_gpu/lib/python3.10/site-packages/cellpose/metrics.py", line 256, in flow_error
    dP_masks = dynamics.masks_to_flows(maski, device=device)
  File "/opt/anaconda3/envs/micro_gpu/lib/python3.10/site-packages/cellpose/dynamics.py", line 356, in masks_to_flows
    mu, mu_c = masks_to_flows_device(masks, device=device, niter=niter)
  File "/opt/anaconda3/envs/micro_gpu/lib/python3.10/site-packages/cellpose/dynamics.py", line 184, in masks_to_flows_gpu
    mu = _extend_centers_gpu(neighbors, meds_p, isneighbor, shape, n_iter=n_iter,
  File "/opt/anaconda3/envs/micro_gpu/lib/python3.10/site-packages/cellpose/dynamics.py", line 71, in _extend_centers_gpu
    T = torch.zeros(shape, dtype=torch.double, device=device)
TypeError: Cannot convert a MPS Tensor to float64 dtype as the MPS framework doesn't support float64. Please use float32 instead.

2025-12-08 11:50:12,866 - root - INFO - Running Cellpose with flow_threshold=0.5, diameter=300, gpu=unknown
2025-12-08 11:50:14,016 - root - ERROR - Error during cellpose_max_cells evaluation: Cannot convert a MPS Tensor to float64 dtype as the MPS framework doesn't support float64. Please use float32 instead.
2025-12-08 11:50:14,016 - root - ERROR - Traceback (most recent call last):
  File "/Users/nzlab-la/Desktop/microlive/src/microscopy.py", line 1326, in run_cellpose
    masks = model.eval(
  File "/opt/anaconda3/envs/micro_gpu/lib/python3.10/site-packages/cellpose/denoise.py", line 583, in eval
    masks, flows, styles = self.cp.eval(
  File "/opt/anaconda3/envs/micro_gpu/lib/python3.10/site-packages/cellpose/models.py", line 534, in eval
    masks = self._compute_masks(x.shape, dP, cellprob, flow_threshold=flow_threshold,
  File "/opt/anaconda3/envs/micro_gpu/lib/python3.10/site-packages/cellpose/models.py", line 620, in _compute_masks
    outputs = dynamics.resize_and_compute_masks(
  File "/opt/anaconda3/envs/micro_gpu/lib/python3.10/site-packages/cellpose/dynamics.py", line 839, in resize_and_compute_masks
    mask = compute_masks(dP, cellprob, niter=niter,
  File "/opt/anaconda3/envs/micro_gpu/lib/python3.10/site-packages/cellpose/dynamics.py", line 913, in compute_masks
    mask = remove_bad_flow_masks(mask, dP, threshold=flow_threshold,
  File "/opt/anaconda3/envs/micro_gpu/lib/python3.10/site-packages/cellpose/dynamics.py", line 645, in remove_bad_flow_masks
    merrors, _ = metrics.flow_error(masks, flows, device0)
  File "/opt/anaconda3/envs/micro_gpu/lib/python3.10/site-packages/cellpose/metrics.py", line 256, in flow_error
    dP_masks = dynamics.masks_to_flows(maski, device=device)
  File "/opt/anaconda3/envs/micro_gpu/lib/python3.10/site-packages/cellpose/dynamics.py", line 356, in masks_to_flows
    mu, mu_c = masks_to_flows_device(masks, device=device, niter=niter)
  File "/opt/anaconda3/envs/micro_gpu/lib/python3.10/site-packages/cellpose/dynamics.py", line 184, in masks_to_flows_gpu
    mu = _extend_centers_gpu(neighbors, meds_p, isneighbor, shape, n_iter=n_iter,
  File "/opt/anaconda3/envs/micro_gpu/lib/python3.10/site-packages/cellpose/dynamics.py", line 71, in _extend_centers_gpu
    T = torch.zeros(shape, dtype=torch.double, device=device)
TypeError: Cannot convert a MPS Tensor to float64 dtype as the MPS framework doesn't support float64. Please use float32 instead.

2025-12-08 11:50:14,017 - root - INFO - Running Cellpose with flow_threshold=0.5, diameter=375, gpu=unknown
2025-12-08 11:50:15,195 - root - ERROR - Error during cellpose_max_cells evaluation: Cannot convert a MPS Tensor to float64 dtype as the MPS framework doesn't support float64. Please use float32 instead.
2025-12-08 11:50:15,195 - root - ERROR - Traceback (most recent call last):
  File "/Users/nzlab-la/Desktop/microlive/src/microscopy.py", line 1326, in run_cellpose
    masks = model.eval(
  File "/opt/anaconda3/envs/micro_gpu/lib/python3.10/site-packages/cellpose/denoise.py", line 583, in eval
    masks, flows, styles = self.cp.eval(
  File "/opt/anaconda3/envs/micro_gpu/lib/python3.10/site-packages/cellpose/models.py", line 534, in eval
    masks = self._compute_masks(x.shape, dP, cellprob, flow_threshold=flow_threshold,
  File "/opt/anaconda3/envs/micro_gpu/lib/python3.10/site-packages/cellpose/models.py", line 620, in _compute_masks
    outputs = dynamics.resize_and_compute_masks(
  File "/opt/anaconda3/envs/micro_gpu/lib/python3.10/site-packages/cellpose/dynamics.py", line 839, in resize_and_compute_masks
    mask = compute_masks(dP, cellprob, niter=niter,
  File "/opt/anaconda3/envs/micro_gpu/lib/python3.10/site-packages/cellpose/dynamics.py", line 913, in compute_masks
    mask = remove_bad_flow_masks(mask, dP, threshold=flow_threshold,
  File "/opt/anaconda3/envs/micro_gpu/lib/python3.10/site-packages/cellpose/dynamics.py", line 645, in remove_bad_flow_masks
    merrors, _ = metrics.flow_error(masks, flows, device0)
  File "/opt/anaconda3/envs/micro_gpu/lib/python3.10/site-packages/cellpose/metrics.py", line 256, in flow_error
    dP_masks = dynamics.masks_to_flows(maski, device=device)
  File "/opt/anaconda3/envs/micro_gpu/lib/python3.10/site-packages/cellpose/dynamics.py", line 356, in masks_to_flows
    mu, mu_c = masks_to_flows_device(masks, device=device, niter=niter)
  File "/opt/anaconda3/envs/micro_gpu/lib/python3.10/site-packages/cellpose/dynamics.py", line 184, in masks_to_flows_gpu
    mu = _extend_centers_gpu(neighbors, meds_p, isneighbor, shape, n_iter=n_iter,
  File "/opt/anaconda3/envs/micro_gpu/lib/python3.10/site-packages/cellpose/dynamics.py", line 71, in _extend_centers_gpu
    T = torch.zeros(shape, dtype=torch.double, device=device)
TypeError: Cannot convert a MPS Tensor to float64 dtype as the MPS framework doesn't support float64. Please use float32 instead.

2025-12-08 11:50:18,973 - cellpose.core - INFO - ** TORCH MPS version installed and working. **
2025-12-08 11:50:18,974 - cellpose.core - INFO - >>>> using GPU (MPS)
2025-12-08 11:50:18,974 - cellpose.models - INFO - >> nuclei << model set to be used
2025-12-08 11:50:19,042 - cellpose.models - INFO - >>>> loading model /Users/nzlab-la/.cellpose/models/nucleitorch_0
2025-12-08 11:50:19,111 - cellpose.models - INFO - >>>> model diam_mean =  17.000 (ROIs rescaled to this size during training)
2025-12-08 11:50:19,112 - root - INFO - Running Cellpose with flow_threshold=0.0, diameter=50, gpu=True
2025-12-08 11:50:19,112 - cellpose.models - INFO - channels set to [0, 0]
2025-12-08 11:50:19,112 - cellpose.models - INFO - ~~~ FINDING MASKS ~~~
2025-12-08 11:50:19,374 - cellpose.models - INFO - >>>> TOTAL TIME 0.26 sec
2025-12-08 11:50:19,374 - root - INFO - Cellpose eval finished. Masks max: 4
2025-12-08 11:50:19,377 - root - INFO - Running Cellpose with flow_threshold=0.0, diameter=100, gpu=True
2025-12-08 11:50:19,377 - cellpose.models - INFO - channels set to [0, 0]
2025-12-08 11:50:19,377 - cellpose.models - INFO - ~~~ FINDING MASKS ~~~
2025-12-08 11:50:19,638 - cellpose.models - INFO - >>>> TOTAL TIME 0.26 sec
2025-12-08 11:50:19,638 - root - INFO - Cellpose eval finished. Masks max: 8
2025-12-08 11:50:19,644 - root - INFO - Running Cellpose with flow_threshold=0.0, diameter=150, gpu=True
2025-12-08 11:50:19,644 - cellpose.models - INFO - channels set to [0, 0]
2025-12-08 11:50:19,644 - cellpose.models - INFO - ~~~ FINDING MASKS ~~~
2025-12-08 11:50:19,967 - cellpose.models - INFO - >>>> TOTAL TIME 0.32 sec
2025-12-08 11:50:19,967 - root - INFO - Cellpose eval finished. Masks max: 8
2025-12-08 11:50:19,973 - root - INFO - Running Cellpose with flow_threshold=0.0, diameter=200, gpu=True
2025-12-08 11:50:19,973 - cellpose.models - INFO - channels set to [0, 0]
2025-12-08 11:50:19,973 - cellpose.models - INFO - ~~~ FINDING MASKS ~~~
2025-12-08 11:50:20,242 - cellpose.models - INFO - >>>> TOTAL TIME 0.27 sec
2025-12-08 11:50:20,242 - root - INFO - Cellpose eval finished. Masks max: 6
2025-12-08 11:50:20,247 - root - INFO - Running Cellpose with flow_threshold=0.0, diameter=250, gpu=True
2025-12-08 11:50:20,247 - cellpose.models - INFO - channels set to [0, 0]
2025-12-08 11:50:20,247 - cellpose.models - INFO - ~~~ FINDING MASKS ~~~
2025-12-08 11:50:20,673 - cellpose.models - INFO - >>>> TOTAL TIME 0.43 sec
2025-12-08 11:50:20,673 - root - INFO - Cellpose eval finished. Masks max: 3
2025-12-08 11:50:20,676 - root - INFO - Running Cellpose with flow_threshold=0.125, diameter=50, gpu=True
2025-12-08 11:50:20,677 - cellpose.models - INFO - channels set to [0, 0]
2025-12-08 11:50:20,677 - cellpose.models - INFO - ~~~ FINDING MASKS ~~~
2025-12-08 11:50:20,845 - root - ERROR - Error during cellpose_max_cells evaluation: Cannot convert a MPS Tensor to float64 dtype as the MPS framework doesn't support float64. Please use float32 instead.
2025-12-08 11:50:20,846 - root - ERROR - Traceback (most recent call last):
  File "/Users/nzlab-la/Desktop/microlive/src/microscopy.py", line 1326, in run_cellpose
    masks = model.eval(
  File "/opt/anaconda3/envs/micro_gpu/lib/python3.10/site-packages/cellpose/models.py", line 210, in eval
    masks, flows, styles = self.cp.eval(x, channels=channels,
  File "/opt/anaconda3/envs/micro_gpu/lib/python3.10/site-packages/cellpose/models.py", line 534, in eval
    masks = self._compute_masks(x.shape, dP, cellprob, flow_threshold=flow_threshold,
  File "/opt/anaconda3/envs/micro_gpu/lib/python3.10/site-packages/cellpose/models.py", line 620, in _compute_masks
    outputs = dynamics.resize_and_compute_masks(
  File "/opt/anaconda3/envs/micro_gpu/lib/python3.10/site-packages/cellpose/dynamics.py", line 839, in resize_and_compute_masks
    mask = compute_masks(dP, cellprob, niter=niter,
  File "/opt/anaconda3/envs/micro_gpu/lib/python3.10/site-packages/cellpose/dynamics.py", line 913, in compute_masks
    mask = remove_bad_flow_masks(mask, dP, threshold=flow_threshold,
  File "/opt/anaconda3/envs/micro_gpu/lib/python3.10/site-packages/cellpose/dynamics.py", line 645, in remove_bad_flow_masks
    merrors, _ = metrics.flow_error(masks, flows, device0)
  File "/opt/anaconda3/envs/micro_gpu/lib/python3.10/site-packages/cellpose/metrics.py", line 256, in flow_error
    dP_masks = dynamics.masks_to_flows(maski, device=device)
  File "/opt/anaconda3/envs/micro_gpu/lib/python3.10/site-packages/cellpose/dynamics.py", line 356, in masks_to_flows
    mu, mu_c = masks_to_flows_device(masks, device=device, niter=niter)
  File "/opt/anaconda3/envs/micro_gpu/lib/python3.10/site-packages/cellpose/dynamics.py", line 184, in masks_to_flows_gpu
    mu = _extend_centers_gpu(neighbors, meds_p, isneighbor, shape, n_iter=n_iter,
  File "/opt/anaconda3/envs/micro_gpu/lib/python3.10/site-packages/cellpose/dynamics.py", line 71, in _extend_centers_gpu
    T = torch.zeros(shape, dtype=torch.double, device=device)
TypeError: Cannot convert a MPS Tensor to float64 dtype as the MPS framework doesn't support float64. Please use float32 instead.

2025-12-08 11:50:20,846 - root - INFO - Running Cellpose with flow_threshold=0.125, diameter=100, gpu=True
2025-12-08 11:50:20,846 - cellpose.models - INFO - channels set to [0, 0]
2025-12-08 11:50:20,846 - cellpose.models - INFO - ~~~ FINDING MASKS ~~~
2025-12-08 11:50:21,004 - root - ERROR - Error during cellpose_max_cells evaluation: Cannot convert a MPS Tensor to float64 dtype as the MPS framework doesn't support float64. Please use float32 instead.
2025-12-08 11:50:21,004 - root - ERROR - Traceback (most recent call last):
  File "/Users/nzlab-la/Desktop/microlive/src/microscopy.py", line 1326, in run_cellpose
    masks = model.eval(
  File "/opt/anaconda3/envs/micro_gpu/lib/python3.10/site-packages/cellpose/models.py", line 210, in eval
    masks, flows, styles = self.cp.eval(x, channels=channels,
  File "/opt/anaconda3/envs/micro_gpu/lib/python3.10/site-packages/cellpose/models.py", line 534, in eval
    masks = self._compute_masks(x.shape, dP, cellprob, flow_threshold=flow_threshold,
  File "/opt/anaconda3/envs/micro_gpu/lib/python3.10/site-packages/cellpose/models.py", line 620, in _compute_masks
    outputs = dynamics.resize_and_compute_masks(
  File "/opt/anaconda3/envs/micro_gpu/lib/python3.10/site-packages/cellpose/dynamics.py", line 839, in resize_and_compute_masks
    mask = compute_masks(dP, cellprob, niter=niter,
  File "/opt/anaconda3/envs/micro_gpu/lib/python3.10/site-packages/cellpose/dynamics.py", line 913, in compute_masks
    mask = remove_bad_flow_masks(mask, dP, threshold=flow_threshold,
  File "/opt/anaconda3/envs/micro_gpu/lib/python3.10/site-packages/cellpose/dynamics.py", line 645, in remove_bad_flow_masks
    merrors, _ = metrics.flow_error(masks, flows, device0)
  File "/opt/anaconda3/envs/micro_gpu/lib/python3.10/site-packages/cellpose/metrics.py", line 256, in flow_error
    dP_masks = dynamics.masks_to_flows(maski, device=device)
  File "/opt/anaconda3/envs/micro_gpu/lib/python3.10/site-packages/cellpose/dynamics.py", line 356, in masks_to_flows
    mu, mu_c = masks_to_flows_device(masks, device=device, niter=niter)
  File "/opt/anaconda3/envs/micro_gpu/lib/python3.10/site-packages/cellpose/dynamics.py", line 184, in masks_to_flows_gpu
    mu = _extend_centers_gpu(neighbors, meds_p, isneighbor, shape, n_iter=n_iter,
  File "/opt/anaconda3/envs/micro_gpu/lib/python3.10/site-packages/cellpose/dynamics.py", line 71, in _extend_centers_gpu
    T = torch.zeros(shape, dtype=torch.double, device=device)
TypeError: Cannot convert a MPS Tensor to float64 dtype as the MPS framework doesn't support float64. Please use float32 instead.

2025-12-08 11:50:21,005 - root - INFO - Running Cellpose with flow_threshold=0.125, diameter=150, gpu=True
2025-12-08 11:50:21,005 - cellpose.models - INFO - channels set to [0, 0]
2025-12-08 11:50:21,005 - cellpose.models - INFO - ~~~ FINDING MASKS ~~~
2025-12-08 11:50:21,210 - root - ERROR - Error during cellpose_max_cells evaluation: Cannot convert a MPS Tensor to float64 dtype as the MPS framework doesn't support float64. Please use float32 instead.
2025-12-08 11:50:21,211 - root - ERROR - Traceback (most recent call last):
  File "/Users/nzlab-la/Desktop/microlive/src/microscopy.py", line 1326, in run_cellpose
    masks = model.eval(
  File "/opt/anaconda3/envs/micro_gpu/lib/python3.10/site-packages/cellpose/models.py", line 210, in eval
    masks, flows, styles = self.cp.eval(x, channels=channels,
  File "/opt/anaconda3/envs/micro_gpu/lib/python3.10/site-packages/cellpose/models.py", line 534, in eval
    masks = self._compute_masks(x.shape, dP, cellprob, flow_threshold=flow_threshold,
  File "/opt/anaconda3/envs/micro_gpu/lib/python3.10/site-packages/cellpose/models.py", line 620, in _compute_masks
    outputs = dynamics.resize_and_compute_masks(
  File "/opt/anaconda3/envs/micro_gpu/lib/python3.10/site-packages/cellpose/dynamics.py", line 839, in resize_and_compute_masks
    mask = compute_masks(dP, cellprob, niter=niter,
  File "/opt/anaconda3/envs/micro_gpu/lib/python3.10/site-packages/cellpose/dynamics.py", line 913, in compute_masks
    mask = remove_bad_flow_masks(mask, dP, threshold=flow_threshold,
  File "/opt/anaconda3/envs/micro_gpu/lib/python3.10/site-packages/cellpose/dynamics.py", line 645, in remove_bad_flow_masks
    merrors, _ = metrics.flow_error(masks, flows, device0)
  File "/opt/anaconda3/envs/micro_gpu/lib/python3.10/site-packages/cellpose/metrics.py", line 256, in flow_error
    dP_masks = dynamics.masks_to_flows(maski, device=device)
  File "/opt/anaconda3/envs/micro_gpu/lib/python3.10/site-packages/cellpose/dynamics.py", line 356, in masks_to_flows
    mu, mu_c = masks_to_flows_device(masks, device=device, niter=niter)
  File "/opt/anaconda3/envs/micro_gpu/lib/python3.10/site-packages/cellpose/dynamics.py", line 184, in masks_to_flows_gpu
    mu = _extend_centers_gpu(neighbors, meds_p, isneighbor, shape, n_iter=n_iter,
  File "/opt/anaconda3/envs/micro_gpu/lib/python3.10/site-packages/cellpose/dynamics.py", line 71, in _extend_centers_gpu
    T = torch.zeros(shape, dtype=torch.double, device=device)
TypeError: Cannot convert a MPS Tensor to float64 dtype as the MPS framework doesn't support float64. Please use float32 instead.

2025-12-08 11:50:21,212 - root - INFO - Running Cellpose with flow_threshold=0.125, diameter=200, gpu=True
2025-12-08 11:50:21,212 - cellpose.models - INFO - channels set to [0, 0]
2025-12-08 11:50:21,212 - cellpose.models - INFO - ~~~ FINDING MASKS ~~~
2025-12-08 11:50:21,448 - root - ERROR - Error during cellpose_max_cells evaluation: Cannot convert a MPS Tensor to float64 dtype as the MPS framework doesn't support float64. Please use float32 instead.
2025-12-08 11:50:21,448 - root - ERROR - Traceback (most recent call last):
  File "/Users/nzlab-la/Desktop/microlive/src/microscopy.py", line 1326, in run_cellpose
    masks = model.eval(
  File "/opt/anaconda3/envs/micro_gpu/lib/python3.10/site-packages/cellpose/models.py", line 210, in eval
    masks, flows, styles = self.cp.eval(x, channels=channels,
  File "/opt/anaconda3/envs/micro_gpu/lib/python3.10/site-packages/cellpose/models.py", line 534, in eval
    masks = self._compute_masks(x.shape, dP, cellprob, flow_threshold=flow_threshold,
  File "/opt/anaconda3/envs/micro_gpu/lib/python3.10/site-packages/cellpose/models.py", line 620, in _compute_masks
    outputs = dynamics.resize_and_compute_masks(
  File "/opt/anaconda3/envs/micro_gpu/lib/python3.10/site-packages/cellpose/dynamics.py", line 839, in resize_and_compute_masks
    mask = compute_masks(dP, cellprob, niter=niter,
  File "/opt/anaconda3/envs/micro_gpu/lib/python3.10/site-packages/cellpose/dynamics.py", line 913, in compute_masks
    mask = remove_bad_flow_masks(mask, dP, threshold=flow_threshold,
  File "/opt/anaconda3/envs/micro_gpu/lib/python3.10/site-packages/cellpose/dynamics.py", line 645, in remove_bad_flow_masks
    merrors, _ = metrics.flow_error(masks, flows, device0)
  File "/opt/anaconda3/envs/micro_gpu/lib/python3.10/site-packages/cellpose/metrics.py", line 256, in flow_error
    dP_masks = dynamics.masks_to_flows(maski, device=device)
  File "/opt/anaconda3/envs/micro_gpu/lib/python3.10/site-packages/cellpose/dynamics.py", line 356, in masks_to_flows
    mu, mu_c = masks_to_flows_device(masks, device=device, niter=niter)
  File "/opt/anaconda3/envs/micro_gpu/lib/python3.10/site-packages/cellpose/dynamics.py", line 184, in masks_to_flows_gpu
    mu = _extend_centers_gpu(neighbors, meds_p, isneighbor, shape, n_iter=n_iter,
  File "/opt/anaconda3/envs/micro_gpu/lib/python3.10/site-packages/cellpose/dynamics.py", line 71, in _extend_centers_gpu
    T = torch.zeros(shape, dtype=torch.double, device=device)
TypeError: Cannot convert a MPS Tensor to float64 dtype as the MPS framework doesn't support float64. Please use float32 instead.

2025-12-08 11:50:21,449 - root - INFO - Running Cellpose with flow_threshold=0.125, diameter=250, gpu=True
2025-12-08 11:50:21,449 - cellpose.models - INFO - channels set to [0, 0]
2025-12-08 11:50:21,449 - cellpose.models - INFO - ~~~ FINDING MASKS ~~~
2025-12-08 11:50:21,749 - root - ERROR - Error during cellpose_max_cells evaluation: Cannot convert a MPS Tensor to float64 dtype as the MPS framework doesn't support float64. Please use float32 instead.
2025-12-08 11:50:21,749 - root - ERROR - Traceback (most recent call last):
  File "/Users/nzlab-la/Desktop/microlive/src/microscopy.py", line 1326, in run_cellpose
    masks = model.eval(
  File "/opt/anaconda3/envs/micro_gpu/lib/python3.10/site-packages/cellpose/models.py", line 210, in eval
    masks, flows, styles = self.cp.eval(x, channels=channels,
  File "/opt/anaconda3/envs/micro_gpu/lib/python3.10/site-packages/cellpose/models.py", line 534, in eval
    masks = self._compute_masks(x.shape, dP, cellprob, flow_threshold=flow_threshold,
  File "/opt/anaconda3/envs/micro_gpu/lib/python3.10/site-packages/cellpose/models.py", line 620, in _compute_masks
    outputs = dynamics.resize_and_compute_masks(
  File "/opt/anaconda3/envs/micro_gpu/lib/python3.10/site-packages/cellpose/dynamics.py", line 839, in resize_and_compute_masks
    mask = compute_masks(dP, cellprob, niter=niter,
  File "/opt/anaconda3/envs/micro_gpu/lib/python3.10/site-packages/cellpose/dynamics.py", line 913, in compute_masks
    mask = remove_bad_flow_masks(mask, dP, threshold=flow_threshold,
  File "/opt/anaconda3/envs/micro_gpu/lib/python3.10/site-packages/cellpose/dynamics.py", line 645, in remove_bad_flow_masks
    merrors, _ = metrics.flow_error(masks, flows, device0)
  File "/opt/anaconda3/envs/micro_gpu/lib/python3.10/site-packages/cellpose/metrics.py", line 256, in flow_error
    dP_masks = dynamics.masks_to_flows(maski, device=device)
  File "/opt/anaconda3/envs/micro_gpu/lib/python3.10/site-packages/cellpose/dynamics.py", line 356, in masks_to_flows
    mu, mu_c = masks_to_flows_device(masks, device=device, niter=niter)
  File "/opt/anaconda3/envs/micro_gpu/lib/python3.10/site-packages/cellpose/dynamics.py", line 184, in masks_to_flows_gpu
    mu = _extend_centers_gpu(neighbors, meds_p, isneighbor, shape, n_iter=n_iter,
  File "/opt/anaconda3/envs/micro_gpu/lib/python3.10/site-packages/cellpose/dynamics.py", line 71, in _extend_centers_gpu
    T = torch.zeros(shape, dtype=torch.double, device=device)
TypeError: Cannot convert a MPS Tensor to float64 dtype as the MPS framework doesn't support float64. Please use float32 instead.

2025-12-08 11:50:21,750 - root - INFO - Running Cellpose with flow_threshold=0.25, diameter=50, gpu=True
2025-12-08 11:50:21,750 - cellpose.models - INFO - channels set to [0, 0]
2025-12-08 11:50:21,750 - cellpose.models - INFO - ~~~ FINDING MASKS ~~~
2025-12-08 11:50:21,912 - root - ERROR - Error during cellpose_max_cells evaluation: Cannot convert a MPS Tensor to float64 dtype as the MPS framework doesn't support float64. Please use float32 instead.
2025-12-08 11:50:21,912 - root - ERROR - Traceback (most recent call last):
  File "/Users/nzlab-la/Desktop/microlive/src/microscopy.py", line 1326, in run_cellpose
    masks = model.eval(
  File "/opt/anaconda3/envs/micro_gpu/lib/python3.10/site-packages/cellpose/models.py", line 210, in eval
    masks, flows, styles = self.cp.eval(x, channels=channels,
  File "/opt/anaconda3/envs/micro_gpu/lib/python3.10/site-packages/cellpose/models.py", line 534, in eval
    masks = self._compute_masks(x.shape, dP, cellprob, flow_threshold=flow_threshold,
  File "/opt/anaconda3/envs/micro_gpu/lib/python3.10/site-packages/cellpose/models.py", line 620, in _compute_masks
    outputs = dynamics.resize_and_compute_masks(
  File "/opt/anaconda3/envs/micro_gpu/lib/python3.10/site-packages/cellpose/dynamics.py", line 839, in resize_and_compute_masks
    mask = compute_masks(dP, cellprob, niter=niter,
  File "/opt/anaconda3/envs/micro_gpu/lib/python3.10/site-packages/cellpose/dynamics.py", line 913, in compute_masks
    mask = remove_bad_flow_masks(mask, dP, threshold=flow_threshold,
  File "/opt/anaconda3/envs/micro_gpu/lib/python3.10/site-packages/cellpose/dynamics.py", line 645, in remove_bad_flow_masks
    merrors, _ = metrics.flow_error(masks, flows, device0)
  File "/opt/anaconda3/envs/micro_gpu/lib/python3.10/site-packages/cellpose/metrics.py", line 256, in flow_error
    dP_masks = dynamics.masks_to_flows(maski, device=device)
  File "/opt/anaconda3/envs/micro_gpu/lib/python3.10/site-packages/cellpose/dynamics.py", line 356, in masks_to_flows
    mu, mu_c = masks_to_flows_device(masks, device=device, niter=niter)
  File "/opt/anaconda3/envs/micro_gpu/lib/python3.10/site-packages/cellpose/dynamics.py", line 184, in masks_to_flows_gpu
    mu = _extend_centers_gpu(neighbors, meds_p, isneighbor, shape, n_iter=n_iter,
  File "/opt/anaconda3/envs/micro_gpu/lib/python3.10/site-packages/cellpose/dynamics.py", line 71, in _extend_centers_gpu
    T = torch.zeros(shape, dtype=torch.double, device=device)
TypeError: Cannot convert a MPS Tensor to float64 dtype as the MPS framework doesn't support float64. Please use float32 instead.

2025-12-08 11:50:21,914 - root - INFO - Running Cellpose with flow_threshold=0.25, diameter=100, gpu=True
2025-12-08 11:50:21,914 - cellpose.models - INFO - channels set to [0, 0]
2025-12-08 11:50:21,914 - cellpose.models - INFO - ~~~ FINDING MASKS ~~~
2025-12-08 11:50:22,069 - root - ERROR - Error during cellpose_max_cells evaluation: Cannot convert a MPS Tensor to float64 dtype as the MPS framework doesn't support float64. Please use float32 instead.
2025-12-08 11:50:22,069 - root - ERROR - Traceback (most recent call last):
  File "/Users/nzlab-la/Desktop/microlive/src/microscopy.py", line 1326, in run_cellpose
    masks = model.eval(
  File "/opt/anaconda3/envs/micro_gpu/lib/python3.10/site-packages/cellpose/models.py", line 210, in eval
    masks, flows, styles = self.cp.eval(x, channels=channels,
  File "/opt/anaconda3/envs/micro_gpu/lib/python3.10/site-packages/cellpose/models.py", line 534, in eval
    masks = self._compute_masks(x.shape, dP, cellprob, flow_threshold=flow_threshold,
  File "/opt/anaconda3/envs/micro_gpu/lib/python3.10/site-packages/cellpose/models.py", line 620, in _compute_masks
    outputs = dynamics.resize_and_compute_masks(
  File "/opt/anaconda3/envs/micro_gpu/lib/python3.10/site-packages/cellpose/dynamics.py", line 839, in resize_and_compute_masks
    mask = compute_masks(dP, cellprob, niter=niter,
  File "/opt/anaconda3/envs/micro_gpu/lib/python3.10/site-packages/cellpose/dynamics.py", line 913, in compute_masks
    mask = remove_bad_flow_masks(mask, dP, threshold=flow_threshold,
  File "/opt/anaconda3/envs/micro_gpu/lib/python3.10/site-packages/cellpose/dynamics.py", line 645, in remove_bad_flow_masks
    merrors, _ = metrics.flow_error(masks, flows, device0)
  File "/opt/anaconda3/envs/micro_gpu/lib/python3.10/site-packages/cellpose/metrics.py", line 256, in flow_error
    dP_masks = dynamics.masks_to_flows(maski, device=device)
  File "/opt/anaconda3/envs/micro_gpu/lib/python3.10/site-packages/cellpose/dynamics.py", line 356, in masks_to_flows
    mu, mu_c = masks_to_flows_device(masks, device=device, niter=niter)
  File "/opt/anaconda3/envs/micro_gpu/lib/python3.10/site-packages/cellpose/dynamics.py", line 184, in masks_to_flows_gpu
    mu = _extend_centers_gpu(neighbors, meds_p, isneighbor, shape, n_iter=n_iter,
  File "/opt/anaconda3/envs/micro_gpu/lib/python3.10/site-packages/cellpose/dynamics.py", line 71, in _extend_centers_gpu
    T = torch.zeros(shape, dtype=torch.double, device=device)
TypeError: Cannot convert a MPS Tensor to float64 dtype as the MPS framework doesn't support float64. Please use float32 instead.

2025-12-08 11:50:22,069 - root - INFO - Running Cellpose with flow_threshold=0.25, diameter=150, gpu=True
2025-12-08 11:50:22,069 - cellpose.models - INFO - channels set to [0, 0]
2025-12-08 11:50:22,069 - cellpose.models - INFO - ~~~ FINDING MASKS ~~~
2025-12-08 11:50:22,269 - root - ERROR - Error during cellpose_max_cells evaluation: Cannot convert a MPS Tensor to float64 dtype as the MPS framework doesn't support float64. Please use float32 instead.
2025-12-08 11:50:22,269 - root - ERROR - Traceback (most recent call last):
  File "/Users/nzlab-la/Desktop/microlive/src/microscopy.py", line 1326, in run_cellpose
    masks = model.eval(
  File "/opt/anaconda3/envs/micro_gpu/lib/python3.10/site-packages/cellpose/models.py", line 210, in eval
    masks, flows, styles = self.cp.eval(x, channels=channels,
  File "/opt/anaconda3/envs/micro_gpu/lib/python3.10/site-packages/cellpose/models.py", line 534, in eval
    masks = self._compute_masks(x.shape, dP, cellprob, flow_threshold=flow_threshold,
  File "/opt/anaconda3/envs/micro_gpu/lib/python3.10/site-packages/cellpose/models.py", line 620, in _compute_masks
    outputs = dynamics.resize_and_compute_masks(
  File "/opt/anaconda3/envs/micro_gpu/lib/python3.10/site-packages/cellpose/dynamics.py", line 839, in resize_and_compute_masks
    mask = compute_masks(dP, cellprob, niter=niter,
  File "/opt/anaconda3/envs/micro_gpu/lib/python3.10/site-packages/cellpose/dynamics.py", line 913, in compute_masks
    mask = remove_bad_flow_masks(mask, dP, threshold=flow_threshold,
  File "/opt/anaconda3/envs/micro_gpu/lib/python3.10/site-packages/cellpose/dynamics.py", line 645, in remove_bad_flow_masks
    merrors, _ = metrics.flow_error(masks, flows, device0)
  File "/opt/anaconda3/envs/micro_gpu/lib/python3.10/site-packages/cellpose/metrics.py", line 256, in flow_error
    dP_masks = dynamics.masks_to_flows(maski, device=device)
  File "/opt/anaconda3/envs/micro_gpu/lib/python3.10/site-packages/cellpose/dynamics.py", line 356, in masks_to_flows
    mu, mu_c = masks_to_flows_device(masks, device=device, niter=niter)
  File "/opt/anaconda3/envs/micro_gpu/lib/python3.10/site-packages/cellpose/dynamics.py", line 184, in masks_to_flows_gpu
    mu = _extend_centers_gpu(neighbors, meds_p, isneighbor, shape, n_iter=n_iter,
  File "/opt/anaconda3/envs/micro_gpu/lib/python3.10/site-packages/cellpose/dynamics.py", line 71, in _extend_centers_gpu
    T = torch.zeros(shape, dtype=torch.double, device=device)
TypeError: Cannot convert a MPS Tensor to float64 dtype as the MPS framework doesn't support float64. Please use float32 instead.

2025-12-08 11:50:22,270 - root - INFO - Running Cellpose with flow_threshold=0.25, diameter=200, gpu=True
2025-12-08 11:50:22,270 - cellpose.models - INFO - channels set to [0, 0]
2025-12-08 11:50:22,270 - cellpose.models - INFO - ~~~ FINDING MASKS ~~~
2025-12-08 11:50:22,507 - root - ERROR - Error during cellpose_max_cells evaluation: Cannot convert a MPS Tensor to float64 dtype as the MPS framework doesn't support float64. Please use float32 instead.
2025-12-08 11:50:22,507 - root - ERROR - Traceback (most recent call last):
  File "/Users/nzlab-la/Desktop/microlive/src/microscopy.py", line 1326, in run_cellpose
    masks = model.eval(
  File "/opt/anaconda3/envs/micro_gpu/lib/python3.10/site-packages/cellpose/models.py", line 210, in eval
    masks, flows, styles = self.cp.eval(x, channels=channels,
  File "/opt/anaconda3/envs/micro_gpu/lib/python3.10/site-packages/cellpose/models.py", line 534, in eval
    masks = self._compute_masks(x.shape, dP, cellprob, flow_threshold=flow_threshold,
  File "/opt/anaconda3/envs/micro_gpu/lib/python3.10/site-packages/cellpose/models.py", line 620, in _compute_masks
    outputs = dynamics.resize_and_compute_masks(
  File "/opt/anaconda3/envs/micro_gpu/lib/python3.10/site-packages/cellpose/dynamics.py", line 839, in resize_and_compute_masks
    mask = compute_masks(dP, cellprob, niter=niter,
  File "/opt/anaconda3/envs/micro_gpu/lib/python3.10/site-packages/cellpose/dynamics.py", line 913, in compute_masks
    mask = remove_bad_flow_masks(mask, dP, threshold=flow_threshold,
  File "/opt/anaconda3/envs/micro_gpu/lib/python3.10/site-packages/cellpose/dynamics.py", line 645, in remove_bad_flow_masks
    merrors, _ = metrics.flow_error(masks, flows, device0)
  File "/opt/anaconda3/envs/micro_gpu/lib/python3.10/site-packages/cellpose/metrics.py", line 256, in flow_error
    dP_masks = dynamics.masks_to_flows(maski, device=device)
  File "/opt/anaconda3/envs/micro_gpu/lib/python3.10/site-packages/cellpose/dynamics.py", line 356, in masks_to_flows
    mu, mu_c = masks_to_flows_device(masks, device=device, niter=niter)
  File "/opt/anaconda3/envs/micro_gpu/lib/python3.10/site-packages/cellpose/dynamics.py", line 184, in masks_to_flows_gpu
    mu = _extend_centers_gpu(neighbors, meds_p, isneighbor, shape, n_iter=n_iter,
  File "/opt/anaconda3/envs/micro_gpu/lib/python3.10/site-packages/cellpose/dynamics.py", line 71, in _extend_centers_gpu
    T = torch.zeros(shape, dtype=torch.double, device=device)
TypeError: Cannot convert a MPS Tensor to float64 dtype as the MPS framework doesn't support float64. Please use float32 instead.

2025-12-08 11:50:22,508 - root - INFO - Running Cellpose with flow_threshold=0.25, diameter=250, gpu=True
2025-12-08 11:50:22,508 - cellpose.models - INFO - channels set to [0, 0]
2025-12-08 11:50:22,508 - cellpose.models - INFO - ~~~ FINDING MASKS ~~~
2025-12-08 11:50:22,828 - root - ERROR - Error during cellpose_max_cells evaluation: Cannot convert a MPS Tensor to float64 dtype as the MPS framework doesn't support float64. Please use float32 instead.
2025-12-08 11:50:22,828 - root - ERROR - Traceback (most recent call last):
  File "/Users/nzlab-la/Desktop/microlive/src/microscopy.py", line 1326, in run_cellpose
    masks = model.eval(
  File "/opt/anaconda3/envs/micro_gpu/lib/python3.10/site-packages/cellpose/models.py", line 210, in eval
    masks, flows, styles = self.cp.eval(x, channels=channels,
  File "/opt/anaconda3/envs/micro_gpu/lib/python3.10/site-packages/cellpose/models.py", line 534, in eval
    masks = self._compute_masks(x.shape, dP, cellprob, flow_threshold=flow_threshold,
  File "/opt/anaconda3/envs/micro_gpu/lib/python3.10/site-packages/cellpose/models.py", line 620, in _compute_masks
    outputs = dynamics.resize_and_compute_masks(
  File "/opt/anaconda3/envs/micro_gpu/lib/python3.10/site-packages/cellpose/dynamics.py", line 839, in resize_and_compute_masks
    mask = compute_masks(dP, cellprob, niter=niter,
  File "/opt/anaconda3/envs/micro_gpu/lib/python3.10/site-packages/cellpose/dynamics.py", line 913, in compute_masks
    mask = remove_bad_flow_masks(mask, dP, threshold=flow_threshold,
  File "/opt/anaconda3/envs/micro_gpu/lib/python3.10/site-packages/cellpose/dynamics.py", line 645, in remove_bad_flow_masks
    merrors, _ = metrics.flow_error(masks, flows, device0)
  File "/opt/anaconda3/envs/micro_gpu/lib/python3.10/site-packages/cellpose/metrics.py", line 256, in flow_error
    dP_masks = dynamics.masks_to_flows(maski, device=device)
  File "/opt/anaconda3/envs/micro_gpu/lib/python3.10/site-packages/cellpose/dynamics.py", line 356, in masks_to_flows
    mu, mu_c = masks_to_flows_device(masks, device=device, niter=niter)
  File "/opt/anaconda3/envs/micro_gpu/lib/python3.10/site-packages/cellpose/dynamics.py", line 184, in masks_to_flows_gpu
    mu = _extend_centers_gpu(neighbors, meds_p, isneighbor, shape, n_iter=n_iter,
  File "/opt/anaconda3/envs/micro_gpu/lib/python3.10/site-packages/cellpose/dynamics.py", line 71, in _extend_centers_gpu
    T = torch.zeros(shape, dtype=torch.double, device=device)
TypeError: Cannot convert a MPS Tensor to float64 dtype as the MPS framework doesn't support float64. Please use float32 instead.

2025-12-08 11:50:22,829 - root - INFO - Running Cellpose with flow_threshold=0.375, diameter=50, gpu=True
2025-12-08 11:50:22,829 - cellpose.models - INFO - channels set to [0, 0]
2025-12-08 11:50:22,829 - cellpose.models - INFO - ~~~ FINDING MASKS ~~~
2025-12-08 11:50:22,992 - root - ERROR - Error during cellpose_max_cells evaluation: Cannot convert a MPS Tensor to float64 dtype as the MPS framework doesn't support float64. Please use float32 instead.
2025-12-08 11:50:22,993 - root - ERROR - Traceback (most recent call last):
  File "/Users/nzlab-la/Desktop/microlive/src/microscopy.py", line 1326, in run_cellpose
    masks = model.eval(
  File "/opt/anaconda3/envs/micro_gpu/lib/python3.10/site-packages/cellpose/models.py", line 210, in eval
    masks, flows, styles = self.cp.eval(x, channels=channels,
  File "/opt/anaconda3/envs/micro_gpu/lib/python3.10/site-packages/cellpose/models.py", line 534, in eval
    masks = self._compute_masks(x.shape, dP, cellprob, flow_threshold=flow_threshold,
  File "/opt/anaconda3/envs/micro_gpu/lib/python3.10/site-packages/cellpose/models.py", line 620, in _compute_masks
    outputs = dynamics.resize_and_compute_masks(
  File "/opt/anaconda3/envs/micro_gpu/lib/python3.10/site-packages/cellpose/dynamics.py", line 839, in resize_and_compute_masks
    mask = compute_masks(dP, cellprob, niter=niter,
  File "/opt/anaconda3/envs/micro_gpu/lib/python3.10/site-packages/cellpose/dynamics.py", line 913, in compute_masks
    mask = remove_bad_flow_masks(mask, dP, threshold=flow_threshold,
  File "/opt/anaconda3/envs/micro_gpu/lib/python3.10/site-packages/cellpose/dynamics.py", line 645, in remove_bad_flow_masks
    merrors, _ = metrics.flow_error(masks, flows, device0)
  File "/opt/anaconda3/envs/micro_gpu/lib/python3.10/site-packages/cellpose/metrics.py", line 256, in flow_error
    dP_masks = dynamics.masks_to_flows(maski, device=device)
  File "/opt/anaconda3/envs/micro_gpu/lib/python3.10/site-packages/cellpose/dynamics.py", line 356, in masks_to_flows
    mu, mu_c = masks_to_flows_device(masks, device=device, niter=niter)
  File "/opt/anaconda3/envs/micro_gpu/lib/python3.10/site-packages/cellpose/dynamics.py", line 184, in masks_to_flows_gpu
    mu = _extend_centers_gpu(neighbors, meds_p, isneighbor, shape, n_iter=n_iter,
  File "/opt/anaconda3/envs/micro_gpu/lib/python3.10/site-packages/cellpose/dynamics.py", line 71, in _extend_centers_gpu
    T = torch.zeros(shape, dtype=torch.double, device=device)
TypeError: Cannot convert a MPS Tensor to float64 dtype as the MPS framework doesn't support float64. Please use float32 instead.

2025-12-08 11:50:22,993 - root - INFO - Running Cellpose with flow_threshold=0.375, diameter=100, gpu=True
2025-12-08 11:50:22,993 - cellpose.models - INFO - channels set to [0, 0]
2025-12-08 11:50:22,993 - cellpose.models - INFO - ~~~ FINDING MASKS ~~~
2025-12-08 11:50:23,149 - root - ERROR - Error during cellpose_max_cells evaluation: Cannot convert a MPS Tensor to float64 dtype as the MPS framework doesn't support float64. Please use float32 instead.
2025-12-08 11:50:23,149 - root - ERROR - Traceback (most recent call last):
  File "/Users/nzlab-la/Desktop/microlive/src/microscopy.py", line 1326, in run_cellpose
    masks = model.eval(
  File "/opt/anaconda3/envs/micro_gpu/lib/python3.10/site-packages/cellpose/models.py", line 210, in eval
    masks, flows, styles = self.cp.eval(x, channels=channels,
  File "/opt/anaconda3/envs/micro_gpu/lib/python3.10/site-packages/cellpose/models.py", line 534, in eval
    masks = self._compute_masks(x.shape, dP, cellprob, flow_threshold=flow_threshold,
  File "/opt/anaconda3/envs/micro_gpu/lib/python3.10/site-packages/cellpose/models.py", line 620, in _compute_masks
    outputs = dynamics.resize_and_compute_masks(
  File "/opt/anaconda3/envs/micro_gpu/lib/python3.10/site-packages/cellpose/dynamics.py", line 839, in resize_and_compute_masks
    mask = compute_masks(dP, cellprob, niter=niter,
  File "/opt/anaconda3/envs/micro_gpu/lib/python3.10/site-packages/cellpose/dynamics.py", line 913, in compute_masks
    mask = remove_bad_flow_masks(mask, dP, threshold=flow_threshold,
  File "/opt/anaconda3/envs/micro_gpu/lib/python3.10/site-packages/cellpose/dynamics.py", line 645, in remove_bad_flow_masks
    merrors, _ = metrics.flow_error(masks, flows, device0)
  File "/opt/anaconda3/envs/micro_gpu/lib/python3.10/site-packages/cellpose/metrics.py", line 256, in flow_error
    dP_masks = dynamics.masks_to_flows(maski, device=device)
  File "/opt/anaconda3/envs/micro_gpu/lib/python3.10/site-packages/cellpose/dynamics.py", line 356, in masks_to_flows
    mu, mu_c = masks_to_flows_device(masks, device=device, niter=niter)
  File "/opt/anaconda3/envs/micro_gpu/lib/python3.10/site-packages/cellpose/dynamics.py", line 184, in masks_to_flows_gpu
    mu = _extend_centers_gpu(neighbors, meds_p, isneighbor, shape, n_iter=n_iter,
  File "/opt/anaconda3/envs/micro_gpu/lib/python3.10/site-packages/cellpose/dynamics.py", line 71, in _extend_centers_gpu
    T = torch.zeros(shape, dtype=torch.double, device=device)
TypeError: Cannot convert a MPS Tensor to float64 dtype as the MPS framework doesn't support float64. Please use float32 instead.

2025-12-08 11:50:23,150 - root - INFO - Running Cellpose with flow_threshold=0.375, diameter=150, gpu=True
2025-12-08 11:50:23,150 - cellpose.models - INFO - channels set to [0, 0]
2025-12-08 11:50:23,150 - cellpose.models - INFO - ~~~ FINDING MASKS ~~~
2025-12-08 11:50:23,348 - root - ERROR - Error during cellpose_max_cells evaluation: Cannot convert a MPS Tensor to float64 dtype as the MPS framework doesn't support float64. Please use float32 instead.
2025-12-08 11:50:23,348 - root - ERROR - Traceback (most recent call last):
  File "/Users/nzlab-la/Desktop/microlive/src/microscopy.py", line 1326, in run_cellpose
    masks = model.eval(
  File "/opt/anaconda3/envs/micro_gpu/lib/python3.10/site-packages/cellpose/models.py", line 210, in eval
    masks, flows, styles = self.cp.eval(x, channels=channels,
  File "/opt/anaconda3/envs/micro_gpu/lib/python3.10/site-packages/cellpose/models.py", line 534, in eval
    masks = self._compute_masks(x.shape, dP, cellprob, flow_threshold=flow_threshold,
  File "/opt/anaconda3/envs/micro_gpu/lib/python3.10/site-packages/cellpose/models.py", line 620, in _compute_masks
    outputs = dynamics.resize_and_compute_masks(
  File "/opt/anaconda3/envs/micro_gpu/lib/python3.10/site-packages/cellpose/dynamics.py", line 839, in resize_and_compute_masks
    mask = compute_masks(dP, cellprob, niter=niter,
  File "/opt/anaconda3/envs/micro_gpu/lib/python3.10/site-packages/cellpose/dynamics.py", line 913, in compute_masks
    mask = remove_bad_flow_masks(mask, dP, threshold=flow_threshold,
  File "/opt/anaconda3/envs/micro_gpu/lib/python3.10/site-packages/cellpose/dynamics.py", line 645, in remove_bad_flow_masks
    merrors, _ = metrics.flow_error(masks, flows, device0)
  File "/opt/anaconda3/envs/micro_gpu/lib/python3.10/site-packages/cellpose/metrics.py", line 256, in flow_error
    dP_masks = dynamics.masks_to_flows(maski, device=device)
  File "/opt/anaconda3/envs/micro_gpu/lib/python3.10/site-packages/cellpose/dynamics.py", line 356, in masks_to_flows
    mu, mu_c = masks_to_flows_device(masks, device=device, niter=niter)
  File "/opt/anaconda3/envs/micro_gpu/lib/python3.10/site-packages/cellpose/dynamics.py", line 184, in masks_to_flows_gpu
    mu = _extend_centers_gpu(neighbors, meds_p, isneighbor, shape, n_iter=n_iter,
  File "/opt/anaconda3/envs/micro_gpu/lib/python3.10/site-packages/cellpose/dynamics.py", line 71, in _extend_centers_gpu
    T = torch.zeros(shape, dtype=torch.double, device=device)
TypeError: Cannot convert a MPS Tensor to float64 dtype as the MPS framework doesn't support float64. Please use float32 instead.

2025-12-08 11:50:23,348 - root - INFO - Running Cellpose with flow_threshold=0.375, diameter=200, gpu=True
2025-12-08 11:50:23,348 - cellpose.models - INFO - channels set to [0, 0]
2025-12-08 11:50:23,348 - cellpose.models - INFO - ~~~ FINDING MASKS ~~~
2025-12-08 11:50:23,582 - root - ERROR - Error during cellpose_max_cells evaluation: Cannot convert a MPS Tensor to float64 dtype as the MPS framework doesn't support float64. Please use float32 instead.
2025-12-08 11:50:23,582 - root - ERROR - Traceback (most recent call last):
  File "/Users/nzlab-la/Desktop/microlive/src/microscopy.py", line 1326, in run_cellpose
    masks = model.eval(
  File "/opt/anaconda3/envs/micro_gpu/lib/python3.10/site-packages/cellpose/models.py", line 210, in eval
    masks, flows, styles = self.cp.eval(x, channels=channels,
  File "/opt/anaconda3/envs/micro_gpu/lib/python3.10/site-packages/cellpose/models.py", line 534, in eval
    masks = self._compute_masks(x.shape, dP, cellprob, flow_threshold=flow_threshold,
  File "/opt/anaconda3/envs/micro_gpu/lib/python3.10/site-packages/cellpose/models.py", line 620, in _compute_masks
    outputs = dynamics.resize_and_compute_masks(
  File "/opt/anaconda3/envs/micro_gpu/lib/python3.10/site-packages/cellpose/dynamics.py", line 839, in resize_and_compute_masks
    mask = compute_masks(dP, cellprob, niter=niter,
  File "/opt/anaconda3/envs/micro_gpu/lib/python3.10/site-packages/cellpose/dynamics.py", line 913, in compute_masks
    mask = remove_bad_flow_masks(mask, dP, threshold=flow_threshold,
  File "/opt/anaconda3/envs/micro_gpu/lib/python3.10/site-packages/cellpose/dynamics.py", line 645, in remove_bad_flow_masks
    merrors, _ = metrics.flow_error(masks, flows, device0)
  File "/opt/anaconda3/envs/micro_gpu/lib/python3.10/site-packages/cellpose/metrics.py", line 256, in flow_error
    dP_masks = dynamics.masks_to_flows(maski, device=device)
  File "/opt/anaconda3/envs/micro_gpu/lib/python3.10/site-packages/cellpose/dynamics.py", line 356, in masks_to_flows
    mu, mu_c = masks_to_flows_device(masks, device=device, niter=niter)
  File "/opt/anaconda3/envs/micro_gpu/lib/python3.10/site-packages/cellpose/dynamics.py", line 184, in masks_to_flows_gpu
    mu = _extend_centers_gpu(neighbors, meds_p, isneighbor, shape, n_iter=n_iter,
  File "/opt/anaconda3/envs/micro_gpu/lib/python3.10/site-packages/cellpose/dynamics.py", line 71, in _extend_centers_gpu
    T = torch.zeros(shape, dtype=torch.double, device=device)
TypeError: Cannot convert a MPS Tensor to float64 dtype as the MPS framework doesn't support float64. Please use float32 instead.

2025-12-08 11:50:23,583 - root - INFO - Running Cellpose with flow_threshold=0.375, diameter=250, gpu=True
2025-12-08 11:50:23,583 - cellpose.models - INFO - channels set to [0, 0]
2025-12-08 11:50:23,583 - cellpose.models - INFO - ~~~ FINDING MASKS ~~~
2025-12-08 11:50:23,879 - root - ERROR - Error during cellpose_max_cells evaluation: Cannot convert a MPS Tensor to float64 dtype as the MPS framework doesn't support float64. Please use float32 instead.
2025-12-08 11:50:23,879 - root - ERROR - Traceback (most recent call last):
  File "/Users/nzlab-la/Desktop/microlive/src/microscopy.py", line 1326, in run_cellpose
    masks = model.eval(
  File "/opt/anaconda3/envs/micro_gpu/lib/python3.10/site-packages/cellpose/models.py", line 210, in eval
    masks, flows, styles = self.cp.eval(x, channels=channels,
  File "/opt/anaconda3/envs/micro_gpu/lib/python3.10/site-packages/cellpose/models.py", line 534, in eval
    masks = self._compute_masks(x.shape, dP, cellprob, flow_threshold=flow_threshold,
  File "/opt/anaconda3/envs/micro_gpu/lib/python3.10/site-packages/cellpose/models.py", line 620, in _compute_masks
    outputs = dynamics.resize_and_compute_masks(
  File "/opt/anaconda3/envs/micro_gpu/lib/python3.10/site-packages/cellpose/dynamics.py", line 839, in resize_and_compute_masks
    mask = compute_masks(dP, cellprob, niter=niter,
  File "/opt/anaconda3/envs/micro_gpu/lib/python3.10/site-packages/cellpose/dynamics.py", line 913, in compute_masks
    mask = remove_bad_flow_masks(mask, dP, threshold=flow_threshold,
  File "/opt/anaconda3/envs/micro_gpu/lib/python3.10/site-packages/cellpose/dynamics.py", line 645, in remove_bad_flow_masks
    merrors, _ = metrics.flow_error(masks, flows, device0)
  File "/opt/anaconda3/envs/micro_gpu/lib/python3.10/site-packages/cellpose/metrics.py", line 256, in flow_error
    dP_masks = dynamics.masks_to_flows(maski, device=device)
  File "/opt/anaconda3/envs/micro_gpu/lib/python3.10/site-packages/cellpose/dynamics.py", line 356, in masks_to_flows
    mu, mu_c = masks_to_flows_device(masks, device=device, niter=niter)
  File "/opt/anaconda3/envs/micro_gpu/lib/python3.10/site-packages/cellpose/dynamics.py", line 184, in masks_to_flows_gpu
    mu = _extend_centers_gpu(neighbors, meds_p, isneighbor, shape, n_iter=n_iter,
  File "/opt/anaconda3/envs/micro_gpu/lib/python3.10/site-packages/cellpose/dynamics.py", line 71, in _extend_centers_gpu
    T = torch.zeros(shape, dtype=torch.double, device=device)
TypeError: Cannot convert a MPS Tensor to float64 dtype as the MPS framework doesn't support float64. Please use float32 instead.

2025-12-08 11:50:23,879 - root - INFO - Running Cellpose with flow_threshold=0.5, diameter=50, gpu=True
2025-12-08 11:50:23,879 - cellpose.models - INFO - channels set to [0, 0]
2025-12-08 11:50:23,879 - cellpose.models - INFO - ~~~ FINDING MASKS ~~~
2025-12-08 11:50:24,044 - root - ERROR - Error during cellpose_max_cells evaluation: Cannot convert a MPS Tensor to float64 dtype as the MPS framework doesn't support float64. Please use float32 instead.
2025-12-08 11:50:24,044 - root - ERROR - Traceback (most recent call last):
  File "/Users/nzlab-la/Desktop/microlive/src/microscopy.py", line 1326, in run_cellpose
    masks = model.eval(
  File "/opt/anaconda3/envs/micro_gpu/lib/python3.10/site-packages/cellpose/models.py", line 210, in eval
    masks, flows, styles = self.cp.eval(x, channels=channels,
  File "/opt/anaconda3/envs/micro_gpu/lib/python3.10/site-packages/cellpose/models.py", line 534, in eval
    masks = self._compute_masks(x.shape, dP, cellprob, flow_threshold=flow_threshold,
  File "/opt/anaconda3/envs/micro_gpu/lib/python3.10/site-packages/cellpose/models.py", line 620, in _compute_masks
    outputs = dynamics.resize_and_compute_masks(
  File "/opt/anaconda3/envs/micro_gpu/lib/python3.10/site-packages/cellpose/dynamics.py", line 839, in resize_and_compute_masks
    mask = compute_masks(dP, cellprob, niter=niter,
  File "/opt/anaconda3/envs/micro_gpu/lib/python3.10/site-packages/cellpose/dynamics.py", line 913, in compute_masks
    mask = remove_bad_flow_masks(mask, dP, threshold=flow_threshold,
  File "/opt/anaconda3/envs/micro_gpu/lib/python3.10/site-packages/cellpose/dynamics.py", line 645, in remove_bad_flow_masks
    merrors, _ = metrics.flow_error(masks, flows, device0)
  File "/opt/anaconda3/envs/micro_gpu/lib/python3.10/site-packages/cellpose/metrics.py", line 256, in flow_error
    dP_masks = dynamics.masks_to_flows(maski, device=device)
  File "/opt/anaconda3/envs/micro_gpu/lib/python3.10/site-packages/cellpose/dynamics.py", line 356, in masks_to_flows
    mu, mu_c = masks_to_flows_device(masks, device=device, niter=niter)
  File "/opt/anaconda3/envs/micro_gpu/lib/python3.10/site-packages/cellpose/dynamics.py", line 184, in masks_to_flows_gpu
    mu = _extend_centers_gpu(neighbors, meds_p, isneighbor, shape, n_iter=n_iter,
  File "/opt/anaconda3/envs/micro_gpu/lib/python3.10/site-packages/cellpose/dynamics.py", line 71, in _extend_centers_gpu
    T = torch.zeros(shape, dtype=torch.double, device=device)
TypeError: Cannot convert a MPS Tensor to float64 dtype as the MPS framework doesn't support float64. Please use float32 instead.

2025-12-08 11:50:24,045 - root - INFO - Running Cellpose with flow_threshold=0.5, diameter=100, gpu=True
2025-12-08 11:50:24,045 - cellpose.models - INFO - channels set to [0, 0]
2025-12-08 11:50:24,045 - cellpose.models - INFO - ~~~ FINDING MASKS ~~~
2025-12-08 11:50:24,196 - root - ERROR - Error during cellpose_max_cells evaluation: Cannot convert a MPS Tensor to float64 dtype as the MPS framework doesn't support float64. Please use float32 instead.
2025-12-08 11:50:24,196 - root - ERROR - Traceback (most recent call last):
  File "/Users/nzlab-la/Desktop/microlive/src/microscopy.py", line 1326, in run_cellpose
    masks = model.eval(
  File "/opt/anaconda3/envs/micro_gpu/lib/python3.10/site-packages/cellpose/models.py", line 210, in eval
    masks, flows, styles = self.cp.eval(x, channels=channels,
  File "/opt/anaconda3/envs/micro_gpu/lib/python3.10/site-packages/cellpose/models.py", line 534, in eval
    masks = self._compute_masks(x.shape, dP, cellprob, flow_threshold=flow_threshold,
  File "/opt/anaconda3/envs/micro_gpu/lib/python3.10/site-packages/cellpose/models.py", line 620, in _compute_masks
    outputs = dynamics.resize_and_compute_masks(
  File "/opt/anaconda3/envs/micro_gpu/lib/python3.10/site-packages/cellpose/dynamics.py", line 839, in resize_and_compute_masks
    mask = compute_masks(dP, cellprob, niter=niter,
  File "/opt/anaconda3/envs/micro_gpu/lib/python3.10/site-packages/cellpose/dynamics.py", line 913, in compute_masks
    mask = remove_bad_flow_masks(mask, dP, threshold=flow_threshold,
  File "/opt/anaconda3/envs/micro_gpu/lib/python3.10/site-packages/cellpose/dynamics.py", line 645, in remove_bad_flow_masks
    merrors, _ = metrics.flow_error(masks, flows, device0)
  File "/opt/anaconda3/envs/micro_gpu/lib/python3.10/site-packages/cellpose/metrics.py", line 256, in flow_error
    dP_masks = dynamics.masks_to_flows(maski, device=device)
  File "/opt/anaconda3/envs/micro_gpu/lib/python3.10/site-packages/cellpose/dynamics.py", line 356, in masks_to_flows
    mu, mu_c = masks_to_flows_device(masks, device=device, niter=niter)
  File "/opt/anaconda3/envs/micro_gpu/lib/python3.10/site-packages/cellpose/dynamics.py", line 184, in masks_to_flows_gpu
    mu = _extend_centers_gpu(neighbors, meds_p, isneighbor, shape, n_iter=n_iter,
  File "/opt/anaconda3/envs/micro_gpu/lib/python3.10/site-packages/cellpose/dynamics.py", line 71, in _extend_centers_gpu
    T = torch.zeros(shape, dtype=torch.double, device=device)
TypeError: Cannot convert a MPS Tensor to float64 dtype as the MPS framework doesn't support float64. Please use float32 instead.

2025-12-08 11:50:24,197 - root - INFO - Running Cellpose with flow_threshold=0.5, diameter=150, gpu=True
2025-12-08 11:50:24,197 - cellpose.models - INFO - channels set to [0, 0]
2025-12-08 11:50:24,197 - cellpose.models - INFO - ~~~ FINDING MASKS ~~~
2025-12-08 11:50:24,397 - root - ERROR - Error during cellpose_max_cells evaluation: Cannot convert a MPS Tensor to float64 dtype as the MPS framework doesn't support float64. Please use float32 instead.
2025-12-08 11:50:24,397 - root - ERROR - Traceback (most recent call last):
  File "/Users/nzlab-la/Desktop/microlive/src/microscopy.py", line 1326, in run_cellpose
    masks = model.eval(
  File "/opt/anaconda3/envs/micro_gpu/lib/python3.10/site-packages/cellpose/models.py", line 210, in eval
    masks, flows, styles = self.cp.eval(x, channels=channels,
  File "/opt/anaconda3/envs/micro_gpu/lib/python3.10/site-packages/cellpose/models.py", line 534, in eval
    masks = self._compute_masks(x.shape, dP, cellprob, flow_threshold=flow_threshold,
  File "/opt/anaconda3/envs/micro_gpu/lib/python3.10/site-packages/cellpose/models.py", line 620, in _compute_masks
    outputs = dynamics.resize_and_compute_masks(
  File "/opt/anaconda3/envs/micro_gpu/lib/python3.10/site-packages/cellpose/dynamics.py", line 839, in resize_and_compute_masks
    mask = compute_masks(dP, cellprob, niter=niter,
  File "/opt/anaconda3/envs/micro_gpu/lib/python3.10/site-packages/cellpose/dynamics.py", line 913, in compute_masks
    mask = remove_bad_flow_masks(mask, dP, threshold=flow_threshold,
  File "/opt/anaconda3/envs/micro_gpu/lib/python3.10/site-packages/cellpose/dynamics.py", line 645, in remove_bad_flow_masks
    merrors, _ = metrics.flow_error(masks, flows, device0)
  File "/opt/anaconda3/envs/micro_gpu/lib/python3.10/site-packages/cellpose/metrics.py", line 256, in flow_error
    dP_masks = dynamics.masks_to_flows(maski, device=device)
  File "/opt/anaconda3/envs/micro_gpu/lib/python3.10/site-packages/cellpose/dynamics.py", line 356, in masks_to_flows
    mu, mu_c = masks_to_flows_device(masks, device=device, niter=niter)
  File "/opt/anaconda3/envs/micro_gpu/lib/python3.10/site-packages/cellpose/dynamics.py", line 184, in masks_to_flows_gpu
    mu = _extend_centers_gpu(neighbors, meds_p, isneighbor, shape, n_iter=n_iter,
  File "/opt/anaconda3/envs/micro_gpu/lib/python3.10/site-packages/cellpose/dynamics.py", line 71, in _extend_centers_gpu
    T = torch.zeros(shape, dtype=torch.double, device=device)
TypeError: Cannot convert a MPS Tensor to float64 dtype as the MPS framework doesn't support float64. Please use float32 instead.

2025-12-08 11:50:24,397 - root - INFO - Running Cellpose with flow_threshold=0.5, diameter=200, gpu=True
2025-12-08 11:50:24,397 - cellpose.models - INFO - channels set to [0, 0]
2025-12-08 11:50:24,397 - cellpose.models - INFO - ~~~ FINDING MASKS ~~~
2025-12-08 11:50:24,627 - root - ERROR - Error during cellpose_max_cells evaluation: Cannot convert a MPS Tensor to float64 dtype as the MPS framework doesn't support float64. Please use float32 instead.
2025-12-08 11:50:24,627 - root - ERROR - Traceback (most recent call last):
  File "/Users/nzlab-la/Desktop/microlive/src/microscopy.py", line 1326, in run_cellpose
    masks = model.eval(
  File "/opt/anaconda3/envs/micro_gpu/lib/python3.10/site-packages/cellpose/models.py", line 210, in eval
    masks, flows, styles = self.cp.eval(x, channels=channels,
  File "/opt/anaconda3/envs/micro_gpu/lib/python3.10/site-packages/cellpose/models.py", line 534, in eval
    masks = self._compute_masks(x.shape, dP, cellprob, flow_threshold=flow_threshold,
  File "/opt/anaconda3/envs/micro_gpu/lib/python3.10/site-packages/cellpose/models.py", line 620, in _compute_masks
    outputs = dynamics.resize_and_compute_masks(
  File "/opt/anaconda3/envs/micro_gpu/lib/python3.10/site-packages/cellpose/dynamics.py", line 839, in resize_and_compute_masks
    mask = compute_masks(dP, cellprob, niter=niter,
  File "/opt/anaconda3/envs/micro_gpu/lib/python3.10/site-packages/cellpose/dynamics.py", line 913, in compute_masks
    mask = remove_bad_flow_masks(mask, dP, threshold=flow_threshold,
  File "/opt/anaconda3/envs/micro_gpu/lib/python3.10/site-packages/cellpose/dynamics.py", line 645, in remove_bad_flow_masks
    merrors, _ = metrics.flow_error(masks, flows, device0)
  File "/opt/anaconda3/envs/micro_gpu/lib/python3.10/site-packages/cellpose/metrics.py", line 256, in flow_error
    dP_masks = dynamics.masks_to_flows(maski, device=device)
  File "/opt/anaconda3/envs/micro_gpu/lib/python3.10/site-packages/cellpose/dynamics.py", line 356, in masks_to_flows
    mu, mu_c = masks_to_flows_device(masks, device=device, niter=niter)
  File "/opt/anaconda3/envs/micro_gpu/lib/python3.10/site-packages/cellpose/dynamics.py", line 184, in masks_to_flows_gpu
    mu = _extend_centers_gpu(neighbors, meds_p, isneighbor, shape, n_iter=n_iter,
  File "/opt/anaconda3/envs/micro_gpu/lib/python3.10/site-packages/cellpose/dynamics.py", line 71, in _extend_centers_gpu
    T = torch.zeros(shape, dtype=torch.double, device=device)
TypeError: Cannot convert a MPS Tensor to float64 dtype as the MPS framework doesn't support float64. Please use float32 instead.

2025-12-08 11:50:24,628 - root - INFO - Running Cellpose with flow_threshold=0.5, diameter=250, gpu=True
2025-12-08 11:50:24,628 - cellpose.models - INFO - channels set to [0, 0]
2025-12-08 11:50:24,628 - cellpose.models - INFO - ~~~ FINDING MASKS ~~~
2025-12-08 11:50:24,925 - root - ERROR - Error during cellpose_max_cells evaluation: Cannot convert a MPS Tensor to float64 dtype as the MPS framework doesn't support float64. Please use float32 instead.
2025-12-08 11:50:24,925 - root - ERROR - Traceback (most recent call last):
  File "/Users/nzlab-la/Desktop/microlive/src/microscopy.py", line 1326, in run_cellpose
    masks = model.eval(
  File "/opt/anaconda3/envs/micro_gpu/lib/python3.10/site-packages/cellpose/models.py", line 210, in eval
    masks, flows, styles = self.cp.eval(x, channels=channels,
  File "/opt/anaconda3/envs/micro_gpu/lib/python3.10/site-packages/cellpose/models.py", line 534, in eval
    masks = self._compute_masks(x.shape, dP, cellprob, flow_threshold=flow_threshold,
  File "/opt/anaconda3/envs/micro_gpu/lib/python3.10/site-packages/cellpose/models.py", line 620, in _compute_masks
    outputs = dynamics.resize_and_compute_masks(
  File "/opt/anaconda3/envs/micro_gpu/lib/python3.10/site-packages/cellpose/dynamics.py", line 839, in resize_and_compute_masks
    mask = compute_masks(dP, cellprob, niter=niter,
  File "/opt/anaconda3/envs/micro_gpu/lib/python3.10/site-packages/cellpose/dynamics.py", line 913, in compute_masks
    mask = remove_bad_flow_masks(mask, dP, threshold=flow_threshold,
  File "/opt/anaconda3/envs/micro_gpu/lib/python3.10/site-packages/cellpose/dynamics.py", line 645, in remove_bad_flow_masks
    merrors, _ = metrics.flow_error(masks, flows, device0)
  File "/opt/anaconda3/envs/micro_gpu/lib/python3.10/site-packages/cellpose/metrics.py", line 256, in flow_error
    dP_masks = dynamics.masks_to_flows(maski, device=device)
  File "/opt/anaconda3/envs/micro_gpu/lib/python3.10/site-packages/cellpose/dynamics.py", line 356, in masks_to_flows
    mu, mu_c = masks_to_flows_device(masks, device=device, niter=niter)
  File "/opt/anaconda3/envs/micro_gpu/lib/python3.10/site-packages/cellpose/dynamics.py", line 184, in masks_to_flows_gpu
    mu = _extend_centers_gpu(neighbors, meds_p, isneighbor, shape, n_iter=n_iter,
  File "/opt/anaconda3/envs/micro_gpu/lib/python3.10/site-packages/cellpose/dynamics.py", line 71, in _extend_centers_gpu
    T = torch.zeros(shape, dtype=torch.double, device=device)
TypeError: Cannot convert a MPS Tensor to float64 dtype as the MPS framework doesn't support float64. Please use float32 instead.

2025-12-08 11:50:35,302 - cellpose.denoise - INFO - >> denoise_cyto3 << model set to be used
2025-12-08 11:50:35,306 - cellpose.core - INFO - ** TORCH MPS version installed and working. **
2025-12-08 11:50:35,306 - cellpose.core - INFO - >>>> using GPU (MPS)
2025-12-08 11:50:35,435 - cellpose.denoise - INFO - >>>> model diam_mean =  30.000 (ROIs rescaled to this size during training)
2025-12-08 11:50:35,436 - cellpose.models - INFO - >> cyto3 << model set to be used
2025-12-08 11:50:35,437 - cellpose.core - INFO - ** TORCH MPS version installed and working. **
2025-12-08 11:50:35,437 - cellpose.core - INFO - >>>> using GPU (MPS)
2025-12-08 11:50:35,495 - cellpose.models - INFO - >>>> loading model /Users/nzlab-la/.cellpose/models/cyto3
2025-12-08 11:50:35,558 - cellpose.models - INFO - >>>> model diam_mean =  30.000 (ROIs rescaled to this size during training)
2025-12-08 11:50:35,559 - root - INFO - Running Cellpose with flow_threshold=0.0, diameter=30, gpu=unknown
2025-12-08 11:50:36,788 - root - INFO - Cellpose eval finished. Masks max: 15
2025-12-08 11:50:36,798 - root - INFO - Running Cellpose with flow_threshold=0.0, diameter=60, gpu=unknown
2025-12-08 11:50:37,120 - root - INFO - Cellpose eval finished. Masks max: 18
2025-12-08 11:50:37,134 - root - INFO - Running Cellpose with flow_threshold=0.0, diameter=90, gpu=unknown
2025-12-08 11:50:37,443 - root - INFO - Cellpose eval finished. Masks max: 17
2025-12-08 11:50:37,455 - root - INFO - Running Cellpose with flow_threshold=0.0, diameter=120, gpu=unknown
2025-12-08 11:50:37,819 - root - INFO - Cellpose eval finished. Masks max: 18
2025-12-08 11:50:37,830 - root - INFO - Running Cellpose with flow_threshold=0.0, diameter=150, gpu=unknown
2025-12-08 11:50:38,103 - root - INFO - Cellpose eval finished. Masks max: 20
2025-12-08 11:50:38,118 - root - INFO - Running Cellpose with flow_threshold=0.125, diameter=30, gpu=unknown
2025-12-08 11:50:38,863 - root - ERROR - Error during cellpose_max_cells evaluation: Cannot convert a MPS Tensor to float64 dtype as the MPS framework doesn't support float64. Please use float32 instead.
2025-12-08 11:50:38,864 - root - ERROR - Traceback (most recent call last):
  File "/Users/nzlab-la/Desktop/microlive/src/microscopy.py", line 1326, in run_cellpose
    masks = model.eval(
  File "/opt/anaconda3/envs/micro_gpu/lib/python3.10/site-packages/cellpose/denoise.py", line 583, in eval
    masks, flows, styles = self.cp.eval(
  File "/opt/anaconda3/envs/micro_gpu/lib/python3.10/site-packages/cellpose/models.py", line 534, in eval
    masks = self._compute_masks(x.shape, dP, cellprob, flow_threshold=flow_threshold,
  File "/opt/anaconda3/envs/micro_gpu/lib/python3.10/site-packages/cellpose/models.py", line 620, in _compute_masks
    outputs = dynamics.resize_and_compute_masks(
  File "/opt/anaconda3/envs/micro_gpu/lib/python3.10/site-packages/cellpose/dynamics.py", line 839, in resize_and_compute_masks
    mask = compute_masks(dP, cellprob, niter=niter,
  File "/opt/anaconda3/envs/micro_gpu/lib/python3.10/site-packages/cellpose/dynamics.py", line 913, in compute_masks
    mask = remove_bad_flow_masks(mask, dP, threshold=flow_threshold,
  File "/opt/anaconda3/envs/micro_gpu/lib/python3.10/site-packages/cellpose/dynamics.py", line 645, in remove_bad_flow_masks
    merrors, _ = metrics.flow_error(masks, flows, device0)
  File "/opt/anaconda3/envs/micro_gpu/lib/python3.10/site-packages/cellpose/metrics.py", line 256, in flow_error
    dP_masks = dynamics.masks_to_flows(maski, device=device)
  File "/opt/anaconda3/envs/micro_gpu/lib/python3.10/site-packages/cellpose/dynamics.py", line 356, in masks_to_flows
    mu, mu_c = masks_to_flows_device(masks, device=device, niter=niter)
  File "/opt/anaconda3/envs/micro_gpu/lib/python3.10/site-packages/cellpose/dynamics.py", line 184, in masks_to_flows_gpu
    mu = _extend_centers_gpu(neighbors, meds_p, isneighbor, shape, n_iter=n_iter,
  File "/opt/anaconda3/envs/micro_gpu/lib/python3.10/site-packages/cellpose/dynamics.py", line 71, in _extend_centers_gpu
    T = torch.zeros(shape, dtype=torch.double, device=device)
TypeError: Cannot convert a MPS Tensor to float64 dtype as the MPS framework doesn't support float64. Please use float32 instead.

2025-12-08 11:50:38,865 - root - INFO - Running Cellpose with flow_threshold=0.125, diameter=60, gpu=unknown
2025-12-08 11:50:39,152 - root - ERROR - Error during cellpose_max_cells evaluation: Cannot convert a MPS Tensor to float64 dtype as the MPS framework doesn't support float64. Please use float32 instead.
2025-12-08 11:50:39,152 - root - ERROR - Traceback (most recent call last):
  File "/Users/nzlab-la/Desktop/microlive/src/microscopy.py", line 1326, in run_cellpose
    masks = model.eval(
  File "/opt/anaconda3/envs/micro_gpu/lib/python3.10/site-packages/cellpose/denoise.py", line 583, in eval
    masks, flows, styles = self.cp.eval(
  File "/opt/anaconda3/envs/micro_gpu/lib/python3.10/site-packages/cellpose/models.py", line 534, in eval
    masks = self._compute_masks(x.shape, dP, cellprob, flow_threshold=flow_threshold,
  File "/opt/anaconda3/envs/micro_gpu/lib/python3.10/site-packages/cellpose/models.py", line 620, in _compute_masks
    outputs = dynamics.resize_and_compute_masks(
  File "/opt/anaconda3/envs/micro_gpu/lib/python3.10/site-packages/cellpose/dynamics.py", line 839, in resize_and_compute_masks
    mask = compute_masks(dP, cellprob, niter=niter,
  File "/opt/anaconda3/envs/micro_gpu/lib/python3.10/site-packages/cellpose/dynamics.py", line 913, in compute_masks
    mask = remove_bad_flow_masks(mask, dP, threshold=flow_threshold,
  File "/opt/anaconda3/envs/micro_gpu/lib/python3.10/site-packages/cellpose/dynamics.py", line 645, in remove_bad_flow_masks
    merrors, _ = metrics.flow_error(masks, flows, device0)
  File "/opt/anaconda3/envs/micro_gpu/lib/python3.10/site-packages/cellpose/metrics.py", line 256, in flow_error
    dP_masks = dynamics.masks_to_flows(maski, device=device)
  File "/opt/anaconda3/envs/micro_gpu/lib/python3.10/site-packages/cellpose/dynamics.py", line 356, in masks_to_flows
    mu, mu_c = masks_to_flows_device(masks, device=device, niter=niter)
  File "/opt/anaconda3/envs/micro_gpu/lib/python3.10/site-packages/cellpose/dynamics.py", line 184, in masks_to_flows_gpu
    mu = _extend_centers_gpu(neighbors, meds_p, isneighbor, shape, n_iter=n_iter,
  File "/opt/anaconda3/envs/micro_gpu/lib/python3.10/site-packages/cellpose/dynamics.py", line 71, in _extend_centers_gpu
    T = torch.zeros(shape, dtype=torch.double, device=device)
TypeError: Cannot convert a MPS Tensor to float64 dtype as the MPS framework doesn't support float64. Please use float32 instead.

2025-12-08 11:50:39,153 - root - INFO - Running Cellpose with flow_threshold=0.125, diameter=90, gpu=unknown
2025-12-08 11:50:39,409 - root - ERROR - Error during cellpose_max_cells evaluation: Cannot convert a MPS Tensor to float64 dtype as the MPS framework doesn't support float64. Please use float32 instead.
2025-12-08 11:50:39,409 - root - ERROR - Traceback (most recent call last):
  File "/Users/nzlab-la/Desktop/microlive/src/microscopy.py", line 1326, in run_cellpose
    masks = model.eval(
  File "/opt/anaconda3/envs/micro_gpu/lib/python3.10/site-packages/cellpose/denoise.py", line 583, in eval
    masks, flows, styles = self.cp.eval(
  File "/opt/anaconda3/envs/micro_gpu/lib/python3.10/site-packages/cellpose/models.py", line 534, in eval
    masks = self._compute_masks(x.shape, dP, cellprob, flow_threshold=flow_threshold,
  File "/opt/anaconda3/envs/micro_gpu/lib/python3.10/site-packages/cellpose/models.py", line 620, in _compute_masks
    outputs = dynamics.resize_and_compute_masks(
  File "/opt/anaconda3/envs/micro_gpu/lib/python3.10/site-packages/cellpose/dynamics.py", line 839, in resize_and_compute_masks
    mask = compute_masks(dP, cellprob, niter=niter,
  File "/opt/anaconda3/envs/micro_gpu/lib/python3.10/site-packages/cellpose/dynamics.py", line 913, in compute_masks
    mask = remove_bad_flow_masks(mask, dP, threshold=flow_threshold,
  File "/opt/anaconda3/envs/micro_gpu/lib/python3.10/site-packages/cellpose/dynamics.py", line 645, in remove_bad_flow_masks
    merrors, _ = metrics.flow_error(masks, flows, device0)
  File "/opt/anaconda3/envs/micro_gpu/lib/python3.10/site-packages/cellpose/metrics.py", line 256, in flow_error
    dP_masks = dynamics.masks_to_flows(maski, device=device)
  File "/opt/anaconda3/envs/micro_gpu/lib/python3.10/site-packages/cellpose/dynamics.py", line 356, in masks_to_flows
    mu, mu_c = masks_to_flows_device(masks, device=device, niter=niter)
  File "/opt/anaconda3/envs/micro_gpu/lib/python3.10/site-packages/cellpose/dynamics.py", line 184, in masks_to_flows_gpu
    mu = _extend_centers_gpu(neighbors, meds_p, isneighbor, shape, n_iter=n_iter,
  File "/opt/anaconda3/envs/micro_gpu/lib/python3.10/site-packages/cellpose/dynamics.py", line 71, in _extend_centers_gpu
    T = torch.zeros(shape, dtype=torch.double, device=device)
TypeError: Cannot convert a MPS Tensor to float64 dtype as the MPS framework doesn't support float64. Please use float32 instead.

2025-12-08 11:50:39,410 - root - INFO - Running Cellpose with flow_threshold=0.125, diameter=120, gpu=unknown
2025-12-08 11:50:39,621 - root - ERROR - Error during cellpose_max_cells evaluation: Cannot convert a MPS Tensor to float64 dtype as the MPS framework doesn't support float64. Please use float32 instead.
2025-12-08 11:50:39,622 - root - ERROR - Traceback (most recent call last):
  File "/Users/nzlab-la/Desktop/microlive/src/microscopy.py", line 1326, in run_cellpose
    masks = model.eval(
  File "/opt/anaconda3/envs/micro_gpu/lib/python3.10/site-packages/cellpose/denoise.py", line 583, in eval
    masks, flows, styles = self.cp.eval(
  File "/opt/anaconda3/envs/micro_gpu/lib/python3.10/site-packages/cellpose/models.py", line 534, in eval
    masks = self._compute_masks(x.shape, dP, cellprob, flow_threshold=flow_threshold,
  File "/opt/anaconda3/envs/micro_gpu/lib/python3.10/site-packages/cellpose/models.py", line 620, in _compute_masks
    outputs = dynamics.resize_and_compute_masks(
  File "/opt/anaconda3/envs/micro_gpu/lib/python3.10/site-packages/cellpose/dynamics.py", line 839, in resize_and_compute_masks
    mask = compute_masks(dP, cellprob, niter=niter,
  File "/opt/anaconda3/envs/micro_gpu/lib/python3.10/site-packages/cellpose/dynamics.py", line 913, in compute_masks
    mask = remove_bad_flow_masks(mask, dP, threshold=flow_threshold,
  File "/opt/anaconda3/envs/micro_gpu/lib/python3.10/site-packages/cellpose/dynamics.py", line 645, in remove_bad_flow_masks
    merrors, _ = metrics.flow_error(masks, flows, device0)
  File "/opt/anaconda3/envs/micro_gpu/lib/python3.10/site-packages/cellpose/metrics.py", line 256, in flow_error
    dP_masks = dynamics.masks_to_flows(maski, device=device)
  File "/opt/anaconda3/envs/micro_gpu/lib/python3.10/site-packages/cellpose/dynamics.py", line 356, in masks_to_flows
    mu, mu_c = masks_to_flows_device(masks, device=device, niter=niter)
  File "/opt/anaconda3/envs/micro_gpu/lib/python3.10/site-packages/cellpose/dynamics.py", line 184, in masks_to_flows_gpu
    mu = _extend_centers_gpu(neighbors, meds_p, isneighbor, shape, n_iter=n_iter,
  File "/opt/anaconda3/envs/micro_gpu/lib/python3.10/site-packages/cellpose/dynamics.py", line 71, in _extend_centers_gpu
    T = torch.zeros(shape, dtype=torch.double, device=device)
TypeError: Cannot convert a MPS Tensor to float64 dtype as the MPS framework doesn't support float64. Please use float32 instead.

2025-12-08 11:50:39,623 - root - INFO - Running Cellpose with flow_threshold=0.125, diameter=150, gpu=unknown
2025-12-08 11:50:39,855 - root - ERROR - Error during cellpose_max_cells evaluation: Cannot convert a MPS Tensor to float64 dtype as the MPS framework doesn't support float64. Please use float32 instead.
2025-12-08 11:50:39,856 - root - ERROR - Traceback (most recent call last):
  File "/Users/nzlab-la/Desktop/microlive/src/microscopy.py", line 1326, in run_cellpose
    masks = model.eval(
  File "/opt/anaconda3/envs/micro_gpu/lib/python3.10/site-packages/cellpose/denoise.py", line 583, in eval
    masks, flows, styles = self.cp.eval(
  File "/opt/anaconda3/envs/micro_gpu/lib/python3.10/site-packages/cellpose/models.py", line 534, in eval
    masks = self._compute_masks(x.shape, dP, cellprob, flow_threshold=flow_threshold,
  File "/opt/anaconda3/envs/micro_gpu/lib/python3.10/site-packages/cellpose/models.py", line 620, in _compute_masks
    outputs = dynamics.resize_and_compute_masks(
  File "/opt/anaconda3/envs/micro_gpu/lib/python3.10/site-packages/cellpose/dynamics.py", line 839, in resize_and_compute_masks
    mask = compute_masks(dP, cellprob, niter=niter,
  File "/opt/anaconda3/envs/micro_gpu/lib/python3.10/site-packages/cellpose/dynamics.py", line 913, in compute_masks
    mask = remove_bad_flow_masks(mask, dP, threshold=flow_threshold,
  File "/opt/anaconda3/envs/micro_gpu/lib/python3.10/site-packages/cellpose/dynamics.py", line 645, in remove_bad_flow_masks
    merrors, _ = metrics.flow_error(masks, flows, device0)
  File "/opt/anaconda3/envs/micro_gpu/lib/python3.10/site-packages/cellpose/metrics.py", line 256, in flow_error
    dP_masks = dynamics.masks_to_flows(maski, device=device)
  File "/opt/anaconda3/envs/micro_gpu/lib/python3.10/site-packages/cellpose/dynamics.py", line 356, in masks_to_flows
    mu, mu_c = masks_to_flows_device(masks, device=device, niter=niter)
  File "/opt/anaconda3/envs/micro_gpu/lib/python3.10/site-packages/cellpose/dynamics.py", line 184, in masks_to_flows_gpu
    mu = _extend_centers_gpu(neighbors, meds_p, isneighbor, shape, n_iter=n_iter,
  File "/opt/anaconda3/envs/micro_gpu/lib/python3.10/site-packages/cellpose/dynamics.py", line 71, in _extend_centers_gpu
    T = torch.zeros(shape, dtype=torch.double, device=device)
TypeError: Cannot convert a MPS Tensor to float64 dtype as the MPS framework doesn't support float64. Please use float32 instead.

2025-12-08 11:50:39,856 - root - INFO - Running Cellpose with flow_threshold=0.25, diameter=30, gpu=unknown
2025-12-08 11:50:40,604 - root - ERROR - Error during cellpose_max_cells evaluation: Cannot convert a MPS Tensor to float64 dtype as the MPS framework doesn't support float64. Please use float32 instead.
2025-12-08 11:50:40,604 - root - ERROR - Traceback (most recent call last):
  File "/Users/nzlab-la/Desktop/microlive/src/microscopy.py", line 1326, in run_cellpose
    masks = model.eval(
  File "/opt/anaconda3/envs/micro_gpu/lib/python3.10/site-packages/cellpose/denoise.py", line 583, in eval
    masks, flows, styles = self.cp.eval(
  File "/opt/anaconda3/envs/micro_gpu/lib/python3.10/site-packages/cellpose/models.py", line 534, in eval
    masks = self._compute_masks(x.shape, dP, cellprob, flow_threshold=flow_threshold,
  File "/opt/anaconda3/envs/micro_gpu/lib/python3.10/site-packages/cellpose/models.py", line 620, in _compute_masks
    outputs = dynamics.resize_and_compute_masks(
  File "/opt/anaconda3/envs/micro_gpu/lib/python3.10/site-packages/cellpose/dynamics.py", line 839, in resize_and_compute_masks
    mask = compute_masks(dP, cellprob, niter=niter,
  File "/opt/anaconda3/envs/micro_gpu/lib/python3.10/site-packages/cellpose/dynamics.py", line 913, in compute_masks
    mask = remove_bad_flow_masks(mask, dP, threshold=flow_threshold,
  File "/opt/anaconda3/envs/micro_gpu/lib/python3.10/site-packages/cellpose/dynamics.py", line 645, in remove_bad_flow_masks
    merrors, _ = metrics.flow_error(masks, flows, device0)
  File "/opt/anaconda3/envs/micro_gpu/lib/python3.10/site-packages/cellpose/metrics.py", line 256, in flow_error
    dP_masks = dynamics.masks_to_flows(maski, device=device)
  File "/opt/anaconda3/envs/micro_gpu/lib/python3.10/site-packages/cellpose/dynamics.py", line 356, in masks_to_flows
    mu, mu_c = masks_to_flows_device(masks, device=device, niter=niter)
  File "/opt/anaconda3/envs/micro_gpu/lib/python3.10/site-packages/cellpose/dynamics.py", line 184, in masks_to_flows_gpu
    mu = _extend_centers_gpu(neighbors, meds_p, isneighbor, shape, n_iter=n_iter,
  File "/opt/anaconda3/envs/micro_gpu/lib/python3.10/site-packages/cellpose/dynamics.py", line 71, in _extend_centers_gpu
    T = torch.zeros(shape, dtype=torch.double, device=device)
TypeError: Cannot convert a MPS Tensor to float64 dtype as the MPS framework doesn't support float64. Please use float32 instead.

2025-12-08 11:50:40,605 - root - INFO - Running Cellpose with flow_threshold=0.25, diameter=60, gpu=unknown
2025-12-08 11:50:40,885 - root - ERROR - Error during cellpose_max_cells evaluation: Cannot convert a MPS Tensor to float64 dtype as the MPS framework doesn't support float64. Please use float32 instead.
2025-12-08 11:50:40,886 - root - ERROR - Traceback (most recent call last):
  File "/Users/nzlab-la/Desktop/microlive/src/microscopy.py", line 1326, in run_cellpose
    masks = model.eval(
  File "/opt/anaconda3/envs/micro_gpu/lib/python3.10/site-packages/cellpose/denoise.py", line 583, in eval
    masks, flows, styles = self.cp.eval(
  File "/opt/anaconda3/envs/micro_gpu/lib/python3.10/site-packages/cellpose/models.py", line 534, in eval
    masks = self._compute_masks(x.shape, dP, cellprob, flow_threshold=flow_threshold,
  File "/opt/anaconda3/envs/micro_gpu/lib/python3.10/site-packages/cellpose/models.py", line 620, in _compute_masks
    outputs = dynamics.resize_and_compute_masks(
  File "/opt/anaconda3/envs/micro_gpu/lib/python3.10/site-packages/cellpose/dynamics.py", line 839, in resize_and_compute_masks
    mask = compute_masks(dP, cellprob, niter=niter,
  File "/opt/anaconda3/envs/micro_gpu/lib/python3.10/site-packages/cellpose/dynamics.py", line 913, in compute_masks
    mask = remove_bad_flow_masks(mask, dP, threshold=flow_threshold,
  File "/opt/anaconda3/envs/micro_gpu/lib/python3.10/site-packages/cellpose/dynamics.py", line 645, in remove_bad_flow_masks
    merrors, _ = metrics.flow_error(masks, flows, device0)
  File "/opt/anaconda3/envs/micro_gpu/lib/python3.10/site-packages/cellpose/metrics.py", line 256, in flow_error
    dP_masks = dynamics.masks_to_flows(maski, device=device)
  File "/opt/anaconda3/envs/micro_gpu/lib/python3.10/site-packages/cellpose/dynamics.py", line 356, in masks_to_flows
    mu, mu_c = masks_to_flows_device(masks, device=device, niter=niter)
  File "/opt/anaconda3/envs/micro_gpu/lib/python3.10/site-packages/cellpose/dynamics.py", line 184, in masks_to_flows_gpu
    mu = _extend_centers_gpu(neighbors, meds_p, isneighbor, shape, n_iter=n_iter,
  File "/opt/anaconda3/envs/micro_gpu/lib/python3.10/site-packages/cellpose/dynamics.py", line 71, in _extend_centers_gpu
    T = torch.zeros(shape, dtype=torch.double, device=device)
TypeError: Cannot convert a MPS Tensor to float64 dtype as the MPS framework doesn't support float64. Please use float32 instead.

2025-12-08 11:50:40,886 - root - INFO - Running Cellpose with flow_threshold=0.25, diameter=90, gpu=unknown
2025-12-08 11:50:41,132 - root - ERROR - Error during cellpose_max_cells evaluation: Cannot convert a MPS Tensor to float64 dtype as the MPS framework doesn't support float64. Please use float32 instead.
2025-12-08 11:50:41,132 - root - ERROR - Traceback (most recent call last):
  File "/Users/nzlab-la/Desktop/microlive/src/microscopy.py", line 1326, in run_cellpose
    masks = model.eval(
  File "/opt/anaconda3/envs/micro_gpu/lib/python3.10/site-packages/cellpose/denoise.py", line 583, in eval
    masks, flows, styles = self.cp.eval(
  File "/opt/anaconda3/envs/micro_gpu/lib/python3.10/site-packages/cellpose/models.py", line 534, in eval
    masks = self._compute_masks(x.shape, dP, cellprob, flow_threshold=flow_threshold,
  File "/opt/anaconda3/envs/micro_gpu/lib/python3.10/site-packages/cellpose/models.py", line 620, in _compute_masks
    outputs = dynamics.resize_and_compute_masks(
  File "/opt/anaconda3/envs/micro_gpu/lib/python3.10/site-packages/cellpose/dynamics.py", line 839, in resize_and_compute_masks
    mask = compute_masks(dP, cellprob, niter=niter,
  File "/opt/anaconda3/envs/micro_gpu/lib/python3.10/site-packages/cellpose/dynamics.py", line 913, in compute_masks
    mask = remove_bad_flow_masks(mask, dP, threshold=flow_threshold,
  File "/opt/anaconda3/envs/micro_gpu/lib/python3.10/site-packages/cellpose/dynamics.py", line 645, in remove_bad_flow_masks
    merrors, _ = metrics.flow_error(masks, flows, device0)
  File "/opt/anaconda3/envs/micro_gpu/lib/python3.10/site-packages/cellpose/metrics.py", line 256, in flow_error
    dP_masks = dynamics.masks_to_flows(maski, device=device)
  File "/opt/anaconda3/envs/micro_gpu/lib/python3.10/site-packages/cellpose/dynamics.py", line 356, in masks_to_flows
    mu, mu_c = masks_to_flows_device(masks, device=device, niter=niter)
  File "/opt/anaconda3/envs/micro_gpu/lib/python3.10/site-packages/cellpose/dynamics.py", line 184, in masks_to_flows_gpu
    mu = _extend_centers_gpu(neighbors, meds_p, isneighbor, shape, n_iter=n_iter,
  File "/opt/anaconda3/envs/micro_gpu/lib/python3.10/site-packages/cellpose/dynamics.py", line 71, in _extend_centers_gpu
    T = torch.zeros(shape, dtype=torch.double, device=device)
TypeError: Cannot convert a MPS Tensor to float64 dtype as the MPS framework doesn't support float64. Please use float32 instead.

2025-12-08 11:50:41,133 - root - INFO - Running Cellpose with flow_threshold=0.25, diameter=120, gpu=unknown
2025-12-08 11:50:41,339 - root - ERROR - Error during cellpose_max_cells evaluation: Cannot convert a MPS Tensor to float64 dtype as the MPS framework doesn't support float64. Please use float32 instead.
2025-12-08 11:50:41,339 - root - ERROR - Traceback (most recent call last):
  File "/Users/nzlab-la/Desktop/microlive/src/microscopy.py", line 1326, in run_cellpose
    masks = model.eval(
  File "/opt/anaconda3/envs/micro_gpu/lib/python3.10/site-packages/cellpose/denoise.py", line 583, in eval
    masks, flows, styles = self.cp.eval(
  File "/opt/anaconda3/envs/micro_gpu/lib/python3.10/site-packages/cellpose/models.py", line 534, in eval
    masks = self._compute_masks(x.shape, dP, cellprob, flow_threshold=flow_threshold,
  File "/opt/anaconda3/envs/micro_gpu/lib/python3.10/site-packages/cellpose/models.py", line 620, in _compute_masks
    outputs = dynamics.resize_and_compute_masks(
  File "/opt/anaconda3/envs/micro_gpu/lib/python3.10/site-packages/cellpose/dynamics.py", line 839, in resize_and_compute_masks
    mask = compute_masks(dP, cellprob, niter=niter,
  File "/opt/anaconda3/envs/micro_gpu/lib/python3.10/site-packages/cellpose/dynamics.py", line 913, in compute_masks
    mask = remove_bad_flow_masks(mask, dP, threshold=flow_threshold,
  File "/opt/anaconda3/envs/micro_gpu/lib/python3.10/site-packages/cellpose/dynamics.py", line 645, in remove_bad_flow_masks
    merrors, _ = metrics.flow_error(masks, flows, device0)
  File "/opt/anaconda3/envs/micro_gpu/lib/python3.10/site-packages/cellpose/metrics.py", line 256, in flow_error
    dP_masks = dynamics.masks_to_flows(maski, device=device)
  File "/opt/anaconda3/envs/micro_gpu/lib/python3.10/site-packages/cellpose/dynamics.py", line 356, in masks_to_flows
    mu, mu_c = masks_to_flows_device(masks, device=device, niter=niter)
  File "/opt/anaconda3/envs/micro_gpu/lib/python3.10/site-packages/cellpose/dynamics.py", line 184, in masks_to_flows_gpu
    mu = _extend_centers_gpu(neighbors, meds_p, isneighbor, shape, n_iter=n_iter,
  File "/opt/anaconda3/envs/micro_gpu/lib/python3.10/site-packages/cellpose/dynamics.py", line 71, in _extend_centers_gpu
    T = torch.zeros(shape, dtype=torch.double, device=device)
TypeError: Cannot convert a MPS Tensor to float64 dtype as the MPS framework doesn't support float64. Please use float32 instead.

2025-12-08 11:50:41,340 - root - INFO - Running Cellpose with flow_threshold=0.25, diameter=150, gpu=unknown
2025-12-08 11:50:41,566 - root - ERROR - Error during cellpose_max_cells evaluation: Cannot convert a MPS Tensor to float64 dtype as the MPS framework doesn't support float64. Please use float32 instead.
2025-12-08 11:50:41,566 - root - ERROR - Traceback (most recent call last):
  File "/Users/nzlab-la/Desktop/microlive/src/microscopy.py", line 1326, in run_cellpose
    masks = model.eval(
  File "/opt/anaconda3/envs/micro_gpu/lib/python3.10/site-packages/cellpose/denoise.py", line 583, in eval
    masks, flows, styles = self.cp.eval(
  File "/opt/anaconda3/envs/micro_gpu/lib/python3.10/site-packages/cellpose/models.py", line 534, in eval
    masks = self._compute_masks(x.shape, dP, cellprob, flow_threshold=flow_threshold,
  File "/opt/anaconda3/envs/micro_gpu/lib/python3.10/site-packages/cellpose/models.py", line 620, in _compute_masks
    outputs = dynamics.resize_and_compute_masks(
  File "/opt/anaconda3/envs/micro_gpu/lib/python3.10/site-packages/cellpose/dynamics.py", line 839, in resize_and_compute_masks
    mask = compute_masks(dP, cellprob, niter=niter,
  File "/opt/anaconda3/envs/micro_gpu/lib/python3.10/site-packages/cellpose/dynamics.py", line 913, in compute_masks
    mask = remove_bad_flow_masks(mask, dP, threshold=flow_threshold,
  File "/opt/anaconda3/envs/micro_gpu/lib/python3.10/site-packages/cellpose/dynamics.py", line 645, in remove_bad_flow_masks
    merrors, _ = metrics.flow_error(masks, flows, device0)
  File "/opt/anaconda3/envs/micro_gpu/lib/python3.10/site-packages/cellpose/metrics.py", line 256, in flow_error
    dP_masks = dynamics.masks_to_flows(maski, device=device)
  File "/opt/anaconda3/envs/micro_gpu/lib/python3.10/site-packages/cellpose/dynamics.py", line 356, in masks_to_flows
    mu, mu_c = masks_to_flows_device(masks, device=device, niter=niter)
  File "/opt/anaconda3/envs/micro_gpu/lib/python3.10/site-packages/cellpose/dynamics.py", line 184, in masks_to_flows_gpu
    mu = _extend_centers_gpu(neighbors, meds_p, isneighbor, shape, n_iter=n_iter,
  File "/opt/anaconda3/envs/micro_gpu/lib/python3.10/site-packages/cellpose/dynamics.py", line 71, in _extend_centers_gpu
    T = torch.zeros(shape, dtype=torch.double, device=device)
TypeError: Cannot convert a MPS Tensor to float64 dtype as the MPS framework doesn't support float64. Please use float32 instead.

2025-12-08 11:50:41,567 - root - INFO - Running Cellpose with flow_threshold=0.375, diameter=30, gpu=unknown
2025-12-08 11:50:42,297 - root - ERROR - Error during cellpose_max_cells evaluation: Cannot convert a MPS Tensor to float64 dtype as the MPS framework doesn't support float64. Please use float32 instead.
2025-12-08 11:50:42,297 - root - ERROR - Traceback (most recent call last):
  File "/Users/nzlab-la/Desktop/microlive/src/microscopy.py", line 1326, in run_cellpose
    masks = model.eval(
  File "/opt/anaconda3/envs/micro_gpu/lib/python3.10/site-packages/cellpose/denoise.py", line 583, in eval
    masks, flows, styles = self.cp.eval(
  File "/opt/anaconda3/envs/micro_gpu/lib/python3.10/site-packages/cellpose/models.py", line 534, in eval
    masks = self._compute_masks(x.shape, dP, cellprob, flow_threshold=flow_threshold,
  File "/opt/anaconda3/envs/micro_gpu/lib/python3.10/site-packages/cellpose/models.py", line 620, in _compute_masks
    outputs = dynamics.resize_and_compute_masks(
  File "/opt/anaconda3/envs/micro_gpu/lib/python3.10/site-packages/cellpose/dynamics.py", line 839, in resize_and_compute_masks
    mask = compute_masks(dP, cellprob, niter=niter,
  File "/opt/anaconda3/envs/micro_gpu/lib/python3.10/site-packages/cellpose/dynamics.py", line 913, in compute_masks
    mask = remove_bad_flow_masks(mask, dP, threshold=flow_threshold,
  File "/opt/anaconda3/envs/micro_gpu/lib/python3.10/site-packages/cellpose/dynamics.py", line 645, in remove_bad_flow_masks
    merrors, _ = metrics.flow_error(masks, flows, device0)
  File "/opt/anaconda3/envs/micro_gpu/lib/python3.10/site-packages/cellpose/metrics.py", line 256, in flow_error
    dP_masks = dynamics.masks_to_flows(maski, device=device)
  File "/opt/anaconda3/envs/micro_gpu/lib/python3.10/site-packages/cellpose/dynamics.py", line 356, in masks_to_flows
    mu, mu_c = masks_to_flows_device(masks, device=device, niter=niter)
  File "/opt/anaconda3/envs/micro_gpu/lib/python3.10/site-packages/cellpose/dynamics.py", line 184, in masks_to_flows_gpu
    mu = _extend_centers_gpu(neighbors, meds_p, isneighbor, shape, n_iter=n_iter,
  File "/opt/anaconda3/envs/micro_gpu/lib/python3.10/site-packages/cellpose/dynamics.py", line 71, in _extend_centers_gpu
    T = torch.zeros(shape, dtype=torch.double, device=device)
TypeError: Cannot convert a MPS Tensor to float64 dtype as the MPS framework doesn't support float64. Please use float32 instead.

2025-12-08 11:50:42,298 - root - INFO - Running Cellpose with flow_threshold=0.375, diameter=60, gpu=unknown
2025-12-08 11:50:42,585 - root - ERROR - Error during cellpose_max_cells evaluation: Cannot convert a MPS Tensor to float64 dtype as the MPS framework doesn't support float64. Please use float32 instead.
2025-12-08 11:50:42,585 - root - ERROR - Traceback (most recent call last):
  File "/Users/nzlab-la/Desktop/microlive/src/microscopy.py", line 1326, in run_cellpose
    masks = model.eval(
  File "/opt/anaconda3/envs/micro_gpu/lib/python3.10/site-packages/cellpose/denoise.py", line 583, in eval
    masks, flows, styles = self.cp.eval(
  File "/opt/anaconda3/envs/micro_gpu/lib/python3.10/site-packages/cellpose/models.py", line 534, in eval
    masks = self._compute_masks(x.shape, dP, cellprob, flow_threshold=flow_threshold,
  File "/opt/anaconda3/envs/micro_gpu/lib/python3.10/site-packages/cellpose/models.py", line 620, in _compute_masks
    outputs = dynamics.resize_and_compute_masks(
  File "/opt/anaconda3/envs/micro_gpu/lib/python3.10/site-packages/cellpose/dynamics.py", line 839, in resize_and_compute_masks
    mask = compute_masks(dP, cellprob, niter=niter,
  File "/opt/anaconda3/envs/micro_gpu/lib/python3.10/site-packages/cellpose/dynamics.py", line 913, in compute_masks
    mask = remove_bad_flow_masks(mask, dP, threshold=flow_threshold,
  File "/opt/anaconda3/envs/micro_gpu/lib/python3.10/site-packages/cellpose/dynamics.py", line 645, in remove_bad_flow_masks
    merrors, _ = metrics.flow_error(masks, flows, device0)
  File "/opt/anaconda3/envs/micro_gpu/lib/python3.10/site-packages/cellpose/metrics.py", line 256, in flow_error
    dP_masks = dynamics.masks_to_flows(maski, device=device)
  File "/opt/anaconda3/envs/micro_gpu/lib/python3.10/site-packages/cellpose/dynamics.py", line 356, in masks_to_flows
    mu, mu_c = masks_to_flows_device(masks, device=device, niter=niter)
  File "/opt/anaconda3/envs/micro_gpu/lib/python3.10/site-packages/cellpose/dynamics.py", line 184, in masks_to_flows_gpu
    mu = _extend_centers_gpu(neighbors, meds_p, isneighbor, shape, n_iter=n_iter,
  File "/opt/anaconda3/envs/micro_gpu/lib/python3.10/site-packages/cellpose/dynamics.py", line 71, in _extend_centers_gpu
    T = torch.zeros(shape, dtype=torch.double, device=device)
TypeError: Cannot convert a MPS Tensor to float64 dtype as the MPS framework doesn't support float64. Please use float32 instead.

2025-12-08 11:50:42,586 - root - INFO - Running Cellpose with flow_threshold=0.375, diameter=90, gpu=unknown
2025-12-08 11:50:42,833 - root - ERROR - Error during cellpose_max_cells evaluation: Cannot convert a MPS Tensor to float64 dtype as the MPS framework doesn't support float64. Please use float32 instead.
2025-12-08 11:50:42,833 - root - ERROR - Traceback (most recent call last):
  File "/Users/nzlab-la/Desktop/microlive/src/microscopy.py", line 1326, in run_cellpose
    masks = model.eval(
  File "/opt/anaconda3/envs/micro_gpu/lib/python3.10/site-packages/cellpose/denoise.py", line 583, in eval
    masks, flows, styles = self.cp.eval(
  File "/opt/anaconda3/envs/micro_gpu/lib/python3.10/site-packages/cellpose/models.py", line 534, in eval
    masks = self._compute_masks(x.shape, dP, cellprob, flow_threshold=flow_threshold,
  File "/opt/anaconda3/envs/micro_gpu/lib/python3.10/site-packages/cellpose/models.py", line 620, in _compute_masks
    outputs = dynamics.resize_and_compute_masks(
  File "/opt/anaconda3/envs/micro_gpu/lib/python3.10/site-packages/cellpose/dynamics.py", line 839, in resize_and_compute_masks
    mask = compute_masks(dP, cellprob, niter=niter,
  File "/opt/anaconda3/envs/micro_gpu/lib/python3.10/site-packages/cellpose/dynamics.py", line 913, in compute_masks
    mask = remove_bad_flow_masks(mask, dP, threshold=flow_threshold,
  File "/opt/anaconda3/envs/micro_gpu/lib/python3.10/site-packages/cellpose/dynamics.py", line 645, in remove_bad_flow_masks
    merrors, _ = metrics.flow_error(masks, flows, device0)
  File "/opt/anaconda3/envs/micro_gpu/lib/python3.10/site-packages/cellpose/metrics.py", line 256, in flow_error
    dP_masks = dynamics.masks_to_flows(maski, device=device)
  File "/opt/anaconda3/envs/micro_gpu/lib/python3.10/site-packages/cellpose/dynamics.py", line 356, in masks_to_flows
    mu, mu_c = masks_to_flows_device(masks, device=device, niter=niter)
  File "/opt/anaconda3/envs/micro_gpu/lib/python3.10/site-packages/cellpose/dynamics.py", line 184, in masks_to_flows_gpu
    mu = _extend_centers_gpu(neighbors, meds_p, isneighbor, shape, n_iter=n_iter,
  File "/opt/anaconda3/envs/micro_gpu/lib/python3.10/site-packages/cellpose/dynamics.py", line 71, in _extend_centers_gpu
    T = torch.zeros(shape, dtype=torch.double, device=device)
TypeError: Cannot convert a MPS Tensor to float64 dtype as the MPS framework doesn't support float64. Please use float32 instead.

2025-12-08 11:50:42,833 - root - INFO - Running Cellpose with flow_threshold=0.375, diameter=120, gpu=unknown
2025-12-08 11:50:43,044 - root - ERROR - Error during cellpose_max_cells evaluation: Cannot convert a MPS Tensor to float64 dtype as the MPS framework doesn't support float64. Please use float32 instead.
2025-12-08 11:50:43,044 - root - ERROR - Traceback (most recent call last):
  File "/Users/nzlab-la/Desktop/microlive/src/microscopy.py", line 1326, in run_cellpose
    masks = model.eval(
  File "/opt/anaconda3/envs/micro_gpu/lib/python3.10/site-packages/cellpose/denoise.py", line 583, in eval
    masks, flows, styles = self.cp.eval(
  File "/opt/anaconda3/envs/micro_gpu/lib/python3.10/site-packages/cellpose/models.py", line 534, in eval
    masks = self._compute_masks(x.shape, dP, cellprob, flow_threshold=flow_threshold,
  File "/opt/anaconda3/envs/micro_gpu/lib/python3.10/site-packages/cellpose/models.py", line 620, in _compute_masks
    outputs = dynamics.resize_and_compute_masks(
  File "/opt/anaconda3/envs/micro_gpu/lib/python3.10/site-packages/cellpose/dynamics.py", line 839, in resize_and_compute_masks
    mask = compute_masks(dP, cellprob, niter=niter,
  File "/opt/anaconda3/envs/micro_gpu/lib/python3.10/site-packages/cellpose/dynamics.py", line 913, in compute_masks
    mask = remove_bad_flow_masks(mask, dP, threshold=flow_threshold,
  File "/opt/anaconda3/envs/micro_gpu/lib/python3.10/site-packages/cellpose/dynamics.py", line 645, in remove_bad_flow_masks
    merrors, _ = metrics.flow_error(masks, flows, device0)
  File "/opt/anaconda3/envs/micro_gpu/lib/python3.10/site-packages/cellpose/metrics.py", line 256, in flow_error
    dP_masks = dynamics.masks_to_flows(maski, device=device)
  File "/opt/anaconda3/envs/micro_gpu/lib/python3.10/site-packages/cellpose/dynamics.py", line 356, in masks_to_flows
    mu, mu_c = masks_to_flows_device(masks, device=device, niter=niter)
  File "/opt/anaconda3/envs/micro_gpu/lib/python3.10/site-packages/cellpose/dynamics.py", line 184, in masks_to_flows_gpu
    mu = _extend_centers_gpu(neighbors, meds_p, isneighbor, shape, n_iter=n_iter,
  File "/opt/anaconda3/envs/micro_gpu/lib/python3.10/site-packages/cellpose/dynamics.py", line 71, in _extend_centers_gpu
    T = torch.zeros(shape, dtype=torch.double, device=device)
TypeError: Cannot convert a MPS Tensor to float64 dtype as the MPS framework doesn't support float64. Please use float32 instead.

2025-12-08 11:50:43,045 - root - INFO - Running Cellpose with flow_threshold=0.375, diameter=150, gpu=unknown
2025-12-08 11:50:43,278 - root - ERROR - Error during cellpose_max_cells evaluation: Cannot convert a MPS Tensor to float64 dtype as the MPS framework doesn't support float64. Please use float32 instead.
2025-12-08 11:50:43,278 - root - ERROR - Traceback (most recent call last):
  File "/Users/nzlab-la/Desktop/microlive/src/microscopy.py", line 1326, in run_cellpose
    masks = model.eval(
  File "/opt/anaconda3/envs/micro_gpu/lib/python3.10/site-packages/cellpose/denoise.py", line 583, in eval
    masks, flows, styles = self.cp.eval(
  File "/opt/anaconda3/envs/micro_gpu/lib/python3.10/site-packages/cellpose/models.py", line 534, in eval
    masks = self._compute_masks(x.shape, dP, cellprob, flow_threshold=flow_threshold,
  File "/opt/anaconda3/envs/micro_gpu/lib/python3.10/site-packages/cellpose/models.py", line 620, in _compute_masks
    outputs = dynamics.resize_and_compute_masks(
  File "/opt/anaconda3/envs/micro_gpu/lib/python3.10/site-packages/cellpose/dynamics.py", line 839, in resize_and_compute_masks
    mask = compute_masks(dP, cellprob, niter=niter,
  File "/opt/anaconda3/envs/micro_gpu/lib/python3.10/site-packages/cellpose/dynamics.py", line 913, in compute_masks
    mask = remove_bad_flow_masks(mask, dP, threshold=flow_threshold,
  File "/opt/anaconda3/envs/micro_gpu/lib/python3.10/site-packages/cellpose/dynamics.py", line 645, in remove_bad_flow_masks
    merrors, _ = metrics.flow_error(masks, flows, device0)
  File "/opt/anaconda3/envs/micro_gpu/lib/python3.10/site-packages/cellpose/metrics.py", line 256, in flow_error
    dP_masks = dynamics.masks_to_flows(maski, device=device)
  File "/opt/anaconda3/envs/micro_gpu/lib/python3.10/site-packages/cellpose/dynamics.py", line 356, in masks_to_flows
    mu, mu_c = masks_to_flows_device(masks, device=device, niter=niter)
  File "/opt/anaconda3/envs/micro_gpu/lib/python3.10/site-packages/cellpose/dynamics.py", line 184, in masks_to_flows_gpu
    mu = _extend_centers_gpu(neighbors, meds_p, isneighbor, shape, n_iter=n_iter,
  File "/opt/anaconda3/envs/micro_gpu/lib/python3.10/site-packages/cellpose/dynamics.py", line 71, in _extend_centers_gpu
    T = torch.zeros(shape, dtype=torch.double, device=device)
TypeError: Cannot convert a MPS Tensor to float64 dtype as the MPS framework doesn't support float64. Please use float32 instead.

2025-12-08 11:50:43,279 - root - INFO - Running Cellpose with flow_threshold=0.5, diameter=30, gpu=unknown
2025-12-08 11:50:44,013 - root - ERROR - Error during cellpose_max_cells evaluation: Cannot convert a MPS Tensor to float64 dtype as the MPS framework doesn't support float64. Please use float32 instead.
2025-12-08 11:50:44,013 - root - ERROR - Traceback (most recent call last):
  File "/Users/nzlab-la/Desktop/microlive/src/microscopy.py", line 1326, in run_cellpose
    masks = model.eval(
  File "/opt/anaconda3/envs/micro_gpu/lib/python3.10/site-packages/cellpose/denoise.py", line 583, in eval
    masks, flows, styles = self.cp.eval(
  File "/opt/anaconda3/envs/micro_gpu/lib/python3.10/site-packages/cellpose/models.py", line 534, in eval
    masks = self._compute_masks(x.shape, dP, cellprob, flow_threshold=flow_threshold,
  File "/opt/anaconda3/envs/micro_gpu/lib/python3.10/site-packages/cellpose/models.py", line 620, in _compute_masks
    outputs = dynamics.resize_and_compute_masks(
  File "/opt/anaconda3/envs/micro_gpu/lib/python3.10/site-packages/cellpose/dynamics.py", line 839, in resize_and_compute_masks
    mask = compute_masks(dP, cellprob, niter=niter,
  File "/opt/anaconda3/envs/micro_gpu/lib/python3.10/site-packages/cellpose/dynamics.py", line 913, in compute_masks
    mask = remove_bad_flow_masks(mask, dP, threshold=flow_threshold,
  File "/opt/anaconda3/envs/micro_gpu/lib/python3.10/site-packages/cellpose/dynamics.py", line 645, in remove_bad_flow_masks
    merrors, _ = metrics.flow_error(masks, flows, device0)
  File "/opt/anaconda3/envs/micro_gpu/lib/python3.10/site-packages/cellpose/metrics.py", line 256, in flow_error
    dP_masks = dynamics.masks_to_flows(maski, device=device)
  File "/opt/anaconda3/envs/micro_gpu/lib/python3.10/site-packages/cellpose/dynamics.py", line 356, in masks_to_flows
    mu, mu_c = masks_to_flows_device(masks, device=device, niter=niter)
  File "/opt/anaconda3/envs/micro_gpu/lib/python3.10/site-packages/cellpose/dynamics.py", line 184, in masks_to_flows_gpu
    mu = _extend_centers_gpu(neighbors, meds_p, isneighbor, shape, n_iter=n_iter,
  File "/opt/anaconda3/envs/micro_gpu/lib/python3.10/site-packages/cellpose/dynamics.py", line 71, in _extend_centers_gpu
    T = torch.zeros(shape, dtype=torch.double, device=device)
TypeError: Cannot convert a MPS Tensor to float64 dtype as the MPS framework doesn't support float64. Please use float32 instead.

2025-12-08 11:50:44,014 - root - INFO - Running Cellpose with flow_threshold=0.5, diameter=60, gpu=unknown
2025-12-08 11:50:44,299 - root - ERROR - Error during cellpose_max_cells evaluation: Cannot convert a MPS Tensor to float64 dtype as the MPS framework doesn't support float64. Please use float32 instead.
2025-12-08 11:50:44,299 - root - ERROR - Traceback (most recent call last):
  File "/Users/nzlab-la/Desktop/microlive/src/microscopy.py", line 1326, in run_cellpose
    masks = model.eval(
  File "/opt/anaconda3/envs/micro_gpu/lib/python3.10/site-packages/cellpose/denoise.py", line 583, in eval
    masks, flows, styles = self.cp.eval(
  File "/opt/anaconda3/envs/micro_gpu/lib/python3.10/site-packages/cellpose/models.py", line 534, in eval
    masks = self._compute_masks(x.shape, dP, cellprob, flow_threshold=flow_threshold,
  File "/opt/anaconda3/envs/micro_gpu/lib/python3.10/site-packages/cellpose/models.py", line 620, in _compute_masks
    outputs = dynamics.resize_and_compute_masks(
  File "/opt/anaconda3/envs/micro_gpu/lib/python3.10/site-packages/cellpose/dynamics.py", line 839, in resize_and_compute_masks
    mask = compute_masks(dP, cellprob, niter=niter,
  File "/opt/anaconda3/envs/micro_gpu/lib/python3.10/site-packages/cellpose/dynamics.py", line 913, in compute_masks
    mask = remove_bad_flow_masks(mask, dP, threshold=flow_threshold,
  File "/opt/anaconda3/envs/micro_gpu/lib/python3.10/site-packages/cellpose/dynamics.py", line 645, in remove_bad_flow_masks
    merrors, _ = metrics.flow_error(masks, flows, device0)
  File "/opt/anaconda3/envs/micro_gpu/lib/python3.10/site-packages/cellpose/metrics.py", line 256, in flow_error
    dP_masks = dynamics.masks_to_flows(maski, device=device)
  File "/opt/anaconda3/envs/micro_gpu/lib/python3.10/site-packages/cellpose/dynamics.py", line 356, in masks_to_flows
    mu, mu_c = masks_to_flows_device(masks, device=device, niter=niter)
  File "/opt/anaconda3/envs/micro_gpu/lib/python3.10/site-packages/cellpose/dynamics.py", line 184, in masks_to_flows_gpu
    mu = _extend_centers_gpu(neighbors, meds_p, isneighbor, shape, n_iter=n_iter,
  File "/opt/anaconda3/envs/micro_gpu/lib/python3.10/site-packages/cellpose/dynamics.py", line 71, in _extend_centers_gpu
    T = torch.zeros(shape, dtype=torch.double, device=device)
TypeError: Cannot convert a MPS Tensor to float64 dtype as the MPS framework doesn't support float64. Please use float32 instead.

2025-12-08 11:50:44,300 - root - INFO - Running Cellpose with flow_threshold=0.5, diameter=90, gpu=unknown
2025-12-08 11:50:44,545 - root - ERROR - Error during cellpose_max_cells evaluation: Cannot convert a MPS Tensor to float64 dtype as the MPS framework doesn't support float64. Please use float32 instead.
2025-12-08 11:50:44,545 - root - ERROR - Traceback (most recent call last):
  File "/Users/nzlab-la/Desktop/microlive/src/microscopy.py", line 1326, in run_cellpose
    masks = model.eval(
  File "/opt/anaconda3/envs/micro_gpu/lib/python3.10/site-packages/cellpose/denoise.py", line 583, in eval
    masks, flows, styles = self.cp.eval(
  File "/opt/anaconda3/envs/micro_gpu/lib/python3.10/site-packages/cellpose/models.py", line 534, in eval
    masks = self._compute_masks(x.shape, dP, cellprob, flow_threshold=flow_threshold,
  File "/opt/anaconda3/envs/micro_gpu/lib/python3.10/site-packages/cellpose/models.py", line 620, in _compute_masks
    outputs = dynamics.resize_and_compute_masks(
  File "/opt/anaconda3/envs/micro_gpu/lib/python3.10/site-packages/cellpose/dynamics.py", line 839, in resize_and_compute_masks
    mask = compute_masks(dP, cellprob, niter=niter,
  File "/opt/anaconda3/envs/micro_gpu/lib/python3.10/site-packages/cellpose/dynamics.py", line 913, in compute_masks
    mask = remove_bad_flow_masks(mask, dP, threshold=flow_threshold,
  File "/opt/anaconda3/envs/micro_gpu/lib/python3.10/site-packages/cellpose/dynamics.py", line 645, in remove_bad_flow_masks
    merrors, _ = metrics.flow_error(masks, flows, device0)
  File "/opt/anaconda3/envs/micro_gpu/lib/python3.10/site-packages/cellpose/metrics.py", line 256, in flow_error
    dP_masks = dynamics.masks_to_flows(maski, device=device)
  File "/opt/anaconda3/envs/micro_gpu/lib/python3.10/site-packages/cellpose/dynamics.py", line 356, in masks_to_flows
    mu, mu_c = masks_to_flows_device(masks, device=device, niter=niter)
  File "/opt/anaconda3/envs/micro_gpu/lib/python3.10/site-packages/cellpose/dynamics.py", line 184, in masks_to_flows_gpu
    mu = _extend_centers_gpu(neighbors, meds_p, isneighbor, shape, n_iter=n_iter,
  File "/opt/anaconda3/envs/micro_gpu/lib/python3.10/site-packages/cellpose/dynamics.py", line 71, in _extend_centers_gpu
    T = torch.zeros(shape, dtype=torch.double, device=device)
TypeError: Cannot convert a MPS Tensor to float64 dtype as the MPS framework doesn't support float64. Please use float32 instead.

2025-12-08 11:50:44,546 - root - INFO - Running Cellpose with flow_threshold=0.5, diameter=120, gpu=unknown
2025-12-08 11:50:44,756 - root - ERROR - Error during cellpose_max_cells evaluation: Cannot convert a MPS Tensor to float64 dtype as the MPS framework doesn't support float64. Please use float32 instead.
2025-12-08 11:50:44,756 - root - ERROR - Traceback (most recent call last):
  File "/Users/nzlab-la/Desktop/microlive/src/microscopy.py", line 1326, in run_cellpose
    masks = model.eval(
  File "/opt/anaconda3/envs/micro_gpu/lib/python3.10/site-packages/cellpose/denoise.py", line 583, in eval
    masks, flows, styles = self.cp.eval(
  File "/opt/anaconda3/envs/micro_gpu/lib/python3.10/site-packages/cellpose/models.py", line 534, in eval
    masks = self._compute_masks(x.shape, dP, cellprob, flow_threshold=flow_threshold,
  File "/opt/anaconda3/envs/micro_gpu/lib/python3.10/site-packages/cellpose/models.py", line 620, in _compute_masks
    outputs = dynamics.resize_and_compute_masks(
  File "/opt/anaconda3/envs/micro_gpu/lib/python3.10/site-packages/cellpose/dynamics.py", line 839, in resize_and_compute_masks
    mask = compute_masks(dP, cellprob, niter=niter,
  File "/opt/anaconda3/envs/micro_gpu/lib/python3.10/site-packages/cellpose/dynamics.py", line 913, in compute_masks
    mask = remove_bad_flow_masks(mask, dP, threshold=flow_threshold,
  File "/opt/anaconda3/envs/micro_gpu/lib/python3.10/site-packages/cellpose/dynamics.py", line 645, in remove_bad_flow_masks
    merrors, _ = metrics.flow_error(masks, flows, device0)
  File "/opt/anaconda3/envs/micro_gpu/lib/python3.10/site-packages/cellpose/metrics.py", line 256, in flow_error
    dP_masks = dynamics.masks_to_flows(maski, device=device)
  File "/opt/anaconda3/envs/micro_gpu/lib/python3.10/site-packages/cellpose/dynamics.py", line 356, in masks_to_flows
    mu, mu_c = masks_to_flows_device(masks, device=device, niter=niter)
  File "/opt/anaconda3/envs/micro_gpu/lib/python3.10/site-packages/cellpose/dynamics.py", line 184, in masks_to_flows_gpu
    mu = _extend_centers_gpu(neighbors, meds_p, isneighbor, shape, n_iter=n_iter,
  File "/opt/anaconda3/envs/micro_gpu/lib/python3.10/site-packages/cellpose/dynamics.py", line 71, in _extend_centers_gpu
    T = torch.zeros(shape, dtype=torch.double, device=device)
TypeError: Cannot convert a MPS Tensor to float64 dtype as the MPS framework doesn't support float64. Please use float32 instead.

2025-12-08 11:50:44,757 - root - INFO - Running Cellpose with flow_threshold=0.5, diameter=150, gpu=unknown
2025-12-08 11:50:44,986 - root - ERROR - Error during cellpose_max_cells evaluation: Cannot convert a MPS Tensor to float64 dtype as the MPS framework doesn't support float64. Please use float32 instead.
2025-12-08 11:50:44,986 - root - ERROR - Traceback (most recent call last):
  File "/Users/nzlab-la/Desktop/microlive/src/microscopy.py", line 1326, in run_cellpose
    masks = model.eval(
  File "/opt/anaconda3/envs/micro_gpu/lib/python3.10/site-packages/cellpose/denoise.py", line 583, in eval
    masks, flows, styles = self.cp.eval(
  File "/opt/anaconda3/envs/micro_gpu/lib/python3.10/site-packages/cellpose/models.py", line 534, in eval
    masks = self._compute_masks(x.shape, dP, cellprob, flow_threshold=flow_threshold,
  File "/opt/anaconda3/envs/micro_gpu/lib/python3.10/site-packages/cellpose/models.py", line 620, in _compute_masks
    outputs = dynamics.resize_and_compute_masks(
  File "/opt/anaconda3/envs/micro_gpu/lib/python3.10/site-packages/cellpose/dynamics.py", line 839, in resize_and_compute_masks
    mask = compute_masks(dP, cellprob, niter=niter,
  File "/opt/anaconda3/envs/micro_gpu/lib/python3.10/site-packages/cellpose/dynamics.py", line 913, in compute_masks
    mask = remove_bad_flow_masks(mask, dP, threshold=flow_threshold,
  File "/opt/anaconda3/envs/micro_gpu/lib/python3.10/site-packages/cellpose/dynamics.py", line 645, in remove_bad_flow_masks
    merrors, _ = metrics.flow_error(masks, flows, device0)
  File "/opt/anaconda3/envs/micro_gpu/lib/python3.10/site-packages/cellpose/metrics.py", line 256, in flow_error
    dP_masks = dynamics.masks_to_flows(maski, device=device)
  File "/opt/anaconda3/envs/micro_gpu/lib/python3.10/site-packages/cellpose/dynamics.py", line 356, in masks_to_flows
    mu, mu_c = masks_to_flows_device(masks, device=device, niter=niter)
  File "/opt/anaconda3/envs/micro_gpu/lib/python3.10/site-packages/cellpose/dynamics.py", line 184, in masks_to_flows_gpu
    mu = _extend_centers_gpu(neighbors, meds_p, isneighbor, shape, n_iter=n_iter,
  File "/opt/anaconda3/envs/micro_gpu/lib/python3.10/site-packages/cellpose/dynamics.py", line 71, in _extend_centers_gpu
    T = torch.zeros(shape, dtype=torch.double, device=device)
TypeError: Cannot convert a MPS Tensor to float64 dtype as the MPS framework doesn't support float64. Please use float32 instead.

2025-12-08 11:58:47,884 - root - WARNING - Qt Warning: Could not parse application stylesheet
2025-12-08 11:59:02,217 - cellpose.denoise - INFO - >> denoise_cyto3 << model set to be used
2025-12-08 11:59:02,223 - cellpose.core - INFO - ** TORCH MPS version installed and working. **
2025-12-08 11:59:02,223 - cellpose.core - INFO - >>>> using GPU (MPS)
2025-12-08 11:59:02,366 - cellpose.denoise - INFO - >>>> model diam_mean =  30.000 (ROIs rescaled to this size during training)
2025-12-08 11:59:02,367 - cellpose.models - INFO - >> cyto3 << model set to be used
2025-12-08 11:59:02,368 - cellpose.core - INFO - ** TORCH MPS version installed and working. **
2025-12-08 11:59:02,368 - cellpose.core - INFO - >>>> using GPU (MPS)
2025-12-08 11:59:02,431 - cellpose.models - INFO - >>>> loading model /Users/nzlab-la/.cellpose/models/cyto3
2025-12-08 11:59:02,499 - cellpose.models - INFO - >>>> model diam_mean =  30.000 (ROIs rescaled to this size during training)
2025-12-08 11:59:02,499 - root - INFO - Running Cellpose with flow_threshold=0.0, diameter=75, gpu=unknown
2025-12-08 11:59:03,041 - root - INFO - Cellpose eval finished. Masks max: 3
2025-12-08 11:59:03,044 - root - INFO - Running Cellpose with flow_threshold=0.0, diameter=150, gpu=unknown
2025-12-08 11:59:03,962 - root - INFO - Cellpose eval finished. Masks max: 19
2025-12-08 11:59:03,976 - root - INFO - Running Cellpose with flow_threshold=0.0, diameter=225, gpu=unknown
2025-12-08 11:59:04,953 - root - INFO - Cellpose eval finished. Masks max: 18
2025-12-08 11:59:04,965 - root - INFO - Running Cellpose with flow_threshold=0.0, diameter=300, gpu=unknown
2025-12-08 11:59:06,288 - root - INFO - Cellpose eval finished. Masks max: 16
2025-12-08 11:59:06,299 - root - INFO - Running Cellpose with flow_threshold=0.0, diameter=375, gpu=unknown
2025-12-08 11:59:07,525 - root - INFO - Cellpose eval finished. Masks max: 8
2025-12-08 11:59:07,531 - root - INFO - Running Cellpose with flow_threshold=0.125, diameter=75, gpu=unknown
2025-12-08 11:59:08,685 - root - INFO - Cellpose eval finished. Masks max: 0
2025-12-08 11:59:08,686 - root - INFO - Running Cellpose with flow_threshold=0.125, diameter=150, gpu=unknown
2025-12-08 11:59:13,178 - root - INFO - Cellpose eval finished. Masks max: 9
2025-12-08 11:59:13,186 - root - INFO - Running Cellpose with flow_threshold=0.125, diameter=225, gpu=unknown
2025-12-08 11:59:16,753 - root - INFO - Cellpose eval finished. Masks max: 9
2025-12-08 11:59:16,760 - root - INFO - Running Cellpose with flow_threshold=0.125, diameter=300, gpu=unknown
2025-12-08 11:59:22,524 - root - INFO - Cellpose eval finished. Masks max: 5
2025-12-08 11:59:22,529 - root - INFO - Running Cellpose with flow_threshold=0.125, diameter=375, gpu=unknown
2025-12-08 11:59:26,357 - root - INFO - Cellpose eval finished. Masks max: 0
2025-12-08 11:59:26,357 - root - INFO - Running Cellpose with flow_threshold=0.25, diameter=75, gpu=unknown
2025-12-08 11:59:26,812 - root - INFO - Cellpose eval finished. Masks max: 2
2025-12-08 11:59:26,814 - root - INFO - Running Cellpose with flow_threshold=0.25, diameter=150, gpu=unknown
2025-12-08 11:59:31,298 - root - INFO - Cellpose eval finished. Masks max: 15
2025-12-08 11:59:31,309 - root - INFO - Running Cellpose with flow_threshold=0.25, diameter=225, gpu=unknown
2025-12-08 11:59:34,907 - root - INFO - Cellpose eval finished. Masks max: 17
2025-12-08 11:59:34,923 - root - INFO - Running Cellpose with flow_threshold=0.25, diameter=300, gpu=unknown
2025-12-08 11:59:40,719 - root - INFO - Cellpose eval finished. Masks max: 12
2025-12-08 11:59:40,727 - root - INFO - Running Cellpose with flow_threshold=0.25, diameter=375, gpu=unknown
2025-12-08 11:59:44,530 - root - INFO - Cellpose eval finished. Masks max: 1
2025-12-08 11:59:44,532 - root - INFO - Running Cellpose with flow_threshold=0.375, diameter=75, gpu=unknown
2025-12-08 11:59:44,991 - root - INFO - Cellpose eval finished. Masks max: 2
2025-12-08 11:59:44,993 - root - INFO - Running Cellpose with flow_threshold=0.375, diameter=150, gpu=unknown
2025-12-08 11:59:49,497 - root - INFO - Cellpose eval finished. Masks max: 17
2025-12-08 11:59:49,507 - root - INFO - Running Cellpose with flow_threshold=0.375, diameter=225, gpu=unknown
2025-12-08 11:59:53,093 - root - INFO - Cellpose eval finished. Masks max: 17
2025-12-08 11:59:53,107 - root - INFO - Running Cellpose with flow_threshold=0.375, diameter=300, gpu=unknown
2025-12-08 11:59:58,960 - root - INFO - Cellpose eval finished. Masks max: 15
2025-12-08 11:59:58,971 - root - INFO - Running Cellpose with flow_threshold=0.375, diameter=375, gpu=unknown
2025-12-08 12:00:02,892 - root - INFO - Cellpose eval finished. Masks max: 4
2025-12-08 12:00:02,896 - root - INFO - Running Cellpose with flow_threshold=0.5, diameter=75, gpu=unknown
2025-12-08 12:00:03,360 - root - INFO - Cellpose eval finished. Masks max: 3
2025-12-08 12:00:03,363 - root - INFO - Running Cellpose with flow_threshold=0.5, diameter=150, gpu=unknown
2025-12-08 12:00:08,023 - root - INFO - Cellpose eval finished. Masks max: 18
2025-12-08 12:00:08,035 - root - INFO - Running Cellpose with flow_threshold=0.5, diameter=225, gpu=unknown
2025-12-08 12:00:11,793 - root - INFO - Cellpose eval finished. Masks max: 18
2025-12-08 12:00:11,809 - root - INFO - Running Cellpose with flow_threshold=0.5, diameter=300, gpu=unknown
2025-12-08 12:00:17,753 - root - INFO - Cellpose eval finished. Masks max: 16
2025-12-08 12:00:17,764 - root - INFO - Running Cellpose with flow_threshold=0.5, diameter=375, gpu=unknown
2025-12-08 12:00:21,592 - root - INFO - Cellpose eval finished. Masks max: 6
2025-12-08 12:00:47,016 - cellpose.denoise - INFO - >> denoise_cyto3 << model set to be used
2025-12-08 12:00:47,021 - cellpose.core - INFO - ** TORCH MPS version installed and working. **
2025-12-08 12:00:47,021 - cellpose.core - INFO - >>>> using GPU (MPS)
2025-12-08 12:00:47,170 - cellpose.denoise - INFO - >>>> model diam_mean =  30.000 (ROIs rescaled to this size during training)
2025-12-08 12:00:47,170 - cellpose.models - INFO - >> cyto3 << model set to be used
2025-12-08 12:00:47,171 - cellpose.core - INFO - ** TORCH MPS version installed and working. **
2025-12-08 12:00:47,171 - cellpose.core - INFO - >>>> using GPU (MPS)
2025-12-08 12:00:47,235 - cellpose.models - INFO - >>>> loading model /Users/nzlab-la/.cellpose/models/cyto3
2025-12-08 12:00:47,299 - cellpose.models - INFO - >>>> model diam_mean =  30.000 (ROIs rescaled to this size during training)
2025-12-08 12:00:47,299 - root - INFO - Running Cellpose with flow_threshold=0.0, diameter=30, gpu=unknown
2025-12-08 12:00:48,441 - root - INFO - Cellpose eval finished. Masks max: 15
2025-12-08 12:00:48,452 - root - INFO - Running Cellpose with flow_threshold=0.0, diameter=60, gpu=unknown
2025-12-08 12:00:48,778 - root - INFO - Cellpose eval finished. Masks max: 18
2025-12-08 12:00:48,792 - root - INFO - Running Cellpose with flow_threshold=0.0, diameter=90, gpu=unknown
2025-12-08 12:00:49,151 - root - INFO - Cellpose eval finished. Masks max: 17
2025-12-08 12:00:49,164 - root - INFO - Running Cellpose with flow_threshold=0.0, diameter=120, gpu=unknown
2025-12-08 12:00:49,524 - root - INFO - Cellpose eval finished. Masks max: 18
2025-12-08 12:00:49,535 - root - INFO - Running Cellpose with flow_threshold=0.0, diameter=150, gpu=unknown
2025-12-08 12:00:49,892 - root - INFO - Cellpose eval finished. Masks max: 20
2025-12-08 12:00:49,905 - root - INFO - Running Cellpose with flow_threshold=0.125, diameter=30, gpu=unknown
2025-12-08 12:00:50,829 - root - INFO - Cellpose eval finished. Masks max: 1
2025-12-08 12:00:50,830 - root - INFO - Running Cellpose with flow_threshold=0.125, diameter=60, gpu=unknown
2025-12-08 12:00:51,524 - root - INFO - Cellpose eval finished. Masks max: 15
2025-12-08 12:00:51,536 - root - INFO - Running Cellpose with flow_threshold=0.125, diameter=90, gpu=unknown
2025-12-08 12:00:52,275 - root - INFO - Cellpose eval finished. Masks max: 15
2025-12-08 12:00:52,286 - root - INFO - Running Cellpose with flow_threshold=0.125, diameter=120, gpu=unknown
2025-12-08 12:00:52,979 - root - INFO - Cellpose eval finished. Masks max: 14
2025-12-08 12:00:52,992 - root - INFO - Running Cellpose with flow_threshold=0.125, diameter=150, gpu=unknown
2025-12-08 12:00:53,727 - root - INFO - Cellpose eval finished. Masks max: 12
2025-12-08 12:00:53,736 - root - INFO - Running Cellpose with flow_threshold=0.25, diameter=30, gpu=unknown
2025-12-08 12:00:54,724 - root - INFO - Cellpose eval finished. Masks max: 5
2025-12-08 12:00:54,728 - root - INFO - Running Cellpose with flow_threshold=0.25, diameter=60, gpu=unknown
2025-12-08 12:00:55,455 - root - INFO - Cellpose eval finished. Masks max: 17
2025-12-08 12:00:55,467 - root - INFO - Running Cellpose with flow_threshold=0.25, diameter=90, gpu=unknown
2025-12-08 12:00:56,239 - root - INFO - Cellpose eval finished. Masks max: 16
2025-12-08 12:00:56,253 - root - INFO - Running Cellpose with flow_threshold=0.25, diameter=120, gpu=unknown
2025-12-08 12:00:56,953 - root - INFO - Cellpose eval finished. Masks max: 17
2025-12-08 12:00:56,965 - root - INFO - Running Cellpose with flow_threshold=0.25, diameter=150, gpu=unknown
2025-12-08 12:00:57,690 - root - INFO - Cellpose eval finished. Masks max: 17
2025-12-08 12:00:57,702 - root - INFO - Running Cellpose with flow_threshold=0.375, diameter=30, gpu=unknown
2025-12-08 12:00:58,564 - root - INFO - Cellpose eval finished. Masks max: 8
2025-12-08 12:00:58,569 - root - INFO - Running Cellpose with flow_threshold=0.375, diameter=60, gpu=unknown
2025-12-08 12:00:59,244 - root - INFO - Cellpose eval finished. Masks max: 18
2025-12-08 12:00:59,257 - root - INFO - Running Cellpose with flow_threshold=0.375, diameter=90, gpu=unknown
2025-12-08 12:00:59,978 - root - INFO - Cellpose eval finished. Masks max: 17
2025-12-08 12:00:59,990 - root - INFO - Running Cellpose with flow_threshold=0.375, diameter=120, gpu=unknown
2025-12-08 12:01:00,661 - root - INFO - Cellpose eval finished. Masks max: 17
2025-12-08 12:01:00,673 - root - INFO - Running Cellpose with flow_threshold=0.375, diameter=150, gpu=unknown
2025-12-08 12:01:01,378 - root - INFO - Cellpose eval finished. Masks max: 18
2025-12-08 12:01:01,389 - root - INFO - Running Cellpose with flow_threshold=0.5, diameter=30, gpu=unknown
2025-12-08 12:01:02,238 - root - INFO - Cellpose eval finished. Masks max: 8
2025-12-08 12:01:02,242 - root - INFO - Running Cellpose with flow_threshold=0.5, diameter=60, gpu=unknown
2025-12-08 12:01:02,909 - root - INFO - Cellpose eval finished. Masks max: 18
2025-12-08 12:01:02,919 - root - INFO - Running Cellpose with flow_threshold=0.5, diameter=90, gpu=unknown
2025-12-08 12:01:03,642 - root - INFO - Cellpose eval finished. Masks max: 17
2025-12-08 12:01:03,652 - root - INFO - Running Cellpose with flow_threshold=0.5, diameter=120, gpu=unknown
2025-12-08 12:01:04,322 - root - INFO - Cellpose eval finished. Masks max: 18
2025-12-08 12:01:04,333 - root - INFO - Running Cellpose with flow_threshold=0.5, diameter=150, gpu=unknown
2025-12-08 12:01:05,044 - root - INFO - Cellpose eval finished. Masks max: 18
2025-12-08 12:14:33,760 - tifffile - WARNING - <tifffile.TiffFile 'eIF4G cleavage …9.03.03 pos9.tif'> OME series expected 4 frames, got 580
2025-12-08 12:14:33,778 - tifffile - WARNING - <tifffile.TiffFile 'eIF4G cleavage …9.03.03 pos9.tif'> OME series expected 4 frames, got 580
2025-12-08 12:19:52,421 - root - WARNING - Qt Warning: Could not parse application stylesheet
2025-12-08 12:20:09,335 - cellpose.denoise - INFO - >> denoise_cyto3 << model set to be used
2025-12-08 12:20:09,341 - cellpose.core - INFO - ** TORCH MPS version installed and working. **
2025-12-08 12:20:09,341 - cellpose.core - INFO - >>>> using GPU (MPS)
2025-12-08 12:20:09,480 - cellpose.denoise - INFO - >>>> model diam_mean =  30.000 (ROIs rescaled to this size during training)
2025-12-08 12:20:09,481 - cellpose.models - INFO - >> cyto3 << model set to be used
2025-12-08 12:20:09,482 - cellpose.core - INFO - ** TORCH MPS version installed and working. **
2025-12-08 12:20:09,482 - cellpose.core - INFO - >>>> using GPU (MPS)
2025-12-08 12:20:09,537 - cellpose.models - INFO - >>>> loading model /Users/nzlab-la/.cellpose/models/cyto3
2025-12-08 12:20:09,606 - cellpose.models - INFO - >>>> model diam_mean =  30.000 (ROIs rescaled to this size during training)
2025-12-08 12:20:09,606 - root - INFO - Running Cellpose with flow_threshold=0.0, diameter=75, gpu=unknown
2025-12-08 12:20:10,165 - root - INFO - Cellpose eval finished. Masks max: 3
2025-12-08 12:20:10,167 - root - INFO - Running Cellpose with flow_threshold=0.0, diameter=150, gpu=unknown
2025-12-08 12:20:11,047 - root - INFO - Cellpose eval finished. Masks max: 19
2025-12-08 12:20:11,060 - root - INFO - Running Cellpose with flow_threshold=0.0, diameter=225, gpu=unknown
2025-12-08 12:20:12,031 - root - INFO - Cellpose eval finished. Masks max: 18
2025-12-08 12:20:12,043 - root - INFO - Running Cellpose with flow_threshold=0.0, diameter=300, gpu=unknown
2025-12-08 12:20:13,341 - root - INFO - Cellpose eval finished. Masks max: 16
2025-12-08 12:20:13,352 - root - INFO - Running Cellpose with flow_threshold=0.0, diameter=375, gpu=unknown
2025-12-08 12:20:14,728 - root - INFO - Cellpose eval finished. Masks max: 8
2025-12-08 12:20:14,734 - root - INFO - Running Cellpose with flow_threshold=0.125, diameter=75, gpu=unknown
2025-12-08 12:20:15,642 - root - INFO - Cellpose eval finished. Masks max: 0
2025-12-08 12:20:15,642 - root - INFO - Running Cellpose with flow_threshold=0.125, diameter=150, gpu=unknown
2025-12-08 12:20:20,077 - root - INFO - Cellpose eval finished. Masks max: 9
2025-12-08 12:20:20,084 - root - INFO - Running Cellpose with flow_threshold=0.125, diameter=225, gpu=unknown
2025-12-08 12:20:23,573 - root - INFO - Cellpose eval finished. Masks max: 9
2025-12-08 12:20:23,580 - root - INFO - Running Cellpose with flow_threshold=0.125, diameter=300, gpu=unknown
2025-12-08 12:20:29,287 - root - INFO - Cellpose eval finished. Masks max: 5
2025-12-08 12:20:29,292 - root - INFO - Running Cellpose with flow_threshold=0.125, diameter=375, gpu=unknown
2025-12-08 12:20:33,153 - root - INFO - Cellpose eval finished. Masks max: 0
2025-12-08 12:20:33,154 - root - INFO - Running Cellpose with flow_threshold=0.25, diameter=75, gpu=unknown
2025-12-08 12:20:33,611 - root - INFO - Cellpose eval finished. Masks max: 2
2025-12-08 12:20:33,613 - root - INFO - Running Cellpose with flow_threshold=0.25, diameter=150, gpu=unknown
2025-12-08 12:20:38,019 - root - INFO - Cellpose eval finished. Masks max: 15
2025-12-08 12:20:38,031 - root - INFO - Running Cellpose with flow_threshold=0.25, diameter=225, gpu=unknown
2025-12-08 12:20:41,481 - root - INFO - Cellpose eval finished. Masks max: 17
2025-12-08 12:20:41,494 - root - INFO - Running Cellpose with flow_threshold=0.25, diameter=300, gpu=unknown
2025-12-08 12:20:47,211 - root - INFO - Cellpose eval finished. Masks max: 12
2025-12-08 12:20:47,221 - root - INFO - Running Cellpose with flow_threshold=0.25, diameter=375, gpu=unknown
2025-12-08 12:20:51,102 - root - INFO - Cellpose eval finished. Masks max: 1
2025-12-08 12:20:51,103 - root - INFO - Running Cellpose with flow_threshold=0.375, diameter=75, gpu=unknown
2025-12-08 12:20:51,559 - root - INFO - Cellpose eval finished. Masks max: 2
2025-12-08 12:20:51,561 - root - INFO - Running Cellpose with flow_threshold=0.375, diameter=150, gpu=unknown
2025-12-08 12:20:56,418 - root - INFO - Cellpose eval finished. Masks max: 17
2025-12-08 12:20:56,433 - root - INFO - Running Cellpose with flow_threshold=0.375, diameter=225, gpu=unknown
2025-12-08 12:21:00,149 - root - INFO - Cellpose eval finished. Masks max: 17
2025-12-08 12:21:00,162 - root - INFO - Running Cellpose with flow_threshold=0.375, diameter=300, gpu=unknown
2025-12-08 12:21:06,072 - root - INFO - Cellpose eval finished. Masks max: 15
2025-12-08 12:21:06,083 - root - INFO - Running Cellpose with flow_threshold=0.375, diameter=375, gpu=unknown
2025-12-08 12:21:10,081 - root - INFO - Cellpose eval finished. Masks max: 4
2025-12-08 12:21:10,085 - root - INFO - Running Cellpose with flow_threshold=0.5, diameter=75, gpu=unknown
2025-12-08 12:21:10,563 - root - INFO - Cellpose eval finished. Masks max: 3
2025-12-08 12:21:10,566 - root - INFO - Running Cellpose with flow_threshold=0.5, diameter=150, gpu=unknown
2025-12-08 12:21:15,131 - root - INFO - Cellpose eval finished. Masks max: 18
2025-12-08 12:21:15,144 - root - INFO - Running Cellpose with flow_threshold=0.5, diameter=225, gpu=unknown
2025-12-08 12:21:18,773 - root - INFO - Cellpose eval finished. Masks max: 18
2025-12-08 12:21:18,784 - root - INFO - Running Cellpose with flow_threshold=0.5, diameter=300, gpu=unknown
2025-12-08 12:21:24,503 - root - INFO - Cellpose eval finished. Masks max: 16
2025-12-08 12:21:24,515 - root - INFO - Running Cellpose with flow_threshold=0.5, diameter=375, gpu=unknown
2025-12-08 12:21:28,414 - root - INFO - Cellpose eval finished. Masks max: 6
2025-12-08 12:23:50,128 - cellpose.denoise - INFO - >> denoise_cyto3 << model set to be used
2025-12-08 12:23:50,131 - cellpose.core - INFO - ** TORCH MPS version installed and working. **
2025-12-08 12:23:50,131 - cellpose.core - INFO - >>>> using GPU (MPS)
2025-12-08 12:23:50,271 - cellpose.denoise - INFO - >>>> model diam_mean =  30.000 (ROIs rescaled to this size during training)
2025-12-08 12:23:50,271 - cellpose.models - INFO - >> cyto3 << model set to be used
2025-12-08 12:23:50,272 - cellpose.core - INFO - ** TORCH MPS version installed and working. **
2025-12-08 12:23:50,272 - cellpose.core - INFO - >>>> using GPU (MPS)
2025-12-08 12:23:50,334 - cellpose.models - INFO - >>>> loading model /Users/nzlab-la/.cellpose/models/cyto3
2025-12-08 12:23:50,399 - cellpose.models - INFO - >>>> model diam_mean =  30.000 (ROIs rescaled to this size during training)
2025-12-08 12:23:50,400 - root - INFO - Running Cellpose with flow_threshold=0.0, diameter=30, gpu=unknown
2025-12-08 12:23:51,501 - root - INFO - Cellpose eval finished. Masks max: 15
2025-12-08 12:23:51,512 - root - INFO - Running Cellpose with flow_threshold=0.0, diameter=60, gpu=unknown
2025-12-08 12:23:51,856 - root - INFO - Cellpose eval finished. Masks max: 18
2025-12-08 12:23:51,870 - root - INFO - Running Cellpose with flow_threshold=0.0, diameter=90, gpu=unknown
2025-12-08 12:23:52,277 - root - INFO - Cellpose eval finished. Masks max: 17
2025-12-08 12:23:52,289 - root - INFO - Running Cellpose with flow_threshold=0.0, diameter=120, gpu=unknown
2025-12-08 12:23:52,629 - root - INFO - Cellpose eval finished. Masks max: 18
2025-12-08 12:23:52,640 - root - INFO - Running Cellpose with flow_threshold=0.0, diameter=150, gpu=unknown
2025-12-08 12:23:52,918 - root - INFO - Cellpose eval finished. Masks max: 20
2025-12-08 12:23:52,930 - root - INFO - Running Cellpose with flow_threshold=0.125, diameter=30, gpu=unknown
2025-12-08 12:23:53,822 - root - INFO - Cellpose eval finished. Masks max: 1
2025-12-08 12:23:53,823 - root - INFO - Running Cellpose with flow_threshold=0.125, diameter=60, gpu=unknown
2025-12-08 12:23:54,528 - root - INFO - Cellpose eval finished. Masks max: 15
2025-12-08 12:23:54,539 - root - INFO - Running Cellpose with flow_threshold=0.125, diameter=90, gpu=unknown
2025-12-08 12:23:55,284 - root - INFO - Cellpose eval finished. Masks max: 15
2025-12-08 12:23:55,295 - root - INFO - Running Cellpose with flow_threshold=0.125, diameter=120, gpu=unknown
2025-12-08 12:23:55,970 - root - INFO - Cellpose eval finished. Masks max: 14
2025-12-08 12:23:55,979 - root - INFO - Running Cellpose with flow_threshold=0.125, diameter=150, gpu=unknown
2025-12-08 12:23:56,693 - root - INFO - Cellpose eval finished. Masks max: 12
2025-12-08 12:23:56,700 - root - INFO - Running Cellpose with flow_threshold=0.25, diameter=30, gpu=unknown
2025-12-08 12:23:57,572 - root - INFO - Cellpose eval finished. Masks max: 5
2025-12-08 12:23:57,576 - root - INFO - Running Cellpose with flow_threshold=0.25, diameter=60, gpu=unknown
2025-12-08 12:23:58,255 - root - INFO - Cellpose eval finished. Masks max: 17
2025-12-08 12:23:58,265 - root - INFO - Running Cellpose with flow_threshold=0.25, diameter=90, gpu=unknown
2025-12-08 12:23:58,990 - root - INFO - Cellpose eval finished. Masks max: 16
2025-12-08 12:23:59,000 - root - INFO - Running Cellpose with flow_threshold=0.25, diameter=120, gpu=unknown
2025-12-08 12:23:59,679 - root - INFO - Cellpose eval finished. Masks max: 17
2025-12-08 12:23:59,691 - root - INFO - Running Cellpose with flow_threshold=0.25, diameter=150, gpu=unknown
2025-12-08 12:24:00,412 - root - INFO - Cellpose eval finished. Masks max: 17
2025-12-08 12:24:00,423 - root - INFO - Running Cellpose with flow_threshold=0.375, diameter=30, gpu=unknown
2025-12-08 12:24:01,291 - root - INFO - Cellpose eval finished. Masks max: 8
2025-12-08 12:24:01,297 - root - INFO - Running Cellpose with flow_threshold=0.375, diameter=60, gpu=unknown
2025-12-08 12:24:01,974 - root - INFO - Cellpose eval finished. Masks max: 18
2025-12-08 12:24:01,985 - root - INFO - Running Cellpose with flow_threshold=0.375, diameter=90, gpu=unknown
2025-12-08 12:24:02,720 - root - INFO - Cellpose eval finished. Masks max: 17
2025-12-08 12:24:02,731 - root - INFO - Running Cellpose with flow_threshold=0.375, diameter=120, gpu=unknown
2025-12-08 12:24:03,404 - root - INFO - Cellpose eval finished. Masks max: 17
2025-12-08 12:24:03,414 - root - INFO - Running Cellpose with flow_threshold=0.375, diameter=150, gpu=unknown
2025-12-08 12:24:04,100 - root - INFO - Cellpose eval finished. Masks max: 18
2025-12-08 12:24:04,113 - root - INFO - Running Cellpose with flow_threshold=0.5, diameter=30, gpu=unknown
2025-12-08 12:24:04,991 - root - INFO - Cellpose eval finished. Masks max: 8
2025-12-08 12:24:04,997 - root - INFO - Running Cellpose with flow_threshold=0.5, diameter=60, gpu=unknown
2025-12-08 12:24:05,668 - root - INFO - Cellpose eval finished. Masks max: 18
2025-12-08 12:24:05,681 - root - INFO - Running Cellpose with flow_threshold=0.5, diameter=90, gpu=unknown
2025-12-08 12:24:06,447 - root - INFO - Cellpose eval finished. Masks max: 17
2025-12-08 12:24:06,461 - root - INFO - Running Cellpose with flow_threshold=0.5, diameter=120, gpu=unknown
2025-12-08 12:24:07,131 - root - INFO - Cellpose eval finished. Masks max: 18
2025-12-08 12:24:07,144 - root - INFO - Running Cellpose with flow_threshold=0.5, diameter=150, gpu=unknown
2025-12-08 12:24:07,837 - root - INFO - Cellpose eval finished. Masks max: 18
2025-12-08 12:25:35,345 - tifffile - WARNING - <tifffile.TiffFile 'eIF4G cleavage …9.03.03 pos9.tif'> OME series expected 4 frames, got 580
2025-12-08 12:25:35,363 - tifffile - WARNING - <tifffile.TiffFile 'eIF4G cleavage …9.03.03 pos9.tif'> OME series expected 4 frames, got 580
2025-12-08 12:27:06,379 - root - WARNING - Qt Warning: Could not parse application stylesheet
2025-12-08 12:27:22,892 - cellpose.denoise - INFO - >> denoise_cyto3 << model set to be used
2025-12-08 12:27:22,898 - cellpose.core - INFO - ** TORCH MPS version installed and working. **
2025-12-08 12:27:22,898 - cellpose.core - INFO - >>>> using GPU (MPS)
2025-12-08 12:27:23,036 - cellpose.denoise - INFO - >>>> model diam_mean =  30.000 (ROIs rescaled to this size during training)
2025-12-08 12:27:23,036 - cellpose.models - INFO - >> cyto3 << model set to be used
2025-12-08 12:27:23,037 - cellpose.core - INFO - ** TORCH MPS version installed and working. **
2025-12-08 12:27:23,037 - cellpose.core - INFO - >>>> using GPU (MPS)
2025-12-08 12:27:23,099 - cellpose.models - INFO - >>>> loading model /Users/nzlab-la/.cellpose/models/cyto3
2025-12-08 12:27:23,168 - cellpose.models - INFO - >>>> model diam_mean =  30.000 (ROIs rescaled to this size during training)
2025-12-08 12:28:50,237 - root - WARNING - Qt Warning: Could not parse application stylesheet
2025-12-08 12:29:01,468 - cellpose.denoise - INFO - >> denoise_cyto3 << model set to be used
2025-12-08 12:29:01,472 - cellpose.core - INFO - ** TORCH MPS version installed and working. **
2025-12-08 12:29:01,472 - cellpose.core - INFO - >>>> using GPU (MPS)
2025-12-08 12:29:01,601 - cellpose.denoise - INFO - >>>> model diam_mean =  30.000 (ROIs rescaled to this size during training)
2025-12-08 12:29:01,601 - cellpose.models - INFO - >> cyto3 << model set to be used
2025-12-08 12:29:01,602 - cellpose.core - INFO - ** TORCH MPS version installed and working. **
2025-12-08 12:29:01,602 - cellpose.core - INFO - >>>> using GPU (MPS)
2025-12-08 12:29:01,659 - cellpose.models - INFO - >>>> loading model /Users/nzlab-la/.cellpose/models/cyto3
2025-12-08 12:29:01,725 - cellpose.models - INFO - >>>> model diam_mean =  30.000 (ROIs rescaled to this size during training)
2025-12-08 12:29:01,725 - root - INFO - Running Cellpose with flow_threshold=0.3, diameter=75, gpu=unknown
2025-12-08 12:29:02,852 - root - INFO - Cellpose eval finished. Masks max: 2
2025-12-08 12:29:02,854 - root - INFO - Running Cellpose with flow_threshold=0.3, diameter=150, gpu=unknown
2025-12-08 12:29:07,433 - root - INFO - Cellpose eval finished. Masks max: 16
2025-12-08 12:29:07,443 - root - INFO - Running Cellpose with flow_threshold=0.3, diameter=225, gpu=unknown
2025-12-08 12:29:11,079 - root - INFO - Cellpose eval finished. Masks max: 17
2025-12-08 12:29:11,091 - root - INFO - Running Cellpose with flow_threshold=0.45, diameter=75, gpu=unknown
2025-12-08 12:29:11,543 - root - INFO - Cellpose eval finished. Masks max: 3
2025-12-08 12:29:11,545 - root - INFO - Running Cellpose with flow_threshold=0.45, diameter=150, gpu=unknown
2025-12-08 12:29:15,965 - root - INFO - Cellpose eval finished. Masks max: 17
2025-12-08 12:29:15,977 - root - INFO - Running Cellpose with flow_threshold=0.45, diameter=225, gpu=unknown
2025-12-08 12:29:19,496 - root - INFO - Cellpose eval finished. Masks max: 18
2025-12-08 12:29:19,509 - root - INFO - Running Cellpose with flow_threshold=0.8, diameter=75, gpu=unknown
2025-12-08 12:29:19,961 - root - INFO - Cellpose eval finished. Masks max: 3
2025-12-08 12:29:19,963 - root - INFO - Running Cellpose with flow_threshold=0.8, diameter=150, gpu=unknown
2025-12-08 12:29:24,427 - root - INFO - Cellpose eval finished. Masks max: 19
2025-12-08 12:29:24,441 - root - INFO - Running Cellpose with flow_threshold=0.8, diameter=225, gpu=unknown
2025-12-08 12:29:28,090 - root - INFO - Cellpose eval finished. Masks max: 18
2025-12-08 12:57:02,623 - root - WARNING - Qt Warning: Could not parse application stylesheet
2025-12-08 12:57:16,861 - cellpose.denoise - INFO - >> denoise_cyto3 << model set to be used
2025-12-08 12:57:16,869 - cellpose.core - INFO - ** TORCH MPS version installed and working. **
2025-12-08 12:57:16,869 - cellpose.core - INFO - >>>> using GPU (MPS)
2025-12-08 12:57:17,016 - cellpose.denoise - INFO - >>>> model diam_mean =  30.000 (ROIs rescaled to this size during training)
2025-12-08 12:57:17,017 - cellpose.models - INFO - >> cyto3 << model set to be used
2025-12-08 12:57:17,018 - cellpose.core - INFO - ** TORCH MPS version installed and working. **
2025-12-08 12:57:17,018 - cellpose.core - INFO - >>>> using GPU (MPS)
2025-12-08 12:57:17,077 - cellpose.models - INFO - >>>> loading model /Users/nzlab-la/.cellpose/models/cyto3
2025-12-08 12:57:17,147 - cellpose.models - INFO - >>>> model diam_mean =  30.000 (ROIs rescaled to this size during training)
2025-12-08 12:57:17,148 - root - INFO - Running Cellpose (no optimization)
2025-12-08 12:57:18,817 - root - ERROR - Error during cellpose evaluation: Cannot convert a MPS Tensor to float64 dtype as the MPS framework doesn't support float64. Please use float32 instead.
2025-12-08 12:58:30,135 - root - WARNING - Qt Warning: Could not parse application stylesheet
2025-12-08 12:58:40,550 - cellpose.denoise - INFO - >> denoise_cyto3 << model set to be used
2025-12-08 12:58:40,555 - cellpose.core - INFO - ** TORCH MPS version installed and working. **
2025-12-08 12:58:40,555 - cellpose.core - INFO - >>>> using GPU (MPS)
2025-12-08 12:58:40,687 - cellpose.denoise - INFO - >>>> model diam_mean =  30.000 (ROIs rescaled to this size during training)
2025-12-08 12:58:40,688 - cellpose.models - INFO - >> cyto3 << model set to be used
2025-12-08 12:58:40,689 - cellpose.core - INFO - ** TORCH MPS version installed and working. **
2025-12-08 12:58:40,689 - cellpose.core - INFO - >>>> using GPU (MPS)
2025-12-08 12:58:40,743 - cellpose.models - INFO - >>>> loading model /Users/nzlab-la/.cellpose/models/cyto3
2025-12-08 12:58:40,807 - cellpose.models - INFO - >>>> model diam_mean =  30.000 (ROIs rescaled to this size during training)
2025-12-08 12:58:40,807 - root - INFO - Running Cellpose (no optimization)
2025-12-08 12:58:45,966 - root - INFO - Cellpose eval finished. Masks max: 17
2025-12-08 12:58:54,954 - cellpose.denoise - INFO - >> denoise_cyto3 << model set to be used
2025-12-08 12:58:54,957 - cellpose.core - INFO - ** TORCH MPS version installed and working. **
2025-12-08 12:58:54,957 - cellpose.core - INFO - >>>> using GPU (MPS)
2025-12-08 12:58:55,089 - cellpose.denoise - INFO - >>>> model diam_mean =  30.000 (ROIs rescaled to this size during training)
2025-12-08 12:58:55,089 - cellpose.models - INFO - >> cyto3 << model set to be used
2025-12-08 12:58:55,090 - cellpose.core - INFO - ** TORCH MPS version installed and working. **
2025-12-08 12:58:55,090 - cellpose.core - INFO - >>>> using GPU (MPS)
2025-12-08 12:58:55,149 - cellpose.models - INFO - >>>> loading model /Users/nzlab-la/.cellpose/models/cyto3
2025-12-08 12:58:55,212 - cellpose.models - INFO - >>>> model diam_mean =  30.000 (ROIs rescaled to this size during training)
2025-12-08 12:58:55,212 - root - INFO - Running Cellpose (no optimization)
2025-12-08 12:58:55,973 - root - INFO - Cellpose eval finished. Masks max: 18
2025-12-08 12:59:27,643 - tifffile - WARNING - <tifffile.TiffFile 'eIF4G cleavage …9.03.03 pos9.tif'> OME series expected 4 frames, got 580
2025-12-08 12:59:27,661 - tifffile - WARNING - <tifffile.TiffFile 'eIF4G cleavage …9.03.03 pos9.tif'> OME series expected 4 frames, got 580
2025-12-08 12:59:42,389 - cellpose.denoise - INFO - >> denoise_cyto3 << model set to be used
2025-12-08 12:59:42,393 - cellpose.core - INFO - ** TORCH MPS version installed and working. **
2025-12-08 12:59:42,393 - cellpose.core - INFO - >>>> using GPU (MPS)
2025-12-08 12:59:42,574 - cellpose.denoise - INFO - >>>> model diam_mean =  30.000 (ROIs rescaled to this size during training)
2025-12-08 12:59:42,575 - cellpose.models - INFO - >> cyto3 << model set to be used
2025-12-08 12:59:42,576 - cellpose.core - INFO - ** TORCH MPS version installed and working. **
2025-12-08 12:59:42,576 - cellpose.core - INFO - >>>> using GPU (MPS)
2025-12-08 12:59:42,635 - cellpose.models - INFO - >>>> loading model /Users/nzlab-la/.cellpose/models/cyto3
2025-12-08 12:59:42,702 - cellpose.models - INFO - >>>> model diam_mean =  30.000 (ROIs rescaled to this size during training)
2025-12-08 12:59:42,702 - root - INFO - Running Cellpose (no optimization)
2025-12-08 12:59:45,859 - root - INFO - Cellpose eval finished. Masks max: 14
2025-12-08 13:01:07,098 - cellpose.denoise - INFO - >> denoise_cyto3 << model set to be used
2025-12-08 13:01:07,101 - cellpose.core - INFO - ** TORCH MPS version installed and working. **
2025-12-08 13:01:07,101 - cellpose.core - INFO - >>>> using GPU (MPS)
2025-12-08 13:01:07,242 - cellpose.denoise - INFO - >>>> model diam_mean =  30.000 (ROIs rescaled to this size during training)
2025-12-08 13:01:07,242 - cellpose.models - INFO - >> cyto3 << model set to be used
2025-12-08 13:01:07,243 - cellpose.core - INFO - ** TORCH MPS version installed and working. **
2025-12-08 13:01:07,243 - cellpose.core - INFO - >>>> using GPU (MPS)
2025-12-08 13:01:07,299 - cellpose.models - INFO - >>>> loading model /Users/nzlab-la/.cellpose/models/cyto3
2025-12-08 13:01:07,364 - cellpose.models - INFO - >>>> model diam_mean =  30.000 (ROIs rescaled to this size during training)
2025-12-08 13:01:07,365 - root - INFO - Running Cellpose (no optimization)
2025-12-08 13:01:08,206 - root - INFO - Cellpose eval finished. Masks max: 6
2025-12-08 13:01:30,569 - cellpose.denoise - INFO - >> denoise_cyto3 << model set to be used
2025-12-08 13:01:30,573 - cellpose.core - INFO - ** TORCH MPS version installed and working. **
2025-12-08 13:01:30,573 - cellpose.core - INFO - >>>> using GPU (MPS)
2025-12-08 13:01:30,731 - cellpose.denoise - INFO - >>>> model diam_mean =  30.000 (ROIs rescaled to this size during training)
2025-12-08 13:01:30,732 - cellpose.models - INFO - >> cyto3 << model set to be used
2025-12-08 13:01:30,733 - cellpose.core - INFO - ** TORCH MPS version installed and working. **
2025-12-08 13:01:30,733 - cellpose.core - INFO - >>>> using GPU (MPS)
2025-12-08 13:01:30,788 - cellpose.models - INFO - >>>> loading model /Users/nzlab-la/.cellpose/models/cyto3
2025-12-08 13:01:30,854 - cellpose.models - INFO - >>>> model diam_mean =  30.000 (ROIs rescaled to this size during training)
2025-12-08 13:01:30,854 - root - INFO - Running Cellpose (no optimization)
2025-12-08 13:01:31,591 - root - INFO - Cellpose eval finished. Masks max: 7
2025-12-08 13:10:48,639 - root - WARNING - Qt Warning: Could not parse application stylesheet
2025-12-08 13:11:01,097 - cellpose.denoise - INFO - >> denoise_cyto3 << model set to be used
2025-12-08 13:11:01,104 - cellpose.core - INFO - ** TORCH MPS version installed and working. **
2025-12-08 13:11:01,104 - cellpose.core - INFO - >>>> using GPU (MPS)
2025-12-08 13:11:01,267 - cellpose.denoise - INFO - >>>> model diam_mean =  30.000 (ROIs rescaled to this size during training)
2025-12-08 13:11:01,267 - cellpose.models - INFO - >> cyto3 << model set to be used
2025-12-08 13:11:01,268 - cellpose.core - INFO - ** TORCH MPS version installed and working. **
2025-12-08 13:11:01,268 - cellpose.core - INFO - >>>> using GPU (MPS)
2025-12-08 13:11:01,327 - cellpose.models - INFO - >>>> loading model /Users/nzlab-la/.cellpose/models/cyto3
2025-12-08 13:11:01,398 - cellpose.models - INFO - >>>> model diam_mean =  30.000 (ROIs rescaled to this size during training)
2025-12-08 13:11:01,399 - root - INFO - Running Cellpose (no optimization)
2025-12-08 13:11:06,851 - root - INFO - Cellpose eval finished. Masks max: 17
2025-12-08 13:11:13,037 - cellpose.core - INFO - ** TORCH MPS version installed and working. **
2025-12-08 13:11:13,037 - cellpose.core - INFO - >>>> using GPU (MPS)
2025-12-08 13:11:13,037 - cellpose.models - INFO - >> nuclei << model set to be used
2025-12-08 13:11:13,114 - cellpose.models - INFO - >>>> loading model /Users/nzlab-la/.cellpose/models/nucleitorch_0
2025-12-08 13:11:13,182 - cellpose.models - INFO - >>>> model diam_mean =  17.000 (ROIs rescaled to this size during training)
2025-12-08 13:11:13,183 - root - INFO - Running Cellpose (no optimization)
2025-12-08 13:11:13,183 - cellpose.models - INFO - channels set to [0, 0]
2025-12-08 13:11:13,183 - cellpose.models - INFO - ~~~ FINDING MASKS ~~~
2025-12-08 13:11:13,552 - cellpose.models - INFO - >>>> TOTAL TIME 0.37 sec
2025-12-08 13:11:13,553 - root - INFO - Cellpose eval finished. Masks max: 10
2025-12-08 13:11:19,283 - cellpose.denoise - INFO - >> denoise_cyto3 << model set to be used
2025-12-08 13:11:19,287 - cellpose.core - INFO - ** TORCH MPS version installed and working. **
2025-12-08 13:11:19,287 - cellpose.core - INFO - >>>> using GPU (MPS)
2025-12-08 13:11:19,460 - cellpose.denoise - INFO - >>>> model diam_mean =  30.000 (ROIs rescaled to this size during training)
2025-12-08 13:11:19,460 - cellpose.models - INFO - >> cyto3 << model set to be used
2025-12-08 13:11:19,461 - cellpose.core - INFO - ** TORCH MPS version installed and working. **
2025-12-08 13:11:19,461 - cellpose.core - INFO - >>>> using GPU (MPS)
2025-12-08 13:11:19,525 - cellpose.models - INFO - >>>> loading model /Users/nzlab-la/.cellpose/models/cyto3
2025-12-08 13:11:19,593 - cellpose.models - INFO - >>>> model diam_mean =  30.000 (ROIs rescaled to this size during training)
2025-12-08 13:11:19,594 - root - INFO - Running Cellpose (no optimization)
2025-12-08 13:11:20,357 - root - INFO - Cellpose eval finished. Masks max: 18
2025-12-08 13:14:37,800 - root - WARNING - Qt Warning: Could not parse application stylesheet
2025-12-08 13:14:49,582 - cellpose.denoise - INFO - >> denoise_cyto3 << model set to be used
2025-12-08 13:14:49,593 - cellpose.core - INFO - ** TORCH MPS version installed and working. **
2025-12-08 13:14:49,593 - cellpose.core - INFO - >>>> using GPU (MPS)
2025-12-08 13:14:49,770 - cellpose.denoise - INFO - >>>> model diam_mean =  30.000 (ROIs rescaled to this size during training)
2025-12-08 13:14:49,770 - cellpose.models - INFO - >> cyto3 << model set to be used
2025-12-08 13:14:49,771 - cellpose.core - INFO - ** TORCH MPS version installed and working. **
2025-12-08 13:14:49,771 - cellpose.core - INFO - >>>> using GPU (MPS)
2025-12-08 13:14:49,845 - cellpose.models - INFO - >>>> loading model /Users/nzlab-la/.cellpose/models/cyto3
2025-12-08 13:14:49,921 - cellpose.models - INFO - >>>> model diam_mean =  30.000 (ROIs rescaled to this size during training)
2025-12-08 13:14:49,921 - root - INFO - Running Cellpose (no optimization)
2025-12-08 13:14:55,389 - root - INFO - Cellpose eval finished. Masks max: 17
2025-12-08 13:15:03,460 - cellpose.denoise - INFO - >> denoise_cyto3 << model set to be used
2025-12-08 13:15:03,463 - cellpose.core - INFO - ** TORCH MPS version installed and working. **
2025-12-08 13:15:03,463 - cellpose.core - INFO - >>>> using GPU (MPS)
2025-12-08 13:15:03,598 - cellpose.denoise - INFO - >>>> model diam_mean =  30.000 (ROIs rescaled to this size during training)
2025-12-08 13:15:03,598 - cellpose.models - INFO - >> cyto3 << model set to be used
2025-12-08 13:15:03,599 - cellpose.core - INFO - ** TORCH MPS version installed and working. **
2025-12-08 13:15:03,599 - cellpose.core - INFO - >>>> using GPU (MPS)
2025-12-08 13:15:03,661 - cellpose.models - INFO - >>>> loading model /Users/nzlab-la/.cellpose/models/cyto3
2025-12-08 13:15:03,725 - cellpose.models - INFO - >>>> model diam_mean =  30.000 (ROIs rescaled to this size during training)
2025-12-08 13:15:03,726 - root - INFO - Running Cellpose (no optimization)
2025-12-08 13:15:04,489 - root - INFO - Cellpose eval finished. Masks max: 18
2025-12-08 13:24:07,087 - root - WARNING - Qt Warning: Could not parse application stylesheet
2025-12-08 13:24:23,485 - cellpose.denoise - INFO - >> denoise_cyto3 << model set to be used
2025-12-08 13:24:23,491 - cellpose.core - INFO - ** TORCH MPS version installed and working. **
2025-12-08 13:24:23,491 - cellpose.core - INFO - >>>> using GPU (MPS)
2025-12-08 13:24:23,648 - cellpose.denoise - INFO - >>>> model diam_mean =  30.000 (ROIs rescaled to this size during training)
2025-12-08 13:24:23,648 - cellpose.models - INFO - >> cyto3 << model set to be used
2025-12-08 13:24:23,649 - cellpose.core - INFO - ** TORCH MPS version installed and working. **
2025-12-08 13:24:23,649 - cellpose.core - INFO - >>>> using GPU (MPS)
2025-12-08 13:24:23,711 - cellpose.models - INFO - >>>> loading model /Users/nzlab-la/.cellpose/models/cyto3
2025-12-08 13:24:23,778 - cellpose.models - INFO - >>>> model diam_mean =  30.000 (ROIs rescaled to this size during training)
2025-12-08 13:24:23,779 - root - INFO - Running Cellpose (no optimization)
2025-12-08 13:24:28,987 - root - INFO - Cellpose eval finished. Masks max: 17
2025-12-08 13:24:35,680 - cellpose.denoise - INFO - >> denoise_cyto3 << model set to be used
2025-12-08 13:24:35,683 - cellpose.core - INFO - ** TORCH MPS version installed and working. **
2025-12-08 13:24:35,683 - cellpose.core - INFO - >>>> using GPU (MPS)
2025-12-08 13:24:35,829 - cellpose.denoise - INFO - >>>> model diam_mean =  30.000 (ROIs rescaled to this size during training)
2025-12-08 13:24:35,829 - cellpose.models - INFO - >> cyto3 << model set to be used
2025-12-08 13:24:35,830 - cellpose.core - INFO - ** TORCH MPS version installed and working. **
2025-12-08 13:24:35,830 - cellpose.core - INFO - >>>> using GPU (MPS)
2025-12-08 13:24:35,885 - cellpose.models - INFO - >>>> loading model /Users/nzlab-la/.cellpose/models/cyto3
2025-12-08 13:24:35,947 - cellpose.models - INFO - >>>> model diam_mean =  30.000 (ROIs rescaled to this size during training)
2025-12-08 13:24:35,947 - root - INFO - Running Cellpose (no optimization)
2025-12-08 13:24:36,691 - root - INFO - Cellpose eval finished. Masks max: 18
2025-12-08 13:24:52,017 - cellpose.denoise - INFO - >> denoise_cyto3 << model set to be used
2025-12-08 13:24:52,020 - cellpose.core - INFO - ** TORCH MPS version installed and working. **
2025-12-08 13:24:52,020 - cellpose.core - INFO - >>>> using GPU (MPS)
2025-12-08 13:24:52,163 - cellpose.denoise - INFO - >>>> model diam_mean =  30.000 (ROIs rescaled to this size during training)
2025-12-08 13:24:52,163 - cellpose.models - INFO - >> cyto3 << model set to be used
2025-12-08 13:24:52,164 - cellpose.core - INFO - ** TORCH MPS version installed and working. **
2025-12-08 13:24:52,165 - cellpose.core - INFO - >>>> using GPU (MPS)
2025-12-08 13:24:52,223 - cellpose.models - INFO - >>>> loading model /Users/nzlab-la/.cellpose/models/cyto3
2025-12-08 13:24:52,286 - cellpose.models - INFO - >>>> model diam_mean =  30.000 (ROIs rescaled to this size during training)
2025-12-08 13:24:52,286 - root - INFO - Running Cellpose (no optimization)
2025-12-08 13:24:56,747 - root - INFO - Cellpose eval finished. Masks max: 17
2025-12-08 13:25:02,373 - cellpose.denoise - INFO - >> denoise_cyto3 << model set to be used
2025-12-08 13:25:02,376 - cellpose.core - INFO - ** TORCH MPS version installed and working. **
2025-12-08 13:25:02,376 - cellpose.core - INFO - >>>> using GPU (MPS)
2025-12-08 13:25:02,521 - cellpose.denoise - INFO - >>>> model diam_mean =  30.000 (ROIs rescaled to this size during training)
2025-12-08 13:25:02,521 - cellpose.models - INFO - >> cyto3 << model set to be used
2025-12-08 13:25:02,522 - cellpose.core - INFO - ** TORCH MPS version installed and working. **
2025-12-08 13:25:02,522 - cellpose.core - INFO - >>>> using GPU (MPS)
2025-12-08 13:25:02,579 - cellpose.models - INFO - >>>> loading model /Users/nzlab-la/.cellpose/models/cyto3
2025-12-08 13:25:02,644 - cellpose.models - INFO - >>>> model diam_mean =  30.000 (ROIs rescaled to this size during training)
2025-12-08 13:25:02,644 - root - INFO - Running Cellpose (no optimization)
2025-12-08 13:25:07,089 - root - INFO - Cellpose eval finished. Masks max: 17
2025-12-08 13:25:09,638 - cellpose.denoise - INFO - >> denoise_cyto3 << model set to be used
2025-12-08 13:25:09,642 - cellpose.core - INFO - ** TORCH MPS version installed and working. **
2025-12-08 13:25:09,642 - cellpose.core - INFO - >>>> using GPU (MPS)
2025-12-08 13:25:09,804 - cellpose.denoise - INFO - >>>> model diam_mean =  30.000 (ROIs rescaled to this size during training)
2025-12-08 13:25:09,804 - cellpose.models - INFO - >> cyto3 << model set to be used
2025-12-08 13:25:09,805 - cellpose.core - INFO - ** TORCH MPS version installed and working. **
2025-12-08 13:25:09,805 - cellpose.core - INFO - >>>> using GPU (MPS)
2025-12-08 13:25:09,863 - cellpose.models - INFO - >>>> loading model /Users/nzlab-la/.cellpose/models/cyto3
2025-12-08 13:25:09,926 - cellpose.models - INFO - >>>> model diam_mean =  30.000 (ROIs rescaled to this size during training)
2025-12-08 13:25:09,926 - root - INFO - Running Cellpose (no optimization)
2025-12-08 13:25:10,591 - root - INFO - Cellpose eval finished. Masks max: 18
2025-12-08 13:26:55,397 - root - WARNING - Qt Warning: Could not parse application stylesheet
2025-12-08 13:27:19,688 - root - WARNING - Qt Warning: Could not parse application stylesheet
2025-12-08 13:27:36,778 - cellpose.denoise - INFO - >> denoise_cyto3 << model set to be used
2025-12-08 13:27:36,784 - cellpose.core - INFO - ** TORCH MPS version installed and working. **
2025-12-08 13:27:36,784 - cellpose.core - INFO - >>>> using GPU (MPS)
2025-12-08 13:27:36,915 - cellpose.denoise - INFO - >>>> model diam_mean =  30.000 (ROIs rescaled to this size during training)
2025-12-08 13:27:36,915 - cellpose.models - INFO - >> cyto3 << model set to be used
2025-12-08 13:27:36,916 - cellpose.core - INFO - ** TORCH MPS version installed and working. **
2025-12-08 13:27:36,916 - cellpose.core - INFO - >>>> using GPU (MPS)
2025-12-08 13:27:36,975 - cellpose.models - INFO - >>>> loading model /Users/nzlab-la/.cellpose/models/cyto3
2025-12-08 13:27:37,037 - cellpose.models - INFO - >>>> model diam_mean =  30.000 (ROIs rescaled to this size during training)
2025-12-08 13:27:37,037 - root - INFO - Running Cellpose (no optimization)
2025-12-08 13:27:42,172 - root - INFO - Cellpose eval finished. Masks max: 17
2025-12-08 13:27:49,063 - cellpose.denoise - INFO - >> denoise_cyto3 << model set to be used
2025-12-08 13:27:49,066 - cellpose.core - INFO - ** TORCH MPS version installed and working. **
2025-12-08 13:27:49,066 - cellpose.core - INFO - >>>> using GPU (MPS)
2025-12-08 13:27:49,201 - cellpose.denoise - INFO - >>>> model diam_mean =  30.000 (ROIs rescaled to this size during training)
2025-12-08 13:27:49,201 - cellpose.models - INFO - >> cyto3 << model set to be used
2025-12-08 13:27:49,202 - cellpose.core - INFO - ** TORCH MPS version installed and working. **
2025-12-08 13:27:49,202 - cellpose.core - INFO - >>>> using GPU (MPS)
2025-12-08 13:27:49,265 - cellpose.models - INFO - >>>> loading model /Users/nzlab-la/.cellpose/models/cyto3
2025-12-08 13:27:49,326 - cellpose.models - INFO - >>>> model diam_mean =  30.000 (ROIs rescaled to this size during training)
2025-12-08 13:27:49,327 - root - INFO - Running Cellpose (no optimization)
2025-12-08 13:27:50,079 - root - INFO - Cellpose eval finished. Masks max: 18
2025-12-08 13:38:41,429 - cellpose.denoise - INFO - >> denoise_cyto3 << model set to be used
2025-12-08 13:38:41,432 - cellpose.core - INFO - ** TORCH MPS version installed and working. **
2025-12-08 13:38:41,432 - cellpose.core - INFO - >>>> using GPU (MPS)
2025-12-08 13:38:41,578 - cellpose.denoise - INFO - >>>> model diam_mean =  30.000 (ROIs rescaled to this size during training)
2025-12-08 13:38:41,578 - cellpose.models - INFO - >> cyto3 << model set to be used
2025-12-08 13:38:41,579 - cellpose.core - INFO - ** TORCH MPS version installed and working. **
2025-12-08 13:38:41,579 - cellpose.core - INFO - >>>> using GPU (MPS)
2025-12-08 13:38:41,639 - cellpose.models - INFO - >>>> loading model /Users/nzlab-la/.cellpose/models/cyto3
2025-12-08 13:38:41,709 - cellpose.models - INFO - >>>> model diam_mean =  30.000 (ROIs rescaled to this size during training)
2025-12-08 13:38:41,709 - root - INFO - Running Cellpose (no optimization)
2025-12-08 13:38:46,593 - root - INFO - Cellpose eval finished. Masks max: 21
2025-12-08 13:38:49,601 - cellpose.denoise - INFO - >> denoise_cyto3 << model set to be used
2025-12-08 13:38:49,604 - cellpose.core - INFO - ** TORCH MPS version installed and working. **
2025-12-08 13:38:49,604 - cellpose.core - INFO - >>>> using GPU (MPS)
2025-12-08 13:38:49,739 - cellpose.denoise - INFO - >>>> model diam_mean =  30.000 (ROIs rescaled to this size during training)
2025-12-08 13:38:49,739 - cellpose.models - INFO - >> cyto3 << model set to be used
2025-12-08 13:38:49,740 - cellpose.core - INFO - ** TORCH MPS version installed and working. **
2025-12-08 13:38:49,740 - cellpose.core - INFO - >>>> using GPU (MPS)
2025-12-08 13:38:49,799 - cellpose.models - INFO - >>>> loading model /Users/nzlab-la/.cellpose/models/cyto3
2025-12-08 13:38:49,866 - cellpose.models - INFO - >>>> model diam_mean =  30.000 (ROIs rescaled to this size during training)
2025-12-08 13:38:49,866 - root - INFO - Running Cellpose (no optimization)
2025-12-08 13:38:54,610 - root - INFO - Cellpose eval finished. Masks max: 21
2025-12-08 13:38:57,306 - cellpose.denoise - INFO - >> denoise_cyto3 << model set to be used
2025-12-08 13:38:57,309 - cellpose.core - INFO - ** TORCH MPS version installed and working. **
2025-12-08 13:38:57,309 - cellpose.core - INFO - >>>> using GPU (MPS)
2025-12-08 13:38:57,455 - cellpose.denoise - INFO - >>>> model diam_mean =  30.000 (ROIs rescaled to this size during training)
2025-12-08 13:38:57,455 - cellpose.models - INFO - >> cyto3 << model set to be used
2025-12-08 13:38:57,456 - cellpose.core - INFO - ** TORCH MPS version installed and working. **
2025-12-08 13:38:57,456 - cellpose.core - INFO - >>>> using GPU (MPS)
2025-12-08 13:38:57,517 - cellpose.models - INFO - >>>> loading model /Users/nzlab-la/.cellpose/models/cyto3
2025-12-08 13:38:57,581 - cellpose.models - INFO - >>>> model diam_mean =  30.000 (ROIs rescaled to this size during training)
2025-12-08 13:38:57,581 - root - INFO - Running Cellpose (no optimization)
2025-12-08 13:38:58,152 - root - INFO - Cellpose eval finished. Masks max: 10
2025-12-08 13:47:20,587 - cellpose.denoise - INFO - >> denoise_cyto3 << model set to be used
2025-12-08 13:47:20,590 - cellpose.core - INFO - ** TORCH MPS version installed and working. **
2025-12-08 13:47:20,590 - cellpose.core - INFO - >>>> using GPU (MPS)
2025-12-08 13:47:20,737 - cellpose.denoise - INFO - >>>> model diam_mean =  30.000 (ROIs rescaled to this size during training)
2025-12-08 13:47:20,737 - cellpose.models - INFO - >> cyto3 << model set to be used
2025-12-08 13:47:20,738 - cellpose.core - INFO - ** TORCH MPS version installed and working. **
2025-12-08 13:47:20,738 - cellpose.core - INFO - >>>> using GPU (MPS)
2025-12-08 13:47:20,804 - cellpose.models - INFO - >>>> loading model /Users/nzlab-la/.cellpose/models/cyto3
2025-12-08 13:47:20,878 - cellpose.models - INFO - >>>> model diam_mean =  30.000 (ROIs rescaled to this size during training)
2025-12-08 13:47:20,878 - root - INFO - Running Cellpose (no optimization)
2025-12-08 13:47:24,976 - root - INFO - Cellpose eval finished. Masks max: 20
2025-12-08 13:47:29,094 - cellpose.denoise - INFO - >> denoise_cyto3 << model set to be used
2025-12-08 13:47:29,097 - cellpose.core - INFO - ** TORCH MPS version installed and working. **
2025-12-08 13:47:29,097 - cellpose.core - INFO - >>>> using GPU (MPS)
2025-12-08 13:47:29,247 - cellpose.denoise - INFO - >>>> model diam_mean =  30.000 (ROIs rescaled to this size during training)
2025-12-08 13:47:29,247 - cellpose.models - INFO - >> cyto3 << model set to be used
2025-12-08 13:47:29,248 - cellpose.core - INFO - ** TORCH MPS version installed and working. **
2025-12-08 13:47:29,248 - cellpose.core - INFO - >>>> using GPU (MPS)
2025-12-08 13:47:29,310 - cellpose.models - INFO - >>>> loading model /Users/nzlab-la/.cellpose/models/cyto3
2025-12-08 13:47:29,376 - cellpose.models - INFO - >>>> model diam_mean =  30.000 (ROIs rescaled to this size during training)
2025-12-08 13:47:29,377 - root - INFO - Running Cellpose (no optimization)
2025-12-08 13:47:33,421 - root - INFO - Cellpose eval finished. Masks max: 20
2025-12-08 13:47:55,731 - cellpose.denoise - INFO - >> denoise_cyto3 << model set to be used
2025-12-08 13:47:55,733 - cellpose.core - INFO - ** TORCH MPS version installed and working. **
2025-12-08 13:47:55,734 - cellpose.core - INFO - >>>> using GPU (MPS)
2025-12-08 13:47:55,878 - cellpose.denoise - INFO - >>>> model diam_mean =  30.000 (ROIs rescaled to this size during training)
2025-12-08 13:47:55,878 - cellpose.models - INFO - >> cyto3 << model set to be used
2025-12-08 13:47:55,879 - cellpose.core - INFO - ** TORCH MPS version installed and working. **
2025-12-08 13:47:55,879 - cellpose.core - INFO - >>>> using GPU (MPS)
2025-12-08 13:47:55,939 - cellpose.models - INFO - >>>> loading model /Users/nzlab-la/.cellpose/models/cyto3
2025-12-08 13:47:56,004 - cellpose.models - INFO - >>>> model diam_mean =  30.000 (ROIs rescaled to this size during training)
2025-12-08 13:47:56,004 - root - INFO - Running Cellpose (no optimization)
2025-12-08 13:47:59,583 - root - INFO - Cellpose eval finished. Masks max: 18
2025-12-08 13:48:07,791 - cellpose.denoise - INFO - >> denoise_cyto3 << model set to be used
2025-12-08 13:48:07,794 - cellpose.core - INFO - ** TORCH MPS version installed and working. **
2025-12-08 13:48:07,794 - cellpose.core - INFO - >>>> using GPU (MPS)
2025-12-08 13:48:07,935 - cellpose.denoise - INFO - >>>> model diam_mean =  30.000 (ROIs rescaled to this size during training)
2025-12-08 13:48:07,935 - cellpose.models - INFO - >> cyto3 << model set to be used
2025-12-08 13:48:07,936 - cellpose.core - INFO - ** TORCH MPS version installed and working. **
2025-12-08 13:48:07,936 - cellpose.core - INFO - >>>> using GPU (MPS)
2025-12-08 13:48:07,997 - cellpose.models - INFO - >>>> loading model /Users/nzlab-la/.cellpose/models/cyto3
2025-12-08 13:48:08,064 - cellpose.models - INFO - >>>> model diam_mean =  30.000 (ROIs rescaled to this size during training)
2025-12-08 13:48:08,064 - root - INFO - Running Cellpose (no optimization)
2025-12-08 13:48:08,730 - root - INFO - Cellpose eval finished. Masks max: 18
2025-12-08 14:01:28,723 - cellpose.denoise - INFO - >> denoise_cyto3 << model set to be used
2025-12-08 14:01:28,728 - cellpose.core - INFO - ** TORCH MPS version installed and working. **
2025-12-08 14:01:28,728 - cellpose.core - INFO - >>>> using GPU (MPS)
2025-12-08 14:01:28,867 - cellpose.denoise - INFO - >>>> model diam_mean =  30.000 (ROIs rescaled to this size during training)
2025-12-08 14:01:28,867 - cellpose.models - INFO - >> cyto3 << model set to be used
2025-12-08 14:01:28,868 - cellpose.core - INFO - ** TORCH MPS version installed and working. **
2025-12-08 14:01:28,868 - cellpose.core - INFO - >>>> using GPU (MPS)
2025-12-08 14:01:28,927 - cellpose.models - INFO - >>>> loading model /Users/nzlab-la/.cellpose/models/cyto3
2025-12-08 14:01:28,997 - cellpose.models - INFO - >>>> model diam_mean =  30.000 (ROIs rescaled to this size during training)
2025-12-08 14:01:28,997 - root - INFO - Running Cellpose (no optimization)
2025-12-08 14:01:32,448 - root - INFO - Cellpose eval finished. Masks max: 18
2025-12-08 14:01:35,352 - cellpose.denoise - INFO - >> denoise_cyto3 << model set to be used
2025-12-08 14:01:35,354 - cellpose.core - INFO - ** TORCH MPS version installed and working. **
2025-12-08 14:01:35,354 - cellpose.core - INFO - >>>> using GPU (MPS)
2025-12-08 14:01:35,488 - cellpose.denoise - INFO - >>>> model diam_mean =  30.000 (ROIs rescaled to this size during training)
2025-12-08 14:01:35,488 - cellpose.models - INFO - >> cyto3 << model set to be used
2025-12-08 14:01:35,490 - cellpose.core - INFO - ** TORCH MPS version installed and working. **
2025-12-08 14:01:35,490 - cellpose.core - INFO - >>>> using GPU (MPS)
2025-12-08 14:01:35,548 - cellpose.models - INFO - >>>> loading model /Users/nzlab-la/.cellpose/models/cyto3
2025-12-08 14:01:35,611 - cellpose.models - INFO - >>>> model diam_mean =  30.000 (ROIs rescaled to this size during training)
2025-12-08 14:01:35,611 - root - INFO - Running Cellpose (no optimization)
2025-12-08 14:01:39,072 - root - INFO - Cellpose eval finished. Masks max: 18
2025-12-08 14:01:41,967 - cellpose.denoise - INFO - >> denoise_cyto3 << model set to be used
2025-12-08 14:01:41,969 - cellpose.core - INFO - ** TORCH MPS version installed and working. **
2025-12-08 14:01:41,969 - cellpose.core - INFO - >>>> using GPU (MPS)
2025-12-08 14:01:42,103 - cellpose.denoise - INFO - >>>> model diam_mean =  30.000 (ROIs rescaled to this size during training)
2025-12-08 14:01:42,103 - cellpose.models - INFO - >> cyto3 << model set to be used
2025-12-08 14:01:42,105 - cellpose.core - INFO - ** TORCH MPS version installed and working. **
2025-12-08 14:01:42,105 - cellpose.core - INFO - >>>> using GPU (MPS)
2025-12-08 14:01:42,166 - cellpose.models - INFO - >>>> loading model /Users/nzlab-la/.cellpose/models/cyto3
2025-12-08 14:01:42,230 - cellpose.models - INFO - >>>> model diam_mean =  30.000 (ROIs rescaled to this size during training)
2025-12-08 14:01:42,230 - root - INFO - Running Cellpose (no optimization)
2025-12-08 14:01:42,867 - root - INFO - Cellpose eval finished. Masks max: 18
2025-12-08 14:01:45,494 - cellpose.denoise - INFO - >> denoise_cyto3 << model set to be used
2025-12-08 14:01:45,496 - cellpose.core - INFO - ** TORCH MPS version installed and working. **
2025-12-08 14:01:45,496 - cellpose.core - INFO - >>>> using GPU (MPS)
2025-12-08 14:01:45,630 - cellpose.denoise - INFO - >>>> model diam_mean =  30.000 (ROIs rescaled to this size during training)
2025-12-08 14:01:45,630 - cellpose.models - INFO - >> cyto3 << model set to be used
2025-12-08 14:01:45,631 - cellpose.core - INFO - ** TORCH MPS version installed and working. **
2025-12-08 14:01:45,631 - cellpose.core - INFO - >>>> using GPU (MPS)
2025-12-08 14:01:45,693 - cellpose.models - INFO - >>>> loading model /Users/nzlab-la/.cellpose/models/cyto3
2025-12-08 14:01:45,757 - cellpose.models - INFO - >>>> model diam_mean =  30.000 (ROIs rescaled to this size during training)
2025-12-08 14:01:45,757 - root - INFO - Running Cellpose (no optimization)
2025-12-08 14:01:49,202 - root - INFO - Cellpose eval finished. Masks max: 18
2025-12-08 14:02:04,726 - cellpose.denoise - INFO - >> denoise_cyto3 << model set to be used
2025-12-08 14:02:04,729 - cellpose.core - INFO - ** TORCH MPS version installed and working. **
2025-12-08 14:02:04,729 - cellpose.core - INFO - >>>> using GPU (MPS)
2025-12-08 14:02:04,980 - cellpose.denoise - INFO - >>>> model diam_mean =  30.000 (ROIs rescaled to this size during training)
2025-12-08 14:02:04,980 - cellpose.models - INFO - >> cyto3 << model set to be used
2025-12-08 14:02:04,981 - cellpose.core - INFO - ** TORCH MPS version installed and working. **
2025-12-08 14:02:04,981 - cellpose.core - INFO - >>>> using GPU (MPS)
2025-12-08 14:02:05,043 - cellpose.models - INFO - >>>> loading model /Users/nzlab-la/.cellpose/models/cyto3
2025-12-08 14:02:05,110 - cellpose.models - INFO - >>>> model diam_mean =  30.000 (ROIs rescaled to this size during training)
2025-12-08 14:02:05,110 - root - INFO - Running Cellpose (no optimization)
2025-12-08 14:02:05,739 - root - INFO - Cellpose eval finished. Masks max: 18
2025-12-08 14:08:56,354 - cellpose.denoise - INFO - >> denoise_cyto3 << model set to be used
2025-12-08 14:08:56,357 - cellpose.core - INFO - ** TORCH MPS version installed and working. **
2025-12-08 14:08:56,357 - cellpose.core - INFO - >>>> using GPU (MPS)
2025-12-08 14:08:56,509 - cellpose.denoise - INFO - >>>> model diam_mean =  30.000 (ROIs rescaled to this size during training)
2025-12-08 14:08:56,509 - cellpose.models - INFO - >> cyto3 << model set to be used
2025-12-08 14:08:56,511 - cellpose.core - INFO - ** TORCH MPS version installed and working. **
2025-12-08 14:08:56,511 - cellpose.core - INFO - >>>> using GPU (MPS)
2025-12-08 14:08:56,569 - cellpose.models - INFO - >>>> loading model /Users/nzlab-la/.cellpose/models/cyto3
2025-12-08 14:08:56,640 - cellpose.models - INFO - >>>> model diam_mean =  30.000 (ROIs rescaled to this size during training)
2025-12-08 14:08:56,640 - root - INFO - Running Cellpose (no optimization)
2025-12-08 14:08:59,022 - root - INFO - Cellpose eval finished. Masks max: 8
2025-12-08 14:09:05,784 - cellpose.denoise - INFO - >> denoise_cyto3 << model set to be used
2025-12-08 14:09:05,786 - cellpose.core - INFO - ** TORCH MPS version installed and working. **
2025-12-08 14:09:05,786 - cellpose.core - INFO - >>>> using GPU (MPS)
2025-12-08 14:09:05,920 - cellpose.denoise - INFO - >>>> model diam_mean =  30.000 (ROIs rescaled to this size during training)
2025-12-08 14:09:05,920 - cellpose.models - INFO - >> cyto3 << model set to be used
2025-12-08 14:09:05,921 - cellpose.core - INFO - ** TORCH MPS version installed and working. **
2025-12-08 14:09:05,921 - cellpose.core - INFO - >>>> using GPU (MPS)
2025-12-08 14:09:05,982 - cellpose.models - INFO - >>>> loading model /Users/nzlab-la/.cellpose/models/cyto3
2025-12-08 14:09:06,045 - cellpose.models - INFO - >>>> model diam_mean =  30.000 (ROIs rescaled to this size during training)
2025-12-08 14:09:06,045 - root - INFO - Running Cellpose (no optimization)
2025-12-08 14:09:06,741 - root - INFO - Cellpose eval finished. Masks max: 9
2025-12-08 14:09:18,800 - cellpose.denoise - INFO - >> denoise_cyto3 << model set to be used
2025-12-08 14:09:18,803 - cellpose.core - INFO - ** TORCH MPS version installed and working. **
2025-12-08 14:09:18,803 - cellpose.core - INFO - >>>> using GPU (MPS)
2025-12-08 14:09:18,932 - cellpose.denoise - INFO - >>>> model diam_mean =  30.000 (ROIs rescaled to this size during training)
2025-12-08 14:09:18,933 - cellpose.models - INFO - >> cyto3 << model set to be used
2025-12-08 14:09:18,934 - cellpose.core - INFO - ** TORCH MPS version installed and working. **
2025-12-08 14:09:18,934 - cellpose.core - INFO - >>>> using GPU (MPS)
2025-12-08 14:09:18,992 - cellpose.models - INFO - >>>> loading model /Users/nzlab-la/.cellpose/models/cyto3
2025-12-08 14:09:19,060 - cellpose.models - INFO - >>>> model diam_mean =  30.000 (ROIs rescaled to this size during training)
2025-12-08 14:09:19,060 - root - INFO - Running Cellpose (no optimization)
2025-12-08 14:09:21,204 - root - INFO - Cellpose eval finished. Masks max: 8
2025-12-08 14:09:57,687 - root - WARNING - Qt Warning: Could not parse application stylesheet
2025-12-08 14:10:21,301 - cellpose.denoise - INFO - >> denoise_cyto3 << model set to be used
2025-12-08 14:10:21,307 - cellpose.core - INFO - ** TORCH MPS version installed and working. **
2025-12-08 14:10:21,307 - cellpose.core - INFO - >>>> using GPU (MPS)
2025-12-08 14:10:21,449 - cellpose.denoise - INFO - >>>> model diam_mean =  30.000 (ROIs rescaled to this size during training)
2025-12-08 14:10:21,449 - cellpose.models - INFO - >> cyto3 << model set to be used
2025-12-08 14:10:21,451 - cellpose.core - INFO - ** TORCH MPS version installed and working. **
2025-12-08 14:10:21,451 - cellpose.core - INFO - >>>> using GPU (MPS)
2025-12-08 14:10:21,507 - cellpose.models - INFO - >>>> loading model /Users/nzlab-la/.cellpose/models/cyto3
2025-12-08 14:10:21,574 - cellpose.models - INFO - >>>> model diam_mean =  30.000 (ROIs rescaled to this size during training)
2025-12-08 14:10:21,574 - root - INFO - Running Cellpose (no optimization)
2025-12-08 14:10:24,443 - root - INFO - Cellpose eval finished. Masks max: 8
2025-12-08 14:11:36,321 - cellpose.core - INFO - ** TORCH MPS version installed and working. **
2025-12-08 14:11:36,322 - cellpose.core - INFO - >>>> using GPU (MPS)
2025-12-08 14:11:36,322 - cellpose.models - INFO - >> nuclei << model set to be used
2025-12-08 14:11:36,395 - cellpose.models - INFO - >>>> loading model /Users/nzlab-la/.cellpose/models/nucleitorch_0
2025-12-08 14:11:36,464 - cellpose.models - INFO - >>>> model diam_mean =  17.000 (ROIs rescaled to this size during training)
2025-12-08 14:11:36,465 - root - INFO - Running Cellpose (no optimization)
2025-12-08 14:11:36,465 - cellpose.models - INFO - channels set to [0, 0]
2025-12-08 14:11:36,465 - cellpose.models - INFO - ~~~ FINDING MASKS ~~~
2025-12-08 14:11:37,179 - cellpose.models - INFO - >>>> TOTAL TIME 0.71 sec
2025-12-08 14:11:37,180 - root - INFO - Cellpose eval finished. Masks max: 8
2025-12-08 14:14:07,688 - root - WARNING - Qt Warning: Could not parse application stylesheet
2025-12-08 14:14:28,356 - cellpose.denoise - INFO - >> denoise_cyto3 << model set to be used
2025-12-08 14:14:28,362 - cellpose.core - INFO - ** TORCH MPS version installed and working. **
2025-12-08 14:14:28,362 - cellpose.core - INFO - >>>> using GPU (MPS)
2025-12-08 14:14:28,499 - cellpose.denoise - INFO - >>>> model diam_mean =  30.000 (ROIs rescaled to this size during training)
2025-12-08 14:14:28,499 - cellpose.models - INFO - >> cyto3 << model set to be used
2025-12-08 14:14:28,500 - cellpose.core - INFO - ** TORCH MPS version installed and working. **
2025-12-08 14:14:28,500 - cellpose.core - INFO - >>>> using GPU (MPS)
2025-12-08 14:14:28,559 - cellpose.models - INFO - >>>> loading model /Users/nzlab-la/.cellpose/models/cyto3
2025-12-08 14:14:28,628 - cellpose.models - INFO - >>>> model diam_mean =  30.000 (ROIs rescaled to this size during training)
2025-12-08 14:14:28,628 - root - INFO - Running Cellpose (no optimization)
2025-12-08 14:14:31,339 - root - INFO - Cellpose eval finished. Masks max: 8
2025-12-08 14:14:31,448 - cellpose.denoise - INFO - >> denoise_cyto3 << model set to be used
2025-12-08 14:14:31,449 - cellpose.core - INFO - ** TORCH MPS version installed and working. **
2025-12-08 14:14:31,449 - cellpose.core - INFO - >>>> using GPU (MPS)
2025-12-08 14:14:31,688 - cellpose.denoise - INFO - >>>> model diam_mean =  30.000 (ROIs rescaled to this size during training)
2025-12-08 14:14:31,688 - cellpose.models - INFO - >> cyto3 << model set to be used
2025-12-08 14:14:31,690 - cellpose.core - INFO - ** TORCH MPS version installed and working. **
2025-12-08 14:14:31,690 - cellpose.core - INFO - >>>> using GPU (MPS)
2025-12-08 14:14:31,755 - cellpose.models - INFO - >>>> loading model /Users/nzlab-la/.cellpose/models/cyto3
2025-12-08 14:14:31,819 - cellpose.models - INFO - >>>> model diam_mean =  30.000 (ROIs rescaled to this size during training)
2025-12-08 14:14:31,819 - root - INFO - Running Cellpose (no optimization)
2025-12-08 14:14:33,878 - root - INFO - Cellpose eval finished. Masks max: 9
2025-12-08 14:14:33,992 - cellpose.denoise - INFO - >> denoise_cyto3 << model set to be used
2025-12-08 14:14:33,993 - cellpose.core - INFO - ** TORCH MPS version installed and working. **
2025-12-08 14:14:33,993 - cellpose.core - INFO - >>>> using GPU (MPS)
2025-12-08 14:14:34,122 - cellpose.denoise - INFO - >>>> model diam_mean =  30.000 (ROIs rescaled to this size during training)
2025-12-08 14:14:34,122 - cellpose.models - INFO - >> cyto3 << model set to be used
2025-12-08 14:14:34,123 - cellpose.core - INFO - ** TORCH MPS version installed and working. **
2025-12-08 14:14:34,123 - cellpose.core - INFO - >>>> using GPU (MPS)
2025-12-08 14:14:34,180 - cellpose.models - INFO - >>>> loading model /Users/nzlab-la/.cellpose/models/cyto3
2025-12-08 14:14:34,242 - cellpose.models - INFO - >>>> model diam_mean =  30.000 (ROIs rescaled to this size during training)
2025-12-08 14:14:34,243 - root - INFO - Running Cellpose (no optimization)
2025-12-08 14:14:36,194 - root - INFO - Cellpose eval finished. Masks max: 8
2025-12-08 14:14:36,305 - cellpose.denoise - INFO - >> denoise_cyto3 << model set to be used
2025-12-08 14:14:36,305 - cellpose.core - INFO - ** TORCH MPS version installed and working. **
2025-12-08 14:14:36,305 - cellpose.core - INFO - >>>> using GPU (MPS)
2025-12-08 14:14:36,438 - cellpose.denoise - INFO - >>>> model diam_mean =  30.000 (ROIs rescaled to this size during training)
2025-12-08 14:14:36,438 - cellpose.models - INFO - >> cyto3 << model set to be used
2025-12-08 14:14:36,439 - cellpose.core - INFO - ** TORCH MPS version installed and working. **
2025-12-08 14:14:36,439 - cellpose.core - INFO - >>>> using GPU (MPS)
2025-12-08 14:14:36,501 - cellpose.models - INFO - >>>> loading model /Users/nzlab-la/.cellpose/models/cyto3
2025-12-08 14:14:36,562 - cellpose.models - INFO - >>>> model diam_mean =  30.000 (ROIs rescaled to this size during training)
2025-12-08 14:14:36,562 - root - INFO - Running Cellpose (no optimization)
2025-12-08 14:14:38,594 - root - INFO - Cellpose eval finished. Masks max: 8
2025-12-08 14:14:38,703 - cellpose.denoise - INFO - >> denoise_cyto3 << model set to be used
2025-12-08 14:14:38,704 - cellpose.core - INFO - ** TORCH MPS version installed and working. **
2025-12-08 14:14:38,704 - cellpose.core - INFO - >>>> using GPU (MPS)
2025-12-08 14:14:38,836 - cellpose.denoise - INFO - >>>> model diam_mean =  30.000 (ROIs rescaled to this size during training)
2025-12-08 14:14:38,836 - cellpose.models - INFO - >> cyto3 << model set to be used
2025-12-08 14:14:38,837 - cellpose.core - INFO - ** TORCH MPS version installed and working. **
2025-12-08 14:14:38,837 - cellpose.core - INFO - >>>> using GPU (MPS)
2025-12-08 14:14:38,897 - cellpose.models - INFO - >>>> loading model /Users/nzlab-la/.cellpose/models/cyto3
2025-12-08 14:14:38,959 - cellpose.models - INFO - >>>> model diam_mean =  30.000 (ROIs rescaled to this size during training)
2025-12-08 14:14:38,959 - root - INFO - Running Cellpose (no optimization)
2025-12-08 14:14:40,211 - root - INFO - Cellpose eval finished. Masks max: 7
2025-12-08 14:14:40,320 - cellpose.denoise - INFO - >> denoise_cyto3 << model set to be used
2025-12-08 14:14:40,321 - cellpose.core - INFO - ** TORCH MPS version installed and working. **
2025-12-08 14:14:40,321 - cellpose.core - INFO - >>>> using GPU (MPS)
2025-12-08 14:14:40,451 - cellpose.denoise - INFO - >>>> model diam_mean =  30.000 (ROIs rescaled to this size during training)
2025-12-08 14:14:40,451 - cellpose.models - INFO - >> cyto3 << model set to be used
2025-12-08 14:14:40,452 - cellpose.core - INFO - ** TORCH MPS version installed and working. **
2025-12-08 14:14:40,452 - cellpose.core - INFO - >>>> using GPU (MPS)
2025-12-08 14:14:40,511 - cellpose.models - INFO - >>>> loading model /Users/nzlab-la/.cellpose/models/cyto3
2025-12-08 14:14:40,572 - cellpose.models - INFO - >>>> model diam_mean =  30.000 (ROIs rescaled to this size during training)
2025-12-08 14:14:40,573 - root - INFO - Running Cellpose (no optimization)
2025-12-08 14:14:41,299 - root - INFO - Cellpose eval finished. Masks max: 5
2025-12-08 14:14:41,405 - cellpose.denoise - INFO - >> denoise_cyto3 << model set to be used
2025-12-08 14:14:41,406 - cellpose.core - INFO - ** TORCH MPS version installed and working. **
2025-12-08 14:14:41,406 - cellpose.core - INFO - >>>> using GPU (MPS)
2025-12-08 14:14:41,533 - cellpose.denoise - INFO - >>>> model diam_mean =  30.000 (ROIs rescaled to this size during training)
2025-12-08 14:14:41,533 - cellpose.models - INFO - >> cyto3 << model set to be used
2025-12-08 14:14:41,534 - cellpose.core - INFO - ** TORCH MPS version installed and working. **
2025-12-08 14:14:41,534 - cellpose.core - INFO - >>>> using GPU (MPS)
2025-12-08 14:14:41,598 - cellpose.models - INFO - >>>> loading model /Users/nzlab-la/.cellpose/models/cyto3
2025-12-08 14:14:41,660 - cellpose.models - INFO - >>>> model diam_mean =  30.000 (ROIs rescaled to this size during training)
2025-12-08 14:14:41,660 - root - INFO - Running Cellpose (no optimization)
2025-12-08 14:14:42,136 - root - INFO - Cellpose eval finished. Masks max: 4
2025-12-08 14:14:42,246 - cellpose.denoise - INFO - >> denoise_cyto3 << model set to be used
2025-12-08 14:14:42,247 - cellpose.core - INFO - ** TORCH MPS version installed and working. **
2025-12-08 14:14:42,247 - cellpose.core - INFO - >>>> using GPU (MPS)
2025-12-08 14:14:42,382 - cellpose.denoise - INFO - >>>> model diam_mean =  30.000 (ROIs rescaled to this size during training)
2025-12-08 14:14:42,382 - cellpose.models - INFO - >> cyto3 << model set to be used
2025-12-08 14:14:42,383 - cellpose.core - INFO - ** TORCH MPS version installed and working. **
2025-12-08 14:14:42,383 - cellpose.core - INFO - >>>> using GPU (MPS)
2025-12-08 14:14:42,439 - cellpose.models - INFO - >>>> loading model /Users/nzlab-la/.cellpose/models/cyto3
2025-12-08 14:14:42,503 - cellpose.models - INFO - >>>> model diam_mean =  30.000 (ROIs rescaled to this size during training)
2025-12-08 14:14:42,503 - root - INFO - Running Cellpose (no optimization)
2025-12-08 14:14:42,816 - root - INFO - Cellpose eval finished. Masks max: 3
2025-12-08 14:14:42,920 - cellpose.denoise - INFO - >> denoise_cyto3 << model set to be used
2025-12-08 14:14:42,921 - cellpose.core - INFO - ** TORCH MPS version installed and working. **
2025-12-08 14:14:42,921 - cellpose.core - INFO - >>>> using GPU (MPS)
2025-12-08 14:14:43,042 - cellpose.denoise - INFO - >>>> model diam_mean =  30.000 (ROIs rescaled to this size during training)
2025-12-08 14:14:43,042 - cellpose.models - INFO - >> cyto3 << model set to be used
2025-12-08 14:14:43,043 - cellpose.core - INFO - ** TORCH MPS version installed and working. **
2025-12-08 14:14:43,043 - cellpose.core - INFO - >>>> using GPU (MPS)
2025-12-08 14:14:43,100 - cellpose.models - INFO - >>>> loading model /Users/nzlab-la/.cellpose/models/cyto3
2025-12-08 14:14:43,167 - cellpose.models - INFO - >>>> model diam_mean =  30.000 (ROIs rescaled to this size during training)
2025-12-08 14:14:43,167 - root - INFO - Running Cellpose (no optimization)
2025-12-08 14:14:43,436 - root - INFO - Cellpose eval finished. Masks max: 2
2025-12-08 14:14:53,000 - cellpose.denoise - INFO - >> denoise_cyto3 << model set to be used
2025-12-08 14:14:53,002 - cellpose.core - INFO - ** TORCH MPS version installed and working. **
2025-12-08 14:14:53,002 - cellpose.core - INFO - >>>> using GPU (MPS)
2025-12-08 14:14:53,143 - cellpose.denoise - INFO - >>>> model diam_mean =  30.000 (ROIs rescaled to this size during training)
2025-12-08 14:14:53,144 - cellpose.models - INFO - >> cyto3 << model set to be used
2025-12-08 14:14:53,144 - cellpose.core - INFO - ** TORCH MPS version installed and working. **
2025-12-08 14:14:53,145 - cellpose.core - INFO - >>>> using GPU (MPS)
2025-12-08 14:14:53,203 - cellpose.models - INFO - >>>> loading model /Users/nzlab-la/.cellpose/models/cyto3
2025-12-08 14:14:53,266 - cellpose.models - INFO - >>>> model diam_mean =  30.000 (ROIs rescaled to this size during training)
2025-12-08 14:14:53,267 - root - INFO - Running Cellpose (no optimization)
2025-12-08 14:14:53,965 - root - INFO - Cellpose eval finished. Masks max: 9
2025-12-08 14:14:54,074 - cellpose.denoise - INFO - >> denoise_cyto3 << model set to be used
2025-12-08 14:14:54,075 - cellpose.core - INFO - ** TORCH MPS version installed and working. **
2025-12-08 14:14:54,075 - cellpose.core - INFO - >>>> using GPU (MPS)
2025-12-08 14:14:54,201 - cellpose.denoise - INFO - >>>> model diam_mean =  30.000 (ROIs rescaled to this size during training)
2025-12-08 14:14:54,201 - cellpose.models - INFO - >> cyto3 << model set to be used
2025-12-08 14:14:54,202 - cellpose.core - INFO - ** TORCH MPS version installed and working. **
2025-12-08 14:14:54,202 - cellpose.core - INFO - >>>> using GPU (MPS)
2025-12-08 14:14:54,261 - cellpose.models - INFO - >>>> loading model /Users/nzlab-la/.cellpose/models/cyto3
2025-12-08 14:14:54,326 - cellpose.models - INFO - >>>> model diam_mean =  30.000 (ROIs rescaled to this size during training)
2025-12-08 14:14:54,326 - root - INFO - Running Cellpose (no optimization)
2025-12-08 14:14:54,912 - root - INFO - Cellpose eval finished. Masks max: 8
2025-12-08 14:14:55,019 - cellpose.denoise - INFO - >> denoise_cyto3 << model set to be used
2025-12-08 14:14:55,020 - cellpose.core - INFO - ** TORCH MPS version installed and working. **
2025-12-08 14:14:55,020 - cellpose.core - INFO - >>>> using GPU (MPS)
2025-12-08 14:14:55,149 - cellpose.denoise - INFO - >>>> model diam_mean =  30.000 (ROIs rescaled to this size during training)
2025-12-08 14:14:55,150 - cellpose.models - INFO - >> cyto3 << model set to be used
2025-12-08 14:14:55,151 - cellpose.core - INFO - ** TORCH MPS version installed and working. **
2025-12-08 14:14:55,151 - cellpose.core - INFO - >>>> using GPU (MPS)
2025-12-08 14:14:55,207 - cellpose.models - INFO - >>>> loading model /Users/nzlab-la/.cellpose/models/cyto3
2025-12-08 14:14:55,270 - cellpose.models - INFO - >>>> model diam_mean =  30.000 (ROIs rescaled to this size during training)
2025-12-08 14:14:55,270 - root - INFO - Running Cellpose (no optimization)
2025-12-08 14:14:55,913 - root - INFO - Cellpose eval finished. Masks max: 8
2025-12-08 14:14:56,027 - cellpose.denoise - INFO - >> denoise_cyto3 << model set to be used
2025-12-08 14:14:56,028 - cellpose.core - INFO - ** TORCH MPS version installed and working. **
2025-12-08 14:14:56,028 - cellpose.core - INFO - >>>> using GPU (MPS)
2025-12-08 14:14:56,156 - cellpose.denoise - INFO - >>>> model diam_mean =  30.000 (ROIs rescaled to this size during training)
2025-12-08 14:14:56,157 - cellpose.models - INFO - >> cyto3 << model set to be used
2025-12-08 14:14:56,158 - cellpose.core - INFO - ** TORCH MPS version installed and working. **
2025-12-08 14:14:56,158 - cellpose.core - INFO - >>>> using GPU (MPS)
2025-12-08 14:14:56,215 - cellpose.models - INFO - >>>> loading model /Users/nzlab-la/.cellpose/models/cyto3
2025-12-08 14:14:56,278 - cellpose.models - INFO - >>>> model diam_mean =  30.000 (ROIs rescaled to this size during training)
2025-12-08 14:14:56,278 - root - INFO - Running Cellpose (no optimization)
2025-12-08 14:14:56,881 - root - INFO - Cellpose eval finished. Masks max: 8
2025-12-08 14:14:56,993 - cellpose.denoise - INFO - >> denoise_cyto3 << model set to be used
2025-12-08 14:14:56,993 - cellpose.core - INFO - ** TORCH MPS version installed and working. **
2025-12-08 14:14:56,993 - cellpose.core - INFO - >>>> using GPU (MPS)
2025-12-08 14:14:57,122 - cellpose.denoise - INFO - >>>> model diam_mean =  30.000 (ROIs rescaled to this size during training)
2025-12-08 14:14:57,122 - cellpose.models - INFO - >> cyto3 << model set to be used
2025-12-08 14:14:57,123 - cellpose.core - INFO - ** TORCH MPS version installed and working. **
2025-12-08 14:14:57,124 - cellpose.core - INFO - >>>> using GPU (MPS)
2025-12-08 14:14:57,184 - cellpose.models - INFO - >>>> loading model /Users/nzlab-la/.cellpose/models/cyto3
2025-12-08 14:14:57,246 - cellpose.models - INFO - >>>> model diam_mean =  30.000 (ROIs rescaled to this size during training)
2025-12-08 14:14:57,246 - root - INFO - Running Cellpose (no optimization)
2025-12-08 14:14:57,802 - root - INFO - Cellpose eval finished. Masks max: 9
2025-12-08 14:14:57,916 - cellpose.denoise - INFO - >> denoise_cyto3 << model set to be used
2025-12-08 14:14:57,916 - cellpose.core - INFO - ** TORCH MPS version installed and working. **
2025-12-08 14:14:57,917 - cellpose.core - INFO - >>>> using GPU (MPS)
2025-12-08 14:14:58,041 - cellpose.denoise - INFO - >>>> model diam_mean =  30.000 (ROIs rescaled to this size during training)
2025-12-08 14:14:58,042 - cellpose.models - INFO - >> cyto3 << model set to be used
2025-12-08 14:14:58,043 - cellpose.core - INFO - ** TORCH MPS version installed and working. **
2025-12-08 14:14:58,043 - cellpose.core - INFO - >>>> using GPU (MPS)
2025-12-08 14:14:58,099 - cellpose.models - INFO - >>>> loading model /Users/nzlab-la/.cellpose/models/cyto3
2025-12-08 14:14:58,164 - cellpose.models - INFO - >>>> model diam_mean =  30.000 (ROIs rescaled to this size during training)
2025-12-08 14:14:58,165 - root - INFO - Running Cellpose (no optimization)
2025-12-08 14:14:58,607 - root - INFO - Cellpose eval finished. Masks max: 7
2025-12-08 14:14:58,718 - cellpose.denoise - INFO - >> denoise_cyto3 << model set to be used
2025-12-08 14:14:58,719 - cellpose.core - INFO - ** TORCH MPS version installed and working. **
2025-12-08 14:14:58,719 - cellpose.core - INFO - >>>> using GPU (MPS)
2025-12-08 14:14:58,853 - cellpose.denoise - INFO - >>>> model diam_mean =  30.000 (ROIs rescaled to this size during training)
2025-12-08 14:14:58,853 - cellpose.models - INFO - >> cyto3 << model set to be used
2025-12-08 14:14:58,854 - cellpose.core - INFO - ** TORCH MPS version installed and working. **
2025-12-08 14:14:58,854 - cellpose.core - INFO - >>>> using GPU (MPS)
2025-12-08 14:14:58,917 - cellpose.models - INFO - >>>> loading model /Users/nzlab-la/.cellpose/models/cyto3
2025-12-08 14:14:58,979 - cellpose.models - INFO - >>>> model diam_mean =  30.000 (ROIs rescaled to this size during training)
2025-12-08 14:14:58,980 - root - INFO - Running Cellpose (no optimization)
2025-12-08 14:14:59,388 - root - INFO - Cellpose eval finished. Masks max: 5
2025-12-08 14:14:59,499 - cellpose.denoise - INFO - >> denoise_cyto3 << model set to be used
2025-12-08 14:14:59,500 - cellpose.core - INFO - ** TORCH MPS version installed and working. **
2025-12-08 14:14:59,500 - cellpose.core - INFO - >>>> using GPU (MPS)
2025-12-08 14:14:59,626 - cellpose.denoise - INFO - >>>> model diam_mean =  30.000 (ROIs rescaled to this size during training)
2025-12-08 14:14:59,626 - cellpose.models - INFO - >> cyto3 << model set to be used
2025-12-08 14:14:59,627 - cellpose.core - INFO - ** TORCH MPS version installed and working. **
2025-12-08 14:14:59,627 - cellpose.core - INFO - >>>> using GPU (MPS)
2025-12-08 14:14:59,687 - cellpose.models - INFO - >>>> loading model /Users/nzlab-la/.cellpose/models/cyto3
2025-12-08 14:14:59,750 - cellpose.models - INFO - >>>> model diam_mean =  30.000 (ROIs rescaled to this size during training)
2025-12-08 14:14:59,751 - root - INFO - Running Cellpose (no optimization)
2025-12-08 14:15:00,060 - root - INFO - Cellpose eval finished. Masks max: 4
2025-12-08 14:15:00,168 - cellpose.denoise - INFO - >> denoise_cyto3 << model set to be used
2025-12-08 14:15:00,169 - cellpose.core - INFO - ** TORCH MPS version installed and working. **
2025-12-08 14:15:00,169 - cellpose.core - INFO - >>>> using GPU (MPS)
2025-12-08 14:15:00,300 - cellpose.denoise - INFO - >>>> model diam_mean =  30.000 (ROIs rescaled to this size during training)
2025-12-08 14:15:00,300 - cellpose.models - INFO - >> cyto3 << model set to be used
2025-12-08 14:15:00,301 - cellpose.core - INFO - ** TORCH MPS version installed and working. **
2025-12-08 14:15:00,302 - cellpose.core - INFO - >>>> using GPU (MPS)
2025-12-08 14:15:00,363 - cellpose.models - INFO - >>>> loading model /Users/nzlab-la/.cellpose/models/cyto3
2025-12-08 14:15:00,428 - cellpose.models - INFO - >>>> model diam_mean =  30.000 (ROIs rescaled to this size during training)
2025-12-08 14:15:00,428 - root - INFO - Running Cellpose (no optimization)
2025-12-08 14:15:00,747 - root - INFO - Cellpose eval finished. Masks max: 2
2025-12-08 14:15:16,928 - cellpose.denoise - INFO - >> denoise_cyto3 << model set to be used
2025-12-08 14:15:16,931 - cellpose.core - INFO - ** TORCH MPS version installed and working. **
2025-12-08 14:15:16,931 - cellpose.core - INFO - >>>> using GPU (MPS)
2025-12-08 14:15:17,075 - cellpose.denoise - INFO - >>>> model diam_mean =  30.000 (ROIs rescaled to this size during training)
2025-12-08 14:15:17,075 - cellpose.models - INFO - >> cyto3 << model set to be used
2025-12-08 14:15:17,076 - cellpose.core - INFO - ** TORCH MPS version installed and working. **
2025-12-08 14:15:17,076 - cellpose.core - INFO - >>>> using GPU (MPS)
2025-12-08 14:15:17,137 - cellpose.models - INFO - >>>> loading model /Users/nzlab-la/.cellpose/models/cyto3
2025-12-08 14:15:17,201 - cellpose.models - INFO - >>>> model diam_mean =  30.000 (ROIs rescaled to this size during training)
2025-12-08 14:15:17,201 - root - INFO - Running Cellpose (no optimization)
2025-12-08 14:15:18,153 - root - INFO - Cellpose eval finished. Masks max: 8
2025-12-08 14:15:18,264 - cellpose.denoise - INFO - >> denoise_cyto3 << model set to be used
2025-12-08 14:15:18,265 - cellpose.core - INFO - ** TORCH MPS version installed and working. **
2025-12-08 14:15:18,265 - cellpose.core - INFO - >>>> using GPU (MPS)
2025-12-08 14:15:18,399 - cellpose.denoise - INFO - >>>> model diam_mean =  30.000 (ROIs rescaled to this size during training)
2025-12-08 14:15:18,399 - cellpose.models - INFO - >> cyto3 << model set to be used
2025-12-08 14:15:18,400 - cellpose.core - INFO - ** TORCH MPS version installed and working. **
2025-12-08 14:15:18,400 - cellpose.core - INFO - >>>> using GPU (MPS)
2025-12-08 14:15:18,463 - cellpose.models - INFO - >>>> loading model /Users/nzlab-la/.cellpose/models/cyto3
2025-12-08 14:15:18,526 - cellpose.models - INFO - >>>> model diam_mean =  30.000 (ROIs rescaled to this size during training)
2025-12-08 14:15:18,526 - root - INFO - Running Cellpose (no optimization)
2025-12-08 14:15:19,263 - root - INFO - Cellpose eval finished. Masks max: 8
2025-12-08 14:15:19,364 - cellpose.denoise - INFO - >> denoise_cyto3 << model set to be used
2025-12-08 14:15:19,365 - cellpose.core - INFO - ** TORCH MPS version installed and working. **
2025-12-08 14:15:19,365 - cellpose.core - INFO - >>>> using GPU (MPS)
2025-12-08 14:15:19,499 - cellpose.denoise - INFO - >>>> model diam_mean =  30.000 (ROIs rescaled to this size during training)
2025-12-08 14:15:19,499 - cellpose.models - INFO - >> cyto3 << model set to be used
2025-12-08 14:15:19,500 - cellpose.core - INFO - ** TORCH MPS version installed and working. **
2025-12-08 14:15:19,500 - cellpose.core - INFO - >>>> using GPU (MPS)
2025-12-08 14:15:19,558 - cellpose.models - INFO - >>>> loading model /Users/nzlab-la/.cellpose/models/cyto3
2025-12-08 14:15:19,621 - cellpose.models - INFO - >>>> model diam_mean =  30.000 (ROIs rescaled to this size during training)
2025-12-08 14:15:19,621 - root - INFO - Running Cellpose (no optimization)
2025-12-08 14:15:20,363 - root - INFO - Cellpose eval finished. Masks max: 8
2025-12-08 14:15:20,476 - cellpose.denoise - INFO - >> denoise_cyto3 << model set to be used
2025-12-08 14:15:20,476 - cellpose.core - INFO - ** TORCH MPS version installed and working. **
2025-12-08 14:15:20,476 - cellpose.core - INFO - >>>> using GPU (MPS)
2025-12-08 14:15:20,601 - cellpose.denoise - INFO - >>>> model diam_mean =  30.000 (ROIs rescaled to this size during training)
2025-12-08 14:15:20,601 - cellpose.models - INFO - >> cyto3 << model set to be used
2025-12-08 14:15:20,602 - cellpose.core - INFO - ** TORCH MPS version installed and working. **
2025-12-08 14:15:20,603 - cellpose.core - INFO - >>>> using GPU (MPS)
2025-12-08 14:15:20,660 - cellpose.models - INFO - >>>> loading model /Users/nzlab-la/.cellpose/models/cyto3
2025-12-08 14:15:20,722 - cellpose.models - INFO - >>>> model diam_mean =  30.000 (ROIs rescaled to this size during training)
2025-12-08 14:15:20,722 - root - INFO - Running Cellpose (no optimization)
2025-12-08 14:15:21,462 - root - INFO - Cellpose eval finished. Masks max: 9
2025-12-08 14:15:21,574 - cellpose.denoise - INFO - >> denoise_cyto3 << model set to be used
2025-12-08 14:15:21,575 - cellpose.core - INFO - ** TORCH MPS version installed and working. **
2025-12-08 14:15:21,575 - cellpose.core - INFO - >>>> using GPU (MPS)
2025-12-08 14:15:21,701 - cellpose.denoise - INFO - >>>> model diam_mean =  30.000 (ROIs rescaled to this size during training)
2025-12-08 14:15:21,701 - cellpose.models - INFO - >> cyto3 << model set to be used
2025-12-08 14:15:21,702 - cellpose.core - INFO - ** TORCH MPS version installed and working. **
2025-12-08 14:15:21,702 - cellpose.core - INFO - >>>> using GPU (MPS)
2025-12-08 14:15:21,761 - cellpose.models - INFO - >>>> loading model /Users/nzlab-la/.cellpose/models/cyto3
2025-12-08 14:15:21,827 - cellpose.models - INFO - >>>> model diam_mean =  30.000 (ROIs rescaled to this size during training)
2025-12-08 14:15:21,827 - root - INFO - Running Cellpose (no optimization)
2025-12-08 14:15:22,557 - root - INFO - Cellpose eval finished. Masks max: 9
2025-12-08 14:15:22,670 - cellpose.denoise - INFO - >> denoise_cyto3 << model set to be used
2025-12-08 14:15:22,671 - cellpose.core - INFO - ** TORCH MPS version installed and working. **
2025-12-08 14:15:22,671 - cellpose.core - INFO - >>>> using GPU (MPS)
2025-12-08 14:15:22,796 - cellpose.denoise - INFO - >>>> model diam_mean =  30.000 (ROIs rescaled to this size during training)
2025-12-08 14:15:22,797 - cellpose.models - INFO - >> cyto3 << model set to be used
2025-12-08 14:15:22,798 - cellpose.core - INFO - ** TORCH MPS version installed and working. **
2025-12-08 14:15:22,798 - cellpose.core - INFO - >>>> using GPU (MPS)
2025-12-08 14:15:22,857 - cellpose.models - INFO - >>>> loading model /Users/nzlab-la/.cellpose/models/cyto3
2025-12-08 14:15:22,922 - cellpose.models - INFO - >>>> model diam_mean =  30.000 (ROIs rescaled to this size during training)
2025-12-08 14:15:22,922 - root - INFO - Running Cellpose (no optimization)
2025-12-08 14:15:23,513 - root - INFO - Cellpose eval finished. Masks max: 7
2025-12-08 14:15:23,622 - cellpose.denoise - INFO - >> denoise_cyto3 << model set to be used
2025-12-08 14:15:23,622 - cellpose.core - INFO - ** TORCH MPS version installed and working. **
2025-12-08 14:15:23,622 - cellpose.core - INFO - >>>> using GPU (MPS)
2025-12-08 14:15:23,755 - cellpose.denoise - INFO - >>>> model diam_mean =  30.000 (ROIs rescaled to this size during training)
2025-12-08 14:15:23,755 - cellpose.models - INFO - >> cyto3 << model set to be used
2025-12-08 14:15:23,756 - cellpose.core - INFO - ** TORCH MPS version installed and working. **
2025-12-08 14:15:23,756 - cellpose.core - INFO - >>>> using GPU (MPS)
2025-12-08 14:15:23,815 - cellpose.models - INFO - >>>> loading model /Users/nzlab-la/.cellpose/models/cyto3
2025-12-08 14:15:23,880 - cellpose.models - INFO - >>>> model diam_mean =  30.000 (ROIs rescaled to this size during training)
2025-12-08 14:15:23,881 - root - INFO - Running Cellpose (no optimization)
2025-12-08 14:15:24,395 - root - INFO - Cellpose eval finished. Masks max: 5
2025-12-08 14:15:24,504 - cellpose.denoise - INFO - >> denoise_cyto3 << model set to be used
2025-12-08 14:15:24,505 - cellpose.core - INFO - ** TORCH MPS version installed and working. **
2025-12-08 14:15:24,505 - cellpose.core - INFO - >>>> using GPU (MPS)
2025-12-08 14:15:24,631 - cellpose.denoise - INFO - >>>> model diam_mean =  30.000 (ROIs rescaled to this size during training)
2025-12-08 14:15:24,631 - cellpose.models - INFO - >> cyto3 << model set to be used
2025-12-08 14:15:24,632 - cellpose.core - INFO - ** TORCH MPS version installed and working. **
2025-12-08 14:15:24,632 - cellpose.core - INFO - >>>> using GPU (MPS)
2025-12-08 14:15:24,691 - cellpose.models - INFO - >>>> loading model /Users/nzlab-la/.cellpose/models/cyto3
2025-12-08 14:15:24,755 - cellpose.models - INFO - >>>> model diam_mean =  30.000 (ROIs rescaled to this size during training)
2025-12-08 14:15:24,755 - root - INFO - Running Cellpose (no optimization)
2025-12-08 14:15:25,206 - root - INFO - Cellpose eval finished. Masks max: 3
2025-12-08 14:15:25,319 - cellpose.denoise - INFO - >> denoise_cyto3 << model set to be used
2025-12-08 14:15:25,319 - cellpose.core - INFO - ** TORCH MPS version installed and working. **
2025-12-08 14:15:25,320 - cellpose.core - INFO - >>>> using GPU (MPS)
2025-12-08 14:15:25,450 - cellpose.denoise - INFO - >>>> model diam_mean =  30.000 (ROIs rescaled to this size during training)
2025-12-08 14:15:25,450 - cellpose.models - INFO - >> cyto3 << model set to be used
2025-12-08 14:15:25,451 - cellpose.core - INFO - ** TORCH MPS version installed and working. **
2025-12-08 14:15:25,451 - cellpose.core - INFO - >>>> using GPU (MPS)
2025-12-08 14:15:25,509 - cellpose.models - INFO - >>>> loading model /Users/nzlab-la/.cellpose/models/cyto3
2025-12-08 14:15:25,571 - cellpose.models - INFO - >>>> model diam_mean =  30.000 (ROIs rescaled to this size during training)
2025-12-08 14:15:25,571 - root - INFO - Running Cellpose (no optimization)
2025-12-08 14:15:26,353 - root - INFO - Cellpose eval finished. Masks max: 0
2025-12-08 14:15:51,379 - cellpose.denoise - INFO - >> denoise_cyto3 << model set to be used
2025-12-08 14:15:51,382 - cellpose.core - INFO - ** TORCH MPS version installed and working. **
2025-12-08 14:15:51,382 - cellpose.core - INFO - >>>> using GPU (MPS)
2025-12-08 14:15:51,519 - cellpose.denoise - INFO - >>>> model diam_mean =  30.000 (ROIs rescaled to this size during training)
2025-12-08 14:15:51,519 - cellpose.models - INFO - >> cyto3 << model set to be used
2025-12-08 14:15:51,520 - cellpose.core - INFO - ** TORCH MPS version installed and working. **
2025-12-08 14:15:51,520 - cellpose.core - INFO - >>>> using GPU (MPS)
2025-12-08 14:15:51,579 - cellpose.models - INFO - >>>> loading model /Users/nzlab-la/.cellpose/models/cyto3
2025-12-08 14:15:51,642 - cellpose.models - INFO - >>>> model diam_mean =  30.000 (ROIs rescaled to this size during training)
2025-12-08 14:15:51,642 - root - INFO - Running Cellpose (no optimization)
2025-12-08 14:15:53,756 - root - INFO - Cellpose eval finished. Masks max: 8
2025-12-08 14:15:53,868 - cellpose.denoise - INFO - >> denoise_cyto3 << model set to be used
2025-12-08 14:15:53,869 - cellpose.core - INFO - ** TORCH MPS version installed and working. **
2025-12-08 14:15:53,869 - cellpose.core - INFO - >>>> using GPU (MPS)
2025-12-08 14:15:53,997 - cellpose.denoise - INFO - >>>> model diam_mean =  30.000 (ROIs rescaled to this size during training)
2025-12-08 14:15:53,998 - cellpose.models - INFO - >> cyto3 << model set to be used
2025-12-08 14:15:53,999 - cellpose.core - INFO - ** TORCH MPS version installed and working. **
2025-12-08 14:15:53,999 - cellpose.core - INFO - >>>> using GPU (MPS)
2025-12-08 14:15:54,058 - cellpose.models - INFO - >>>> loading model /Users/nzlab-la/.cellpose/models/cyto3
2025-12-08 14:15:54,120 - cellpose.models - INFO - >>>> model diam_mean =  30.000 (ROIs rescaled to this size during training)
2025-12-08 14:15:54,121 - root - INFO - Running Cellpose (no optimization)
2025-12-08 14:15:56,127 - root - INFO - Cellpose eval finished. Masks max: 9
2025-12-08 14:15:56,246 - cellpose.denoise - INFO - >> denoise_cyto3 << model set to be used
2025-12-08 14:15:56,247 - cellpose.core - INFO - ** TORCH MPS version installed and working. **
2025-12-08 14:15:56,247 - cellpose.core - INFO - >>>> using GPU (MPS)
2025-12-08 14:15:56,373 - cellpose.denoise - INFO - >>>> model diam_mean =  30.000 (ROIs rescaled to this size during training)
2025-12-08 14:15:56,373 - cellpose.models - INFO - >> cyto3 << model set to be used
2025-12-08 14:15:56,374 - cellpose.core - INFO - ** TORCH MPS version installed and working. **
2025-12-08 14:15:56,374 - cellpose.core - INFO - >>>> using GPU (MPS)
2025-12-08 14:15:56,430 - cellpose.models - INFO - >>>> loading model /Users/nzlab-la/.cellpose/models/cyto3
2025-12-08 14:15:56,490 - cellpose.models - INFO - >>>> model diam_mean =  30.000 (ROIs rescaled to this size during training)
2025-12-08 14:15:56,490 - root - INFO - Running Cellpose (no optimization)
2025-12-08 14:15:58,432 - root - INFO - Cellpose eval finished. Masks max: 8
2025-12-08 14:15:58,538 - cellpose.denoise - INFO - >> denoise_cyto3 << model set to be used
2025-12-08 14:15:58,539 - cellpose.core - INFO - ** TORCH MPS version installed and working. **
2025-12-08 14:15:58,539 - cellpose.core - INFO - >>>> using GPU (MPS)
2025-12-08 14:15:58,783 - cellpose.denoise - INFO - >>>> model diam_mean =  30.000 (ROIs rescaled to this size during training)
2025-12-08 14:15:58,783 - cellpose.models - INFO - >> cyto3 << model set to be used
2025-12-08 14:15:58,784 - cellpose.core - INFO - ** TORCH MPS version installed and working. **
2025-12-08 14:15:58,784 - cellpose.core - INFO - >>>> using GPU (MPS)
2025-12-08 14:15:58,841 - cellpose.models - INFO - >>>> loading model /Users/nzlab-la/.cellpose/models/cyto3
2025-12-08 14:15:58,906 - cellpose.models - INFO - >>>> model diam_mean =  30.000 (ROIs rescaled to this size during training)
2025-12-08 14:15:58,906 - root - INFO - Running Cellpose (no optimization)
2025-12-08 14:16:00,971 - root - INFO - Cellpose eval finished. Masks max: 8
2025-12-08 14:16:01,085 - cellpose.denoise - INFO - >> denoise_cyto3 << model set to be used
2025-12-08 14:16:01,086 - cellpose.core - INFO - ** TORCH MPS version installed and working. **
2025-12-08 14:16:01,086 - cellpose.core - INFO - >>>> using GPU (MPS)
2025-12-08 14:16:01,218 - cellpose.denoise - INFO - >>>> model diam_mean =  30.000 (ROIs rescaled to this size during training)
2025-12-08 14:16:01,218 - cellpose.models - INFO - >> cyto3 << model set to be used
2025-12-08 14:16:01,219 - cellpose.core - INFO - ** TORCH MPS version installed and working. **
2025-12-08 14:16:01,219 - cellpose.core - INFO - >>>> using GPU (MPS)
2025-12-08 14:16:01,277 - cellpose.models - INFO - >>>> loading model /Users/nzlab-la/.cellpose/models/cyto3
2025-12-08 14:16:01,342 - cellpose.models - INFO - >>>> model diam_mean =  30.000 (ROIs rescaled to this size during training)
2025-12-08 14:16:01,342 - root - INFO - Running Cellpose (no optimization)
2025-12-08 14:16:02,568 - root - INFO - Cellpose eval finished. Masks max: 7
2025-12-08 14:16:02,681 - cellpose.denoise - INFO - >> denoise_cyto3 << model set to be used
2025-12-08 14:16:02,681 - cellpose.core - INFO - ** TORCH MPS version installed and working. **
2025-12-08 14:16:02,682 - cellpose.core - INFO - >>>> using GPU (MPS)
2025-12-08 14:16:02,817 - cellpose.denoise - INFO - >>>> model diam_mean =  30.000 (ROIs rescaled to this size during training)
2025-12-08 14:16:02,817 - cellpose.models - INFO - >> cyto3 << model set to be used
2025-12-08 14:16:02,818 - cellpose.core - INFO - ** TORCH MPS version installed and working. **
2025-12-08 14:16:02,818 - cellpose.core - INFO - >>>> using GPU (MPS)
2025-12-08 14:16:02,875 - cellpose.models - INFO - >>>> loading model /Users/nzlab-la/.cellpose/models/cyto3
2025-12-08 14:16:02,938 - cellpose.models - INFO - >>>> model diam_mean =  30.000 (ROIs rescaled to this size during training)
2025-12-08 14:16:02,939 - root - INFO - Running Cellpose (no optimization)
2025-12-08 14:16:03,654 - root - INFO - Cellpose eval finished. Masks max: 5
2025-12-08 14:16:03,764 - cellpose.denoise - INFO - >> denoise_cyto3 << model set to be used
2025-12-08 14:16:03,765 - cellpose.core - INFO - ** TORCH MPS version installed and working. **
2025-12-08 14:16:03,765 - cellpose.core - INFO - >>>> using GPU (MPS)
2025-12-08 14:16:03,897 - cellpose.denoise - INFO - >>>> model diam_mean =  30.000 (ROIs rescaled to this size during training)
2025-12-08 14:16:03,897 - cellpose.models - INFO - >> cyto3 << model set to be used
2025-12-08 14:16:03,899 - cellpose.core - INFO - ** TORCH MPS version installed and working. **
2025-12-08 14:16:03,899 - cellpose.core - INFO - >>>> using GPU (MPS)
2025-12-08 14:16:03,954 - cellpose.models - INFO - >>>> loading model /Users/nzlab-la/.cellpose/models/cyto3
2025-12-08 14:16:04,016 - cellpose.models - INFO - >>>> model diam_mean =  30.000 (ROIs rescaled to this size during training)
2025-12-08 14:16:04,017 - root - INFO - Running Cellpose (no optimization)
2025-12-08 14:16:04,477 - root - INFO - Cellpose eval finished. Masks max: 4
2025-12-08 14:16:04,591 - cellpose.denoise - INFO - >> denoise_cyto3 << model set to be used
2025-12-08 14:16:04,592 - cellpose.core - INFO - ** TORCH MPS version installed and working. **
2025-12-08 14:16:04,592 - cellpose.core - INFO - >>>> using GPU (MPS)
2025-12-08 14:16:04,724 - cellpose.denoise - INFO - >>>> model diam_mean =  30.000 (ROIs rescaled to this size during training)
2025-12-08 14:16:04,724 - cellpose.models - INFO - >> cyto3 << model set to be used
2025-12-08 14:16:04,725 - cellpose.core - INFO - ** TORCH MPS version installed and working. **
2025-12-08 14:16:04,725 - cellpose.core - INFO - >>>> using GPU (MPS)
2025-12-08 14:16:04,783 - cellpose.models - INFO - >>>> loading model /Users/nzlab-la/.cellpose/models/cyto3
2025-12-08 14:16:04,844 - cellpose.models - INFO - >>>> model diam_mean =  30.000 (ROIs rescaled to this size during training)
2025-12-08 14:16:04,844 - root - INFO - Running Cellpose (no optimization)
2025-12-08 14:16:05,136 - root - INFO - Cellpose eval finished. Masks max: 3
2025-12-08 14:16:05,245 - cellpose.denoise - INFO - >> denoise_cyto3 << model set to be used
2025-12-08 14:16:05,246 - cellpose.core - INFO - ** TORCH MPS version installed and working. **
2025-12-08 14:16:05,246 - cellpose.core - INFO - >>>> using GPU (MPS)
2025-12-08 14:16:05,381 - cellpose.denoise - INFO - >>>> model diam_mean =  30.000 (ROIs rescaled to this size during training)
2025-12-08 14:16:05,381 - cellpose.models - INFO - >> cyto3 << model set to be used
2025-12-08 14:16:05,382 - cellpose.core - INFO - ** TORCH MPS version installed and working. **
2025-12-08 14:16:05,382 - cellpose.core - INFO - >>>> using GPU (MPS)
2025-12-08 14:16:05,439 - cellpose.models - INFO - >>>> loading model /Users/nzlab-la/.cellpose/models/cyto3
2025-12-08 14:16:05,506 - cellpose.models - INFO - >>>> model diam_mean =  30.000 (ROIs rescaled to this size during training)
2025-12-08 14:16:05,506 - root - INFO - Running Cellpose (no optimization)
2025-12-08 14:16:05,744 - root - INFO - Cellpose eval finished. Masks max: 2
2025-12-08 14:16:08,564 - cellpose.denoise - INFO - >> denoise_cyto3 << model set to be used
2025-12-08 14:16:08,567 - cellpose.core - INFO - ** TORCH MPS version installed and working. **
2025-12-08 14:16:08,567 - cellpose.core - INFO - >>>> using GPU (MPS)
2025-12-08 14:16:08,696 - cellpose.denoise - INFO - >>>> model diam_mean =  30.000 (ROIs rescaled to this size during training)
2025-12-08 14:16:08,696 - cellpose.models - INFO - >> cyto3 << model set to be used
2025-12-08 14:16:08,697 - cellpose.core - INFO - ** TORCH MPS version installed and working. **
2025-12-08 14:16:08,697 - cellpose.core - INFO - >>>> using GPU (MPS)
2025-12-08 14:16:08,758 - cellpose.models - INFO - >>>> loading model /Users/nzlab-la/.cellpose/models/cyto3
2025-12-08 14:16:08,824 - cellpose.models - INFO - >>>> model diam_mean =  30.000 (ROIs rescaled to this size during training)
2025-12-08 14:16:08,824 - root - INFO - Running Cellpose with flow_threshold=0.25, diameter=75, gpu=unknown
2025-12-08 14:16:09,640 - root - INFO - Cellpose eval finished. Masks max: 3
2025-12-08 14:16:09,643 - root - INFO - Running Cellpose with flow_threshold=0.25, diameter=150, gpu=unknown
2025-12-08 14:16:11,753 - root - INFO - Cellpose eval finished. Masks max: 8
2025-12-08 14:16:11,758 - root - INFO - Running Cellpose with flow_threshold=0.25, diameter=225, gpu=unknown
2025-12-08 14:16:13,833 - root - INFO - Cellpose eval finished. Masks max: 8
2025-12-08 14:16:13,839 - root - INFO - Running Cellpose with flow_threshold=0.45, diameter=75, gpu=unknown
2025-12-08 14:16:14,480 - root - INFO - Cellpose eval finished. Masks max: 5
2025-12-08 14:16:14,483 - root - INFO - Running Cellpose with flow_threshold=0.45, diameter=150, gpu=unknown
2025-12-08 14:16:16,569 - root - INFO - Cellpose eval finished. Masks max: 8
2025-12-08 14:16:16,575 - root - INFO - Running Cellpose with flow_threshold=0.45, diameter=225, gpu=unknown
2025-12-08 14:16:18,484 - root - INFO - Cellpose eval finished. Masks max: 8
2025-12-08 14:16:18,488 - root - INFO - Running Cellpose with flow_threshold=0.8, diameter=75, gpu=unknown
2025-12-08 14:16:19,129 - root - INFO - Cellpose eval finished. Masks max: 6
2025-12-08 14:16:19,133 - root - INFO - Running Cellpose with flow_threshold=0.8, diameter=150, gpu=unknown
2025-12-08 14:16:21,209 - root - INFO - Cellpose eval finished. Masks max: 8
2025-12-08 14:16:21,215 - root - INFO - Running Cellpose with flow_threshold=0.8, diameter=225, gpu=unknown
2025-12-08 14:16:23,137 - root - INFO - Cellpose eval finished. Masks max: 8
2025-12-08 14:16:23,258 - cellpose.denoise - INFO - >> denoise_cyto3 << model set to be used
2025-12-08 14:16:23,259 - cellpose.core - INFO - ** TORCH MPS version installed and working. **
2025-12-08 14:16:23,259 - cellpose.core - INFO - >>>> using GPU (MPS)
2025-12-08 14:16:23,396 - cellpose.denoise - INFO - >>>> model diam_mean =  30.000 (ROIs rescaled to this size during training)
2025-12-08 14:16:23,396 - cellpose.models - INFO - >> cyto3 << model set to be used
2025-12-08 14:16:23,397 - cellpose.core - INFO - ** TORCH MPS version installed and working. **
2025-12-08 14:16:23,397 - cellpose.core - INFO - >>>> using GPU (MPS)
2025-12-08 14:16:23,458 - cellpose.models - INFO - >>>> loading model /Users/nzlab-la/.cellpose/models/cyto3
2025-12-08 14:16:23,523 - cellpose.models - INFO - >>>> model diam_mean =  30.000 (ROIs rescaled to this size during training)
2025-12-08 14:16:23,523 - root - INFO - Running Cellpose with flow_threshold=0.25, diameter=75, gpu=unknown
2025-12-08 14:16:24,070 - root - INFO - Cellpose eval finished. Masks max: 1
2025-12-08 14:16:24,072 - root - INFO - Running Cellpose with flow_threshold=0.25, diameter=150, gpu=unknown
2025-12-08 14:16:26,061 - root - INFO - Cellpose eval finished. Masks max: 7
2025-12-08 14:16:26,065 - root - INFO - Running Cellpose with flow_threshold=0.25, diameter=225, gpu=unknown
2025-12-08 14:16:28,189 - root - INFO - Cellpose eval finished. Masks max: 7
2025-12-08 14:16:28,194 - root - INFO - Running Cellpose with flow_threshold=0.45, diameter=75, gpu=unknown
2025-12-08 14:16:28,704 - root - INFO - Cellpose eval finished. Masks max: 2
2025-12-08 14:16:28,706 - root - INFO - Running Cellpose with flow_threshold=0.45, diameter=150, gpu=unknown
2025-12-08 14:16:30,711 - root - INFO - Cellpose eval finished. Masks max: 9
2025-12-08 14:16:30,717 - root - INFO - Running Cellpose with flow_threshold=0.45, diameter=225, gpu=unknown
2025-12-08 14:16:32,857 - root - INFO - Cellpose eval finished. Masks max: 8
2025-12-08 14:16:32,863 - root - INFO - Running Cellpose with flow_threshold=0.8, diameter=75, gpu=unknown
2025-12-08 14:16:33,377 - root - INFO - Cellpose eval finished. Masks max: 3
2025-12-08 14:16:33,379 - root - INFO - Running Cellpose with flow_threshold=0.8, diameter=150, gpu=unknown
2025-12-08 14:16:35,378 - root - INFO - Cellpose eval finished. Masks max: 9
2025-12-08 14:16:35,385 - root - INFO - Running Cellpose with flow_threshold=0.8, diameter=225, gpu=unknown
2025-12-08 14:16:37,503 - root - INFO - Cellpose eval finished. Masks max: 8
2025-12-08 14:16:37,625 - cellpose.denoise - INFO - >> denoise_cyto3 << model set to be used
2025-12-08 14:16:37,626 - cellpose.core - INFO - ** TORCH MPS version installed and working. **
2025-12-08 14:16:37,626 - cellpose.core - INFO - >>>> using GPU (MPS)
2025-12-08 14:16:37,755 - cellpose.denoise - INFO - >>>> model diam_mean =  30.000 (ROIs rescaled to this size during training)
2025-12-08 14:16:37,755 - cellpose.models - INFO - >> cyto3 << model set to be used
2025-12-08 14:16:37,756 - cellpose.core - INFO - ** TORCH MPS version installed and working. **
2025-12-08 14:16:37,757 - cellpose.core - INFO - >>>> using GPU (MPS)
2025-12-08 14:16:37,819 - cellpose.models - INFO - >>>> loading model /Users/nzlab-la/.cellpose/models/cyto3
2025-12-08 14:16:37,886 - cellpose.models - INFO - >>>> model diam_mean =  30.000 (ROIs rescaled to this size during training)
2025-12-08 14:16:37,886 - root - INFO - Running Cellpose with flow_threshold=0.25, diameter=75, gpu=unknown
2025-12-08 14:16:38,544 - root - INFO - Cellpose eval finished. Masks max: 1
2025-12-08 14:16:38,545 - root - INFO - Running Cellpose with flow_threshold=0.25, diameter=150, gpu=unknown
2025-12-08 14:16:40,469 - root - INFO - Cellpose eval finished. Masks max: 8
2025-12-08 14:16:40,475 - root - INFO - Running Cellpose with flow_threshold=0.25, diameter=225, gpu=unknown
2025-12-08 14:16:42,669 - root - INFO - Cellpose eval finished. Masks max: 8
2025-12-08 14:16:42,675 - root - INFO - Running Cellpose with flow_threshold=0.45, diameter=75, gpu=unknown
2025-12-08 14:16:43,238 - root - INFO - Cellpose eval finished. Masks max: 2
2025-12-08 14:16:43,240 - root - INFO - Running Cellpose with flow_threshold=0.45, diameter=150, gpu=unknown
2025-12-08 14:16:45,154 - root - INFO - Cellpose eval finished. Masks max: 8
2025-12-08 14:16:45,160 - root - INFO - Running Cellpose with flow_threshold=0.45, diameter=225, gpu=unknown
2025-12-08 14:16:47,317 - root - INFO - Cellpose eval finished. Masks max: 8
2025-12-08 14:16:47,323 - root - INFO - Running Cellpose with flow_threshold=0.8, diameter=75, gpu=unknown
2025-12-08 14:16:47,886 - root - INFO - Cellpose eval finished. Masks max: 2
2025-12-08 14:16:47,888 - root - INFO - Running Cellpose with flow_threshold=0.8, diameter=150, gpu=unknown
2025-12-08 14:16:49,823 - root - INFO - Cellpose eval finished. Masks max: 8
2025-12-08 14:16:49,829 - root - INFO - Running Cellpose with flow_threshold=0.8, diameter=225, gpu=unknown
2025-12-08 14:16:52,034 - root - INFO - Cellpose eval finished. Masks max: 8
2025-12-08 14:16:52,159 - cellpose.denoise - INFO - >> denoise_cyto3 << model set to be used
2025-12-08 14:16:52,160 - cellpose.core - INFO - ** TORCH MPS version installed and working. **
2025-12-08 14:16:52,160 - cellpose.core - INFO - >>>> using GPU (MPS)
2025-12-08 14:16:52,292 - cellpose.denoise - INFO - >>>> model diam_mean =  30.000 (ROIs rescaled to this size during training)
2025-12-08 14:16:52,292 - cellpose.models - INFO - >> cyto3 << model set to be used
2025-12-08 14:16:52,293 - cellpose.core - INFO - ** TORCH MPS version installed and working. **
2025-12-08 14:16:52,293 - cellpose.core - INFO - >>>> using GPU (MPS)
2025-12-08 14:16:52,354 - cellpose.models - INFO - >>>> loading model /Users/nzlab-la/.cellpose/models/cyto3
2025-12-08 14:16:52,423 - cellpose.models - INFO - >>>> model diam_mean =  30.000 (ROIs rescaled to this size during training)
2025-12-08 14:16:52,423 - root - INFO - Running Cellpose with flow_threshold=0.25, diameter=75, gpu=unknown
2025-12-08 14:16:53,497 - root - INFO - Cellpose eval finished. Masks max: 3
2025-12-08 14:16:53,500 - root - INFO - Running Cellpose with flow_threshold=0.25, diameter=150, gpu=unknown
2025-12-08 14:16:55,546 - root - INFO - Cellpose eval finished. Masks max: 8
2025-12-08 14:16:55,550 - root - INFO - Running Cellpose with flow_threshold=0.25, diameter=225, gpu=unknown
2025-12-08 14:16:57,710 - root - INFO - Cellpose eval finished. Masks max: 8
2025-12-08 14:16:57,714 - root - INFO - Running Cellpose with flow_threshold=0.45, diameter=75, gpu=unknown
2025-12-08 14:16:58,719 - root - INFO - Cellpose eval finished. Masks max: 6
2025-12-08 14:16:58,723 - root - INFO - Running Cellpose with flow_threshold=0.45, diameter=150, gpu=unknown
2025-12-08 14:17:00,744 - root - INFO - Cellpose eval finished. Masks max: 8
2025-12-08 14:17:00,750 - root - INFO - Running Cellpose with flow_threshold=0.45, diameter=225, gpu=unknown
2025-12-08 14:17:02,835 - root - INFO - Cellpose eval finished. Masks max: 8
2025-12-08 14:17:02,839 - root - INFO - Running Cellpose with flow_threshold=0.8, diameter=75, gpu=unknown
2025-12-08 14:17:03,840 - root - INFO - Cellpose eval finished. Masks max: 7
2025-12-08 14:17:03,845 - root - INFO - Running Cellpose with flow_threshold=0.8, diameter=150, gpu=unknown
2025-12-08 14:17:05,858 - root - INFO - Cellpose eval finished. Masks max: 8
2025-12-08 14:17:05,863 - root - INFO - Running Cellpose with flow_threshold=0.8, diameter=225, gpu=unknown
2025-12-08 14:17:07,954 - root - INFO - Cellpose eval finished. Masks max: 8
2025-12-08 14:17:08,067 - cellpose.denoise - INFO - >> denoise_cyto3 << model set to be used
2025-12-08 14:17:08,067 - cellpose.core - INFO - ** TORCH MPS version installed and working. **
2025-12-08 14:17:08,068 - cellpose.core - INFO - >>>> using GPU (MPS)
2025-12-08 14:17:08,200 - cellpose.denoise - INFO - >>>> model diam_mean =  30.000 (ROIs rescaled to this size during training)
2025-12-08 14:17:08,200 - cellpose.models - INFO - >> cyto3 << model set to be used
2025-12-08 14:17:08,201 - cellpose.core - INFO - ** TORCH MPS version installed and working. **
2025-12-08 14:17:08,202 - cellpose.core - INFO - >>>> using GPU (MPS)
2025-12-08 14:17:08,262 - cellpose.models - INFO - >>>> loading model /Users/nzlab-la/.cellpose/models/cyto3
2025-12-08 14:17:08,329 - cellpose.models - INFO - >>>> model diam_mean =  30.000 (ROIs rescaled to this size during training)
2025-12-08 14:17:08,329 - root - INFO - Running Cellpose with flow_threshold=0.25, diameter=75, gpu=unknown
2025-12-08 14:17:09,534 - root - INFO - Cellpose eval finished. Masks max: 4
2025-12-08 14:17:09,537 - root - INFO - Running Cellpose with flow_threshold=0.25, diameter=150, gpu=unknown
2025-12-08 14:17:10,771 - root - INFO - Cellpose eval finished. Masks max: 7
2025-12-08 14:17:10,776 - root - INFO - Running Cellpose with flow_threshold=0.25, diameter=225, gpu=unknown
2025-12-08 14:17:12,234 - root - INFO - Cellpose eval finished. Masks max: 7
2025-12-08 14:17:12,239 - root - INFO - Running Cellpose with flow_threshold=0.45, diameter=75, gpu=unknown
2025-12-08 14:17:13,405 - root - INFO - Cellpose eval finished. Masks max: 7
2025-12-08 14:17:13,410 - root - INFO - Running Cellpose with flow_threshold=0.45, diameter=150, gpu=unknown
2025-12-08 14:17:14,628 - root - INFO - Cellpose eval finished. Masks max: 7
2025-12-08 14:17:14,631 - root - INFO - Running Cellpose with flow_threshold=0.45, diameter=225, gpu=unknown
2025-12-08 14:17:16,064 - root - INFO - Cellpose eval finished. Masks max: 7
2025-12-08 14:17:16,068 - root - INFO - Running Cellpose with flow_threshold=0.8, diameter=75, gpu=unknown
2025-12-08 14:17:17,229 - root - INFO - Cellpose eval finished. Masks max: 7
2025-12-08 14:17:17,233 - root - INFO - Running Cellpose with flow_threshold=0.8, diameter=150, gpu=unknown
2025-12-08 14:17:18,456 - root - INFO - Cellpose eval finished. Masks max: 7
2025-12-08 14:17:18,460 - root - INFO - Running Cellpose with flow_threshold=0.8, diameter=225, gpu=unknown
2025-12-08 14:17:19,904 - root - INFO - Cellpose eval finished. Masks max: 7
2025-12-08 14:17:20,024 - cellpose.denoise - INFO - >> denoise_cyto3 << model set to be used
2025-12-08 14:17:20,025 - cellpose.core - INFO - ** TORCH MPS version installed and working. **
2025-12-08 14:17:20,025 - cellpose.core - INFO - >>>> using GPU (MPS)
2025-12-08 14:17:20,155 - cellpose.denoise - INFO - >>>> model diam_mean =  30.000 (ROIs rescaled to this size during training)
2025-12-08 14:17:20,155 - cellpose.models - INFO - >> cyto3 << model set to be used
2025-12-08 14:17:20,156 - cellpose.core - INFO - ** TORCH MPS version installed and working. **
2025-12-08 14:17:20,157 - cellpose.core - INFO - >>>> using GPU (MPS)
2025-12-08 14:17:20,215 - cellpose.models - INFO - >>>> loading model /Users/nzlab-la/.cellpose/models/cyto3
2025-12-08 14:17:20,280 - cellpose.models - INFO - >>>> model diam_mean =  30.000 (ROIs rescaled to this size during training)
2025-12-08 14:17:20,280 - root - INFO - Running Cellpose with flow_threshold=0.25, diameter=75, gpu=unknown
2025-12-08 14:17:21,042 - root - INFO - Cellpose eval finished. Masks max: 5
2025-12-08 14:17:21,046 - root - INFO - Running Cellpose with flow_threshold=0.25, diameter=150, gpu=unknown
2025-12-08 14:17:21,767 - root - INFO - Cellpose eval finished. Masks max: 5
2025-12-08 14:17:21,771 - root - INFO - Running Cellpose with flow_threshold=0.25, diameter=225, gpu=unknown
2025-12-08 14:17:22,449 - root - INFO - Cellpose eval finished. Masks max: 5
2025-12-08 14:17:22,452 - root - INFO - Running Cellpose with flow_threshold=0.45, diameter=75, gpu=unknown
2025-12-08 14:17:23,176 - root - INFO - Cellpose eval finished. Masks max: 6
2025-12-08 14:17:23,180 - root - INFO - Running Cellpose with flow_threshold=0.45, diameter=150, gpu=unknown
2025-12-08 14:17:23,893 - root - INFO - Cellpose eval finished. Masks max: 5
2025-12-08 14:17:23,897 - root - INFO - Running Cellpose with flow_threshold=0.45, diameter=225, gpu=unknown
2025-12-08 14:17:24,537 - root - INFO - Cellpose eval finished. Masks max: 5
2025-12-08 14:17:24,540 - root - INFO - Running Cellpose with flow_threshold=0.8, diameter=75, gpu=unknown
2025-12-08 14:17:25,266 - root - INFO - Cellpose eval finished. Masks max: 6
2025-12-08 14:17:25,271 - root - INFO - Running Cellpose with flow_threshold=0.8, diameter=150, gpu=unknown
2025-12-08 14:17:25,983 - root - INFO - Cellpose eval finished. Masks max: 5
2025-12-08 14:17:25,987 - root - INFO - Running Cellpose with flow_threshold=0.8, diameter=225, gpu=unknown
2025-12-08 14:17:26,630 - root - INFO - Cellpose eval finished. Masks max: 5
2025-12-08 14:17:26,745 - cellpose.denoise - INFO - >> denoise_cyto3 << model set to be used
2025-12-08 14:17:26,746 - cellpose.core - INFO - ** TORCH MPS version installed and working. **
2025-12-08 14:17:26,746 - cellpose.core - INFO - >>>> using GPU (MPS)
2025-12-08 14:17:26,884 - cellpose.denoise - INFO - >>>> model diam_mean =  30.000 (ROIs rescaled to this size during training)
2025-12-08 14:17:26,884 - cellpose.models - INFO - >> cyto3 << model set to be used
2025-12-08 14:17:26,885 - cellpose.core - INFO - ** TORCH MPS version installed and working. **
2025-12-08 14:17:26,885 - cellpose.core - INFO - >>>> using GPU (MPS)
2025-12-08 14:17:26,946 - cellpose.models - INFO - >>>> loading model /Users/nzlab-la/.cellpose/models/cyto3
2025-12-08 14:17:27,012 - cellpose.models - INFO - >>>> model diam_mean =  30.000 (ROIs rescaled to this size during training)
2025-12-08 14:17:27,013 - root - INFO - Running Cellpose with flow_threshold=0.25, diameter=75, gpu=unknown
2025-12-08 14:17:27,573 - root - INFO - Cellpose eval finished. Masks max: 4
2025-12-08 14:17:27,576 - root - INFO - Running Cellpose with flow_threshold=0.25, diameter=150, gpu=unknown
2025-12-08 14:17:28,046 - root - INFO - Cellpose eval finished. Masks max: 4
2025-12-08 14:17:28,050 - root - INFO - Running Cellpose with flow_threshold=0.25, diameter=225, gpu=unknown
2025-12-08 14:17:28,515 - root - INFO - Cellpose eval finished. Masks max: 3
2025-12-08 14:17:28,518 - root - INFO - Running Cellpose with flow_threshold=0.45, diameter=75, gpu=unknown
2025-12-08 14:17:29,056 - root - INFO - Cellpose eval finished. Masks max: 4
2025-12-08 14:17:29,060 - root - INFO - Running Cellpose with flow_threshold=0.45, diameter=150, gpu=unknown
2025-12-08 14:17:29,523 - root - INFO - Cellpose eval finished. Masks max: 4
2025-12-08 14:17:29,526 - root - INFO - Running Cellpose with flow_threshold=0.45, diameter=225, gpu=unknown
2025-12-08 14:17:29,959 - root - INFO - Cellpose eval finished. Masks max: 3
2025-12-08 14:17:29,961 - root - INFO - Running Cellpose with flow_threshold=0.8, diameter=75, gpu=unknown
2025-12-08 14:17:30,494 - root - INFO - Cellpose eval finished. Masks max: 4
2025-12-08 14:17:30,497 - root - INFO - Running Cellpose with flow_threshold=0.8, diameter=150, gpu=unknown
2025-12-08 14:17:30,962 - root - INFO - Cellpose eval finished. Masks max: 4
2025-12-08 14:17:30,965 - root - INFO - Running Cellpose with flow_threshold=0.8, diameter=225, gpu=unknown
2025-12-08 14:17:31,390 - root - INFO - Cellpose eval finished. Masks max: 3
2025-12-08 14:17:31,513 - cellpose.denoise - INFO - >> denoise_cyto3 << model set to be used
2025-12-08 14:17:31,513 - cellpose.core - INFO - ** TORCH MPS version installed and working. **
2025-12-08 14:17:31,513 - cellpose.core - INFO - >>>> using GPU (MPS)
2025-12-08 14:17:31,643 - cellpose.denoise - INFO - >>>> model diam_mean =  30.000 (ROIs rescaled to this size during training)
2025-12-08 14:17:31,643 - cellpose.models - INFO - >> cyto3 << model set to be used
2025-12-08 14:17:31,644 - cellpose.core - INFO - ** TORCH MPS version installed and working. **
2025-12-08 14:17:31,644 - cellpose.core - INFO - >>>> using GPU (MPS)
2025-12-08 14:17:31,704 - cellpose.models - INFO - >>>> loading model /Users/nzlab-la/.cellpose/models/cyto3
2025-12-08 14:17:31,771 - cellpose.models - INFO - >>>> model diam_mean =  30.000 (ROIs rescaled to this size during training)
2025-12-08 14:17:31,771 - root - INFO - Running Cellpose with flow_threshold=0.25, diameter=75, gpu=unknown
2025-12-08 14:17:32,199 - root - INFO - Cellpose eval finished. Masks max: 3
2025-12-08 14:17:32,201 - root - INFO - Running Cellpose with flow_threshold=0.25, diameter=150, gpu=unknown
2025-12-08 14:17:32,503 - root - INFO - Cellpose eval finished. Masks max: 3
2025-12-08 14:17:32,505 - root - INFO - Running Cellpose with flow_threshold=0.25, diameter=225, gpu=unknown
2025-12-08 14:17:33,773 - root - INFO - Cellpose eval finished. Masks max: 4
2025-12-08 14:17:33,776 - root - INFO - Running Cellpose with flow_threshold=0.45, diameter=75, gpu=unknown
2025-12-08 14:17:34,179 - root - INFO - Cellpose eval finished. Masks max: 4
2025-12-08 14:17:34,182 - root - INFO - Running Cellpose with flow_threshold=0.45, diameter=150, gpu=unknown
2025-12-08 14:17:34,479 - root - INFO - Cellpose eval finished. Masks max: 3
2025-12-08 14:17:34,482 - root - INFO - Running Cellpose with flow_threshold=0.45, diameter=225, gpu=unknown
2025-12-08 14:17:35,705 - root - INFO - Cellpose eval finished. Masks max: 6
2025-12-08 14:17:35,710 - root - INFO - Running Cellpose with flow_threshold=0.8, diameter=75, gpu=unknown
2025-12-08 14:17:36,112 - root - INFO - Cellpose eval finished. Masks max: 4
2025-12-08 14:17:36,115 - root - INFO - Running Cellpose with flow_threshold=0.8, diameter=150, gpu=unknown
2025-12-08 14:17:36,411 - root - INFO - Cellpose eval finished. Masks max: 3
2025-12-08 14:17:36,414 - root - INFO - Running Cellpose with flow_threshold=0.8, diameter=225, gpu=unknown
2025-12-08 14:17:37,634 - root - INFO - Cellpose eval finished. Masks max: 6
2025-12-08 14:17:37,760 - cellpose.denoise - INFO - >> denoise_cyto3 << model set to be used
2025-12-08 14:17:37,761 - cellpose.core - INFO - ** TORCH MPS version installed and working. **
2025-12-08 14:17:37,761 - cellpose.core - INFO - >>>> using GPU (MPS)
2025-12-08 14:17:37,898 - cellpose.denoise - INFO - >>>> model diam_mean =  30.000 (ROIs rescaled to this size during training)
2025-12-08 14:17:37,898 - cellpose.models - INFO - >> cyto3 << model set to be used
2025-12-08 14:17:37,899 - cellpose.core - INFO - ** TORCH MPS version installed and working. **
2025-12-08 14:17:37,899 - cellpose.core - INFO - >>>> using GPU (MPS)
2025-12-08 14:17:37,958 - cellpose.models - INFO - >>>> loading model /Users/nzlab-la/.cellpose/models/cyto3
2025-12-08 14:17:38,022 - cellpose.models - INFO - >>>> model diam_mean =  30.000 (ROIs rescaled to this size during training)
2025-12-08 14:17:38,022 - root - INFO - Running Cellpose with flow_threshold=0.25, diameter=75, gpu=unknown
2025-12-08 14:17:38,422 - root - INFO - Cellpose eval finished. Masks max: 2
2025-12-08 14:17:38,424 - root - INFO - Running Cellpose with flow_threshold=0.25, diameter=150, gpu=unknown
2025-12-08 14:17:38,683 - root - INFO - Cellpose eval finished. Masks max: 2
2025-12-08 14:17:38,685 - root - INFO - Running Cellpose with flow_threshold=0.25, diameter=225, gpu=unknown
2025-12-08 14:17:39,098 - root - INFO - Cellpose eval finished. Masks max: 1
2025-12-08 14:17:39,099 - root - INFO - Running Cellpose with flow_threshold=0.45, diameter=75, gpu=unknown
2025-12-08 14:17:39,409 - root - INFO - Cellpose eval finished. Masks max: 2
2025-12-08 14:17:39,412 - root - INFO - Running Cellpose with flow_threshold=0.45, diameter=150, gpu=unknown
2025-12-08 14:17:39,649 - root - INFO - Cellpose eval finished. Masks max: 2
2025-12-08 14:17:39,650 - root - INFO - Running Cellpose with flow_threshold=0.45, diameter=225, gpu=unknown
2025-12-08 14:17:40,022 - root - INFO - Cellpose eval finished. Masks max: 2
2025-12-08 14:17:40,024 - root - INFO - Running Cellpose with flow_threshold=0.8, diameter=75, gpu=unknown
2025-12-08 14:17:40,331 - root - INFO - Cellpose eval finished. Masks max: 2
2025-12-08 14:17:40,333 - root - INFO - Running Cellpose with flow_threshold=0.8, diameter=150, gpu=unknown
2025-12-08 14:17:40,570 - root - INFO - Cellpose eval finished. Masks max: 2
2025-12-08 14:17:40,572 - root - INFO - Running Cellpose with flow_threshold=0.8, diameter=225, gpu=unknown
2025-12-08 14:17:40,939 - root - INFO - Cellpose eval finished. Masks max: 2
2025-12-08 15:38:13,365 - root - WARNING - Qt Warning: Could not parse application stylesheet
2025-12-08 15:38:55,202 - cellpose.core - INFO - ** TORCH MPS version installed and working. **
2025-12-08 15:38:55,202 - cellpose.core - INFO - >>>> using GPU (MPS)
2025-12-08 15:38:55,202 - cellpose.models - INFO - >> nuclei << model set to be used
2025-12-08 15:38:55,272 - cellpose.models - INFO - >>>> loading model /Users/nzlab-la/.cellpose/models/nucleitorch_0
2025-12-08 15:38:55,344 - cellpose.models - INFO - >>>> model diam_mean =  17.000 (ROIs rescaled to this size during training)
2025-12-08 15:38:55,345 - root - INFO - Running Cellpose (no optimization)
2025-12-08 15:38:55,345 - cellpose.models - INFO - channels set to [0, 0]
2025-12-08 15:38:55,345 - cellpose.models - INFO - ~~~ FINDING MASKS ~~~
2025-12-08 15:38:56,481 - cellpose.models - INFO - >>>> TOTAL TIME 1.14 sec
2025-12-08 15:38:56,481 - root - INFO - Cellpose eval finished. Masks max: 9
2025-12-08 15:38:56,596 - cellpose.core - INFO - ** TORCH MPS version installed and working. **
2025-12-08 15:38:56,597 - cellpose.core - INFO - >>>> using GPU (MPS)
2025-12-08 15:38:56,597 - cellpose.models - INFO - >> nuclei << model set to be used
2025-12-08 15:38:56,668 - cellpose.models - INFO - >>>> loading model /Users/nzlab-la/.cellpose/models/nucleitorch_0
2025-12-08 15:38:56,837 - cellpose.models - INFO - >>>> model diam_mean =  17.000 (ROIs rescaled to this size during training)
2025-12-08 15:38:56,837 - root - INFO - Running Cellpose (no optimization)
2025-12-08 15:38:56,837 - cellpose.models - INFO - channels set to [0, 0]
2025-12-08 15:38:56,837 - cellpose.models - INFO - ~~~ FINDING MASKS ~~~
2025-12-08 15:38:57,295 - cellpose.models - INFO - >>>> TOTAL TIME 0.46 sec
2025-12-08 15:38:57,296 - root - INFO - Cellpose eval finished. Masks max: 8
2025-12-08 15:38:57,406 - cellpose.core - INFO - ** TORCH MPS version installed and working. **
2025-12-08 15:38:57,406 - cellpose.core - INFO - >>>> using GPU (MPS)
2025-12-08 15:38:57,406 - cellpose.models - INFO - >> nuclei << model set to be used
2025-12-08 15:38:57,478 - cellpose.models - INFO - >>>> loading model /Users/nzlab-la/.cellpose/models/nucleitorch_0
2025-12-08 15:38:57,543 - cellpose.models - INFO - >>>> model diam_mean =  17.000 (ROIs rescaled to this size during training)
2025-12-08 15:38:57,543 - root - INFO - Running Cellpose (no optimization)
2025-12-08 15:38:57,543 - cellpose.models - INFO - channels set to [0, 0]
2025-12-08 15:38:57,543 - cellpose.models - INFO - ~~~ FINDING MASKS ~~~
2025-12-08 15:38:58,039 - cellpose.models - INFO - >>>> TOTAL TIME 0.50 sec
2025-12-08 15:38:58,040 - root - INFO - Cellpose eval finished. Masks max: 9
2025-12-08 15:38:58,151 - cellpose.core - INFO - ** TORCH MPS version installed and working. **
2025-12-08 15:38:58,151 - cellpose.core - INFO - >>>> using GPU (MPS)
2025-12-08 15:38:58,152 - cellpose.models - INFO - >> nuclei << model set to be used
2025-12-08 15:38:58,217 - cellpose.models - INFO - >>>> loading model /Users/nzlab-la/.cellpose/models/nucleitorch_0
2025-12-08 15:38:58,280 - cellpose.models - INFO - >>>> model diam_mean =  17.000 (ROIs rescaled to this size during training)
2025-12-08 15:38:58,280 - root - INFO - Running Cellpose (no optimization)
2025-12-08 15:38:58,280 - cellpose.models - INFO - channels set to [0, 0]
2025-12-08 15:38:58,280 - cellpose.models - INFO - ~~~ FINDING MASKS ~~~
2025-12-08 15:38:58,761 - cellpose.models - INFO - >>>> TOTAL TIME 0.48 sec
2025-12-08 15:38:58,761 - root - INFO - Cellpose eval finished. Masks max: 9
2025-12-08 15:38:58,872 - cellpose.core - INFO - ** TORCH MPS version installed and working. **
2025-12-08 15:38:58,872 - cellpose.core - INFO - >>>> using GPU (MPS)
2025-12-08 15:38:58,872 - cellpose.models - INFO - >> nuclei << model set to be used
2025-12-08 15:38:58,942 - cellpose.models - INFO - >>>> loading model /Users/nzlab-la/.cellpose/models/nucleitorch_0
2025-12-08 15:38:59,008 - cellpose.models - INFO - >>>> model diam_mean =  17.000 (ROIs rescaled to this size during training)
2025-12-08 15:38:59,008 - root - INFO - Running Cellpose (no optimization)
2025-12-08 15:38:59,008 - cellpose.models - INFO - channels set to [0, 0]
2025-12-08 15:38:59,008 - cellpose.models - INFO - ~~~ FINDING MASKS ~~~
2025-12-08 15:38:59,438 - cellpose.models - INFO - >>>> TOTAL TIME 0.43 sec
2025-12-08 15:38:59,439 - root - INFO - Cellpose eval finished. Masks max: 9
2025-12-08 15:38:59,553 - cellpose.core - INFO - ** TORCH MPS version installed and working. **
2025-12-08 15:38:59,553 - cellpose.core - INFO - >>>> using GPU (MPS)
2025-12-08 15:38:59,553 - cellpose.models - INFO - >> nuclei << model set to be used
2025-12-08 15:38:59,624 - cellpose.models - INFO - >>>> loading model /Users/nzlab-la/.cellpose/models/nucleitorch_0
2025-12-08 15:38:59,688 - cellpose.models - INFO - >>>> model diam_mean =  17.000 (ROIs rescaled to this size during training)
2025-12-08 15:38:59,688 - root - INFO - Running Cellpose (no optimization)
2025-12-08 15:38:59,688 - cellpose.models - INFO - channels set to [0, 0]
2025-12-08 15:38:59,688 - cellpose.models - INFO - ~~~ FINDING MASKS ~~~
2025-12-08 15:39:00,055 - cellpose.models - INFO - >>>> TOTAL TIME 0.37 sec
2025-12-08 15:39:00,055 - root - INFO - Cellpose eval finished. Masks max: 5
2025-12-08 15:39:00,166 - cellpose.core - INFO - ** TORCH MPS version installed and working. **
2025-12-08 15:39:00,166 - cellpose.core - INFO - >>>> using GPU (MPS)
2025-12-08 15:39:00,166 - cellpose.models - INFO - >> nuclei << model set to be used
2025-12-08 15:39:00,227 - cellpose.models - INFO - >>>> loading model /Users/nzlab-la/.cellpose/models/nucleitorch_0
2025-12-08 15:39:00,290 - cellpose.models - INFO - >>>> model diam_mean =  17.000 (ROIs rescaled to this size during training)
2025-12-08 15:39:00,291 - root - INFO - Running Cellpose (no optimization)
2025-12-08 15:39:00,291 - cellpose.models - INFO - channels set to [0, 0]
2025-12-08 15:39:00,291 - cellpose.models - INFO - ~~~ FINDING MASKS ~~~
2025-12-08 15:39:00,532 - cellpose.models - INFO - >>>> TOTAL TIME 0.24 sec
2025-12-08 15:39:00,532 - root - INFO - Cellpose eval finished. Masks max: 3
2025-12-08 15:39:00,643 - cellpose.core - INFO - ** TORCH MPS version installed and working. **
2025-12-08 15:39:00,643 - cellpose.core - INFO - >>>> using GPU (MPS)
2025-12-08 15:39:00,644 - cellpose.models - INFO - >> nuclei << model set to be used
2025-12-08 15:39:00,713 - cellpose.models - INFO - >>>> loading model /Users/nzlab-la/.cellpose/models/nucleitorch_0
2025-12-08 15:39:00,777 - cellpose.models - INFO - >>>> model diam_mean =  17.000 (ROIs rescaled to this size during training)
2025-12-08 15:39:00,778 - root - INFO - Running Cellpose (no optimization)
2025-12-08 15:39:00,778 - cellpose.models - INFO - channels set to [0, 0]
2025-12-08 15:39:00,778 - cellpose.models - INFO - ~~~ FINDING MASKS ~~~
2025-12-08 15:39:00,950 - cellpose.models - INFO - >>>> TOTAL TIME 0.17 sec
2025-12-08 15:39:00,950 - root - INFO - Cellpose eval finished. Masks max: 0
2025-12-08 15:39:01,065 - cellpose.core - INFO - ** TORCH MPS version installed and working. **
2025-12-08 15:39:01,065 - cellpose.core - INFO - >>>> using GPU (MPS)
2025-12-08 15:39:01,065 - cellpose.models - INFO - >> nuclei << model set to be used
2025-12-08 15:39:01,138 - cellpose.models - INFO - >>>> loading model /Users/nzlab-la/.cellpose/models/nucleitorch_0
2025-12-08 15:39:01,201 - cellpose.models - INFO - >>>> model diam_mean =  17.000 (ROIs rescaled to this size during training)
2025-12-08 15:39:01,201 - root - INFO - Running Cellpose (no optimization)
2025-12-08 15:39:01,201 - cellpose.models - INFO - channels set to [0, 0]
2025-12-08 15:39:01,201 - cellpose.models - INFO - ~~~ FINDING MASKS ~~~
2025-12-08 15:39:01,250 - cellpose.dynamics - INFO - No cell pixels found.
2025-12-08 15:39:01,270 - cellpose.models - INFO - >>>> TOTAL TIME 0.07 sec
2025-12-08 15:39:01,270 - root - INFO - Cellpose eval finished. Masks max: 0
2025-12-08 15:39:07,998 - cellpose.denoise - INFO - >> denoise_cyto3 << model set to be used
2025-12-08 15:39:08,001 - cellpose.core - INFO - ** TORCH MPS version installed and working. **
2025-12-08 15:39:08,001 - cellpose.core - INFO - >>>> using GPU (MPS)
2025-12-08 15:39:08,161 - cellpose.denoise - INFO - >>>> model diam_mean =  30.000 (ROIs rescaled to this size during training)
2025-12-08 15:39:08,161 - cellpose.models - INFO - >> cyto3 << model set to be used
2025-12-08 15:39:08,162 - cellpose.core - INFO - ** TORCH MPS version installed and working. **
2025-12-08 15:39:08,162 - cellpose.core - INFO - >>>> using GPU (MPS)
2025-12-08 15:39:08,223 - cellpose.models - INFO - >>>> loading model /Users/nzlab-la/.cellpose/models/cyto3
2025-12-08 15:39:08,308 - cellpose.models - INFO - >>>> model diam_mean =  30.000 (ROIs rescaled to this size during training)
2025-12-08 15:39:08,309 - root - INFO - Running Cellpose (no optimization)
2025-12-08 15:39:09,018 - root - INFO - Cellpose eval finished. Masks max: 9
2025-12-08 15:39:09,132 - cellpose.denoise - INFO - >> denoise_cyto3 << model set to be used
2025-12-08 15:39:09,133 - cellpose.core - INFO - ** TORCH MPS version installed and working. **
2025-12-08 15:39:09,133 - cellpose.core - INFO - >>>> using GPU (MPS)
2025-12-08 15:39:09,258 - cellpose.denoise - INFO - >>>> model diam_mean =  30.000 (ROIs rescaled to this size during training)
2025-12-08 15:39:09,259 - cellpose.models - INFO - >> cyto3 << model set to be used
2025-12-08 15:39:09,260 - cellpose.core - INFO - ** TORCH MPS version installed and working. **
2025-12-08 15:39:09,260 - cellpose.core - INFO - >>>> using GPU (MPS)
2025-12-08 15:39:09,316 - cellpose.models - INFO - >>>> loading model /Users/nzlab-la/.cellpose/models/cyto3
2025-12-08 15:39:09,377 - cellpose.models - INFO - >>>> model diam_mean =  30.000 (ROIs rescaled to this size during training)
2025-12-08 15:39:09,377 - root - INFO - Running Cellpose (no optimization)
2025-12-08 15:39:09,961 - root - INFO - Cellpose eval finished. Masks max: 8
2025-12-08 15:39:10,070 - cellpose.denoise - INFO - >> denoise_cyto3 << model set to be used
2025-12-08 15:39:10,071 - cellpose.core - INFO - ** TORCH MPS version installed and working. **
2025-12-08 15:39:10,071 - cellpose.core - INFO - >>>> using GPU (MPS)
2025-12-08 15:39:10,194 - cellpose.denoise - INFO - >>>> model diam_mean =  30.000 (ROIs rescaled to this size during training)
2025-12-08 15:39:10,194 - cellpose.models - INFO - >> cyto3 << model set to be used
2025-12-08 15:39:10,195 - cellpose.core - INFO - ** TORCH MPS version installed and working. **
2025-12-08 15:39:10,195 - cellpose.core - INFO - >>>> using GPU (MPS)
2025-12-08 15:39:10,252 - cellpose.models - INFO - >>>> loading model /Users/nzlab-la/.cellpose/models/cyto3
2025-12-08 15:39:10,316 - cellpose.models - INFO - >>>> model diam_mean =  30.000 (ROIs rescaled to this size during training)
2025-12-08 15:39:10,316 - root - INFO - Running Cellpose (no optimization)
2025-12-08 15:39:10,956 - root - INFO - Cellpose eval finished. Masks max: 8
2025-12-08 15:39:11,065 - cellpose.denoise - INFO - >> denoise_cyto3 << model set to be used
2025-12-08 15:39:11,066 - cellpose.core - INFO - ** TORCH MPS version installed and working. **
2025-12-08 15:39:11,066 - cellpose.core - INFO - >>>> using GPU (MPS)
2025-12-08 15:39:11,193 - cellpose.denoise - INFO - >>>> model diam_mean =  30.000 (ROIs rescaled to this size during training)
2025-12-08 15:39:11,193 - cellpose.models - INFO - >> cyto3 << model set to be used
2025-12-08 15:39:11,194 - cellpose.core - INFO - ** TORCH MPS version installed and working. **
2025-12-08 15:39:11,194 - cellpose.core - INFO - >>>> using GPU (MPS)
2025-12-08 15:39:11,251 - cellpose.models - INFO - >>>> loading model /Users/nzlab-la/.cellpose/models/cyto3
2025-12-08 15:39:11,318 - cellpose.models - INFO - >>>> model diam_mean =  30.000 (ROIs rescaled to this size during training)
2025-12-08 15:39:11,319 - root - INFO - Running Cellpose (no optimization)
2025-12-08 15:39:11,929 - root - INFO - Cellpose eval finished. Masks max: 8
2025-12-08 15:39:12,039 - cellpose.denoise - INFO - >> denoise_cyto3 << model set to be used
2025-12-08 15:39:12,040 - cellpose.core - INFO - ** TORCH MPS version installed and working. **
2025-12-08 15:39:12,040 - cellpose.core - INFO - >>>> using GPU (MPS)
2025-12-08 15:39:12,169 - cellpose.denoise - INFO - >>>> model diam_mean =  30.000 (ROIs rescaled to this size during training)
2025-12-08 15:39:12,169 - cellpose.models - INFO - >> cyto3 << model set to be used
2025-12-08 15:39:12,170 - cellpose.core - INFO - ** TORCH MPS version installed and working. **
2025-12-08 15:39:12,170 - cellpose.core - INFO - >>>> using GPU (MPS)
2025-12-08 15:39:12,229 - cellpose.models - INFO - >>>> loading model /Users/nzlab-la/.cellpose/models/cyto3
2025-12-08 15:39:12,293 - cellpose.models - INFO - >>>> model diam_mean =  30.000 (ROIs rescaled to this size during training)
2025-12-08 15:39:12,293 - root - INFO - Running Cellpose (no optimization)
2025-12-08 15:39:12,859 - root - INFO - Cellpose eval finished. Masks max: 9
2025-12-08 15:39:12,974 - cellpose.denoise - INFO - >> denoise_cyto3 << model set to be used
2025-12-08 15:39:12,975 - cellpose.core - INFO - ** TORCH MPS version installed and working. **
2025-12-08 15:39:12,975 - cellpose.core - INFO - >>>> using GPU (MPS)
2025-12-08 15:39:13,106 - cellpose.denoise - INFO - >>>> model diam_mean =  30.000 (ROIs rescaled to this size during training)
2025-12-08 15:39:13,106 - cellpose.models - INFO - >> cyto3 << model set to be used
2025-12-08 15:39:13,107 - cellpose.core - INFO - ** TORCH MPS version installed and working. **
2025-12-08 15:39:13,107 - cellpose.core - INFO - >>>> using GPU (MPS)
2025-12-08 15:39:13,166 - cellpose.models - INFO - >>>> loading model /Users/nzlab-la/.cellpose/models/cyto3
2025-12-08 15:39:13,230 - cellpose.models - INFO - >>>> model diam_mean =  30.000 (ROIs rescaled to this size during training)
2025-12-08 15:39:13,231 - root - INFO - Running Cellpose (no optimization)
2025-12-08 15:39:13,688 - root - INFO - Cellpose eval finished. Masks max: 7
2025-12-08 15:39:13,800 - cellpose.denoise - INFO - >> denoise_cyto3 << model set to be used
2025-12-08 15:39:13,801 - cellpose.core - INFO - ** TORCH MPS version installed and working. **
2025-12-08 15:39:13,801 - cellpose.core - INFO - >>>> using GPU (MPS)
2025-12-08 15:39:13,929 - cellpose.denoise - INFO - >>>> model diam_mean =  30.000 (ROIs rescaled to this size during training)
2025-12-08 15:39:13,929 - cellpose.models - INFO - >> cyto3 << model set to be used
2025-12-08 15:39:13,931 - cellpose.core - INFO - ** TORCH MPS version installed and working. **
2025-12-08 15:39:13,931 - cellpose.core - INFO - >>>> using GPU (MPS)
2025-12-08 15:39:13,991 - cellpose.models - INFO - >>>> loading model /Users/nzlab-la/.cellpose/models/cyto3
2025-12-08 15:39:14,056 - cellpose.models - INFO - >>>> model diam_mean =  30.000 (ROIs rescaled to this size during training)
2025-12-08 15:39:14,056 - root - INFO - Running Cellpose (no optimization)
2025-12-08 15:39:14,471 - root - INFO - Cellpose eval finished. Masks max: 5
2025-12-08 15:39:14,577 - cellpose.denoise - INFO - >> denoise_cyto3 << model set to be used
2025-12-08 15:39:14,578 - cellpose.core - INFO - ** TORCH MPS version installed and working. **
2025-12-08 15:39:14,578 - cellpose.core - INFO - >>>> using GPU (MPS)
2025-12-08 15:39:14,704 - cellpose.denoise - INFO - >>>> model diam_mean =  30.000 (ROIs rescaled to this size during training)
2025-12-08 15:39:14,704 - cellpose.models - INFO - >> cyto3 << model set to be used
2025-12-08 15:39:14,705 - cellpose.core - INFO - ** TORCH MPS version installed and working. **
2025-12-08 15:39:14,705 - cellpose.core - INFO - >>>> using GPU (MPS)
2025-12-08 15:39:14,762 - cellpose.models - INFO - >>>> loading model /Users/nzlab-la/.cellpose/models/cyto3
2025-12-08 15:39:14,824 - cellpose.models - INFO - >>>> model diam_mean =  30.000 (ROIs rescaled to this size during training)
2025-12-08 15:39:14,824 - root - INFO - Running Cellpose (no optimization)
2025-12-08 15:39:15,140 - root - INFO - Cellpose eval finished. Masks max: 4
2025-12-08 15:39:15,250 - cellpose.denoise - INFO - >> denoise_cyto3 << model set to be used
2025-12-08 15:39:15,251 - cellpose.core - INFO - ** TORCH MPS version installed and working. **
2025-12-08 15:39:15,251 - cellpose.core - INFO - >>>> using GPU (MPS)
2025-12-08 15:39:15,376 - cellpose.denoise - INFO - >>>> model diam_mean =  30.000 (ROIs rescaled to this size during training)
2025-12-08 15:39:15,376 - cellpose.models - INFO - >> cyto3 << model set to be used
2025-12-08 15:39:15,377 - cellpose.core - INFO - ** TORCH MPS version installed and working. **
2025-12-08 15:39:15,377 - cellpose.core - INFO - >>>> using GPU (MPS)
2025-12-08 15:39:15,435 - cellpose.models - INFO - >>>> loading model /Users/nzlab-la/.cellpose/models/cyto3
2025-12-08 15:39:15,502 - cellpose.models - INFO - >>>> model diam_mean =  30.000 (ROIs rescaled to this size during training)
2025-12-08 15:39:15,503 - root - INFO - Running Cellpose (no optimization)
2025-12-08 15:39:15,815 - root - INFO - Cellpose eval finished. Masks max: 2
2025-12-08 15:39:26,521 - cellpose.denoise - INFO - >> denoise_cyto3 << model set to be used
2025-12-08 15:39:26,524 - cellpose.core - INFO - ** TORCH MPS version installed and working. **
2025-12-08 15:39:26,524 - cellpose.core - INFO - >>>> using GPU (MPS)
2025-12-08 15:39:26,662 - cellpose.denoise - INFO - >>>> model diam_mean =  30.000 (ROIs rescaled to this size during training)
2025-12-08 15:39:26,662 - cellpose.models - INFO - >> cyto3 << model set to be used
2025-12-08 15:39:26,663 - cellpose.core - INFO - ** TORCH MPS version installed and working. **
2025-12-08 15:39:26,663 - cellpose.core - INFO - >>>> using GPU (MPS)
2025-12-08 15:39:26,725 - cellpose.models - INFO - >>>> loading model /Users/nzlab-la/.cellpose/models/cyto3
2025-12-08 15:39:26,804 - cellpose.models - INFO - >>>> model diam_mean =  30.000 (ROIs rescaled to this size during training)
2025-12-08 15:39:26,804 - root - INFO - Running Cellpose (no optimization)
2025-12-08 15:39:29,077 - root - INFO - Cellpose eval finished. Masks max: 8
2025-12-08 15:39:29,199 - cellpose.denoise - INFO - >> denoise_cyto3 << model set to be used
2025-12-08 15:39:29,200 - cellpose.core - INFO - ** TORCH MPS version installed and working. **
2025-12-08 15:39:29,200 - cellpose.core - INFO - >>>> using GPU (MPS)
2025-12-08 15:39:29,329 - cellpose.denoise - INFO - >>>> model diam_mean =  30.000 (ROIs rescaled to this size during training)
2025-12-08 15:39:29,329 - cellpose.models - INFO - >> cyto3 << model set to be used
2025-12-08 15:39:29,330 - cellpose.core - INFO - ** TORCH MPS version installed and working. **
2025-12-08 15:39:29,330 - cellpose.core - INFO - >>>> using GPU (MPS)
2025-12-08 15:39:29,387 - cellpose.models - INFO - >>>> loading model /Users/nzlab-la/.cellpose/models/cyto3
2025-12-08 15:39:29,452 - cellpose.models - INFO - >>>> model diam_mean =  30.000 (ROIs rescaled to this size during training)
2025-12-08 15:39:29,453 - root - INFO - Running Cellpose (no optimization)
2025-12-08 15:39:31,552 - root - INFO - Cellpose eval finished. Masks max: 9
2025-12-08 15:39:31,673 - cellpose.denoise - INFO - >> denoise_cyto3 << model set to be used
2025-12-08 15:39:31,674 - cellpose.core - INFO - ** TORCH MPS version installed and working. **
2025-12-08 15:39:31,674 - cellpose.core - INFO - >>>> using GPU (MPS)
2025-12-08 15:39:31,800 - cellpose.denoise - INFO - >>>> model diam_mean =  30.000 (ROIs rescaled to this size during training)
2025-12-08 15:39:31,800 - cellpose.models - INFO - >> cyto3 << model set to be used
2025-12-08 15:39:31,801 - cellpose.core - INFO - ** TORCH MPS version installed and working. **
2025-12-08 15:39:31,801 - cellpose.core - INFO - >>>> using GPU (MPS)
2025-12-08 15:39:31,858 - cellpose.models - INFO - >>>> loading model /Users/nzlab-la/.cellpose/models/cyto3
2025-12-08 15:39:31,921 - cellpose.models - INFO - >>>> model diam_mean =  30.000 (ROIs rescaled to this size during training)
2025-12-08 15:39:31,921 - root - INFO - Running Cellpose (no optimization)
2025-12-08 15:39:33,929 - root - INFO - Cellpose eval finished. Masks max: 8
2025-12-08 15:39:34,052 - cellpose.denoise - INFO - >> denoise_cyto3 << model set to be used
2025-12-08 15:39:34,053 - cellpose.core - INFO - ** TORCH MPS version installed and working. **
2025-12-08 15:39:34,053 - cellpose.core - INFO - >>>> using GPU (MPS)
2025-12-08 15:39:34,180 - cellpose.denoise - INFO - >>>> model diam_mean =  30.000 (ROIs rescaled to this size during training)
2025-12-08 15:39:34,180 - cellpose.models - INFO - >> cyto3 << model set to be used
2025-12-08 15:39:34,181 - cellpose.core - INFO - ** TORCH MPS version installed and working. **
2025-12-08 15:39:34,181 - cellpose.core - INFO - >>>> using GPU (MPS)
2025-12-08 15:39:34,237 - cellpose.models - INFO - >>>> loading model /Users/nzlab-la/.cellpose/models/cyto3
2025-12-08 15:39:34,299 - cellpose.models - INFO - >>>> model diam_mean =  30.000 (ROIs rescaled to this size during training)
2025-12-08 15:39:34,299 - root - INFO - Running Cellpose (no optimization)
2025-12-08 15:39:36,414 - root - INFO - Cellpose eval finished. Masks max: 8
2025-12-08 15:39:36,539 - cellpose.denoise - INFO - >> denoise_cyto3 << model set to be used
2025-12-08 15:39:36,540 - cellpose.core - INFO - ** TORCH MPS version installed and working. **
2025-12-08 15:39:36,540 - cellpose.core - INFO - >>>> using GPU (MPS)
2025-12-08 15:39:36,670 - cellpose.denoise - INFO - >>>> model diam_mean =  30.000 (ROIs rescaled to this size during training)
2025-12-08 15:39:36,670 - cellpose.models - INFO - >> cyto3 << model set to be used
2025-12-08 15:39:36,671 - cellpose.core - INFO - ** TORCH MPS version installed and working. **
2025-12-08 15:39:36,671 - cellpose.core - INFO - >>>> using GPU (MPS)
2025-12-08 15:39:36,731 - cellpose.models - INFO - >>>> loading model /Users/nzlab-la/.cellpose/models/cyto3
2025-12-08 15:39:36,796 - cellpose.models - INFO - >>>> model diam_mean =  30.000 (ROIs rescaled to this size during training)
2025-12-08 15:39:36,796 - root - INFO - Running Cellpose (no optimization)
2025-12-08 15:39:38,043 - root - INFO - Cellpose eval finished. Masks max: 7
2025-12-08 15:39:38,164 - cellpose.denoise - INFO - >> denoise_cyto3 << model set to be used
2025-12-08 15:39:38,165 - cellpose.core - INFO - ** TORCH MPS version installed and working. **
2025-12-08 15:39:38,165 - cellpose.core - INFO - >>>> using GPU (MPS)
2025-12-08 15:39:38,289 - cellpose.denoise - INFO - >>>> model diam_mean =  30.000 (ROIs rescaled to this size during training)
2025-12-08 15:39:38,289 - cellpose.models - INFO - >> cyto3 << model set to be used
2025-12-08 15:39:38,290 - cellpose.core - INFO - ** TORCH MPS version installed and working. **
2025-12-08 15:39:38,290 - cellpose.core - INFO - >>>> using GPU (MPS)
2025-12-08 15:39:38,347 - cellpose.models - INFO - >>>> loading model /Users/nzlab-la/.cellpose/models/cyto3
2025-12-08 15:39:38,409 - cellpose.models - INFO - >>>> model diam_mean =  30.000 (ROIs rescaled to this size during training)
2025-12-08 15:39:38,409 - root - INFO - Running Cellpose (no optimization)
2025-12-08 15:39:39,170 - root - INFO - Cellpose eval finished. Masks max: 5
2025-12-08 15:39:39,301 - cellpose.denoise - INFO - >> denoise_cyto3 << model set to be used
2025-12-08 15:39:39,302 - cellpose.core - INFO - ** TORCH MPS version installed and working. **
2025-12-08 15:39:39,302 - cellpose.core - INFO - >>>> using GPU (MPS)
2025-12-08 15:39:39,433 - cellpose.denoise - INFO - >>>> model diam_mean =  30.000 (ROIs rescaled to this size during training)
2025-12-08 15:39:39,433 - cellpose.models - INFO - >> cyto3 << model set to be used
2025-12-08 15:39:39,434 - cellpose.core - INFO - ** TORCH MPS version installed and working. **
2025-12-08 15:39:39,435 - cellpose.core - INFO - >>>> using GPU (MPS)
2025-12-08 15:39:39,492 - cellpose.models - INFO - >>>> loading model /Users/nzlab-la/.cellpose/models/cyto3
2025-12-08 15:39:39,554 - cellpose.models - INFO - >>>> model diam_mean =  30.000 (ROIs rescaled to this size during training)
2025-12-08 15:39:39,555 - root - INFO - Running Cellpose (no optimization)
2025-12-08 15:39:40,032 - root - INFO - Cellpose eval finished. Masks max: 4
2025-12-08 15:39:40,167 - cellpose.denoise - INFO - >> denoise_cyto3 << model set to be used
2025-12-08 15:39:40,167 - cellpose.core - INFO - ** TORCH MPS version installed and working. **
2025-12-08 15:39:40,168 - cellpose.core - INFO - >>>> using GPU (MPS)
2025-12-08 15:39:40,295 - cellpose.denoise - INFO - >>>> model diam_mean =  30.000 (ROIs rescaled to this size during training)
2025-12-08 15:39:40,295 - cellpose.models - INFO - >> cyto3 << model set to be used
2025-12-08 15:39:40,296 - cellpose.core - INFO - ** TORCH MPS version installed and working. **
2025-12-08 15:39:40,297 - cellpose.core - INFO - >>>> using GPU (MPS)
2025-12-08 15:39:40,356 - cellpose.models - INFO - >>>> loading model /Users/nzlab-la/.cellpose/models/cyto3
2025-12-08 15:39:40,420 - cellpose.models - INFO - >>>> model diam_mean =  30.000 (ROIs rescaled to this size during training)
2025-12-08 15:39:40,421 - root - INFO - Running Cellpose (no optimization)
2025-12-08 15:39:40,761 - root - INFO - Cellpose eval finished. Masks max: 3
2025-12-08 15:39:40,895 - cellpose.denoise - INFO - >> denoise_cyto3 << model set to be used
2025-12-08 15:39:40,896 - cellpose.core - INFO - ** TORCH MPS version installed and working. **
2025-12-08 15:39:40,896 - cellpose.core - INFO - >>>> using GPU (MPS)
2025-12-08 15:39:41,025 - cellpose.denoise - INFO - >>>> model diam_mean =  30.000 (ROIs rescaled to this size during training)
2025-12-08 15:39:41,025 - cellpose.models - INFO - >> cyto3 << model set to be used
2025-12-08 15:39:41,026 - cellpose.core - INFO - ** TORCH MPS version installed and working. **
2025-12-08 15:39:41,026 - cellpose.core - INFO - >>>> using GPU (MPS)
2025-12-08 15:39:41,082 - cellpose.models - INFO - >>>> loading model /Users/nzlab-la/.cellpose/models/cyto3
2025-12-08 15:39:41,144 - cellpose.models - INFO - >>>> model diam_mean =  30.000 (ROIs rescaled to this size during training)
2025-12-08 15:39:41,144 - root - INFO - Running Cellpose (no optimization)
2025-12-08 15:39:41,410 - root - INFO - Cellpose eval finished. Masks max: 2
2025-12-08 15:49:53,594 - tifffile - WARNING - <tifffile.TiffFile 'eIF4G cleavage …9.03.03 pos9.tif'> OME series expected 4 frames, got 580
2025-12-08 15:49:53,614 - tifffile - WARNING - <tifffile.TiffFile 'eIF4G cleavage …9.03.03 pos9.tif'> OME series expected 4 frames, got 580
2025-12-08 15:50:31,206 - cellpose.denoise - INFO - >> denoise_cyto3 << model set to be used
2025-12-08 15:50:31,211 - cellpose.core - INFO - ** TORCH MPS version installed and working. **
2025-12-08 15:50:31,211 - cellpose.core - INFO - >>>> using GPU (MPS)
2025-12-08 15:50:31,362 - cellpose.denoise - INFO - >>>> model diam_mean =  30.000 (ROIs rescaled to this size during training)
2025-12-08 15:50:31,362 - cellpose.models - INFO - >> cyto3 << model set to be used
2025-12-08 15:50:31,363 - cellpose.core - INFO - ** TORCH MPS version installed and working. **
2025-12-08 15:50:31,363 - cellpose.core - INFO - >>>> using GPU (MPS)
2025-12-08 15:50:31,538 - cellpose.models - INFO - >>>> loading model /Users/nzlab-la/.cellpose/models/cyto3
2025-12-08 15:50:31,690 - cellpose.models - INFO - >>>> model diam_mean =  30.000 (ROIs rescaled to this size during training)
2025-12-08 15:50:31,691 - root - INFO - Running Cellpose (no optimization)
2025-12-08 15:50:36,310 - root - INFO - Cellpose eval finished. Masks max: 17
2025-12-08 15:50:43,317 - cellpose.denoise - INFO - >> denoise_cyto3 << model set to be used
2025-12-08 15:50:43,323 - cellpose.core - INFO - ** TORCH MPS version installed and working. **
2025-12-08 15:50:43,323 - cellpose.core - INFO - >>>> using GPU (MPS)
2025-12-08 15:50:43,454 - cellpose.denoise - INFO - >>>> model diam_mean =  30.000 (ROIs rescaled to this size during training)
2025-12-08 15:50:43,454 - cellpose.models - INFO - >> cyto3 << model set to be used
2025-12-08 15:50:43,455 - cellpose.core - INFO - ** TORCH MPS version installed and working. **
2025-12-08 15:50:43,455 - cellpose.core - INFO - >>>> using GPU (MPS)
2025-12-08 15:50:43,514 - cellpose.models - INFO - >>>> loading model /Users/nzlab-la/.cellpose/models/cyto3
2025-12-08 15:50:43,594 - cellpose.models - INFO - >>>> model diam_mean =  30.000 (ROIs rescaled to this size during training)
2025-12-08 15:50:43,595 - root - INFO - Running Cellpose (no optimization)
2025-12-08 15:50:45,996 - root - INFO - Cellpose eval finished. Masks max: 20
2025-12-08 15:50:52,722 - cellpose.denoise - INFO - >> denoise_cyto3 << model set to be used
2025-12-08 15:50:52,725 - cellpose.core - INFO - ** TORCH MPS version installed and working. **
2025-12-08 15:50:52,725 - cellpose.core - INFO - >>>> using GPU (MPS)
2025-12-08 15:50:52,859 - cellpose.denoise - INFO - >>>> model diam_mean =  30.000 (ROIs rescaled to this size during training)
2025-12-08 15:50:52,859 - cellpose.models - INFO - >> cyto3 << model set to be used
2025-12-08 15:50:52,860 - cellpose.core - INFO - ** TORCH MPS version installed and working. **
2025-12-08 15:50:52,860 - cellpose.core - INFO - >>>> using GPU (MPS)
2025-12-08 15:50:52,920 - cellpose.models - INFO - >>>> loading model /Users/nzlab-la/.cellpose/models/cyto3
2025-12-08 15:50:53,000 - cellpose.models - INFO - >>>> model diam_mean =  30.000 (ROIs rescaled to this size during training)
2025-12-08 15:50:53,000 - root - INFO - Running Cellpose (no optimization)
2025-12-08 15:50:56,913 - root - INFO - Cellpose eval finished. Masks max: 18
2025-12-08 15:51:16,056 - cellpose.denoise - INFO - >> denoise_cyto3 << model set to be used
2025-12-08 15:51:16,058 - cellpose.core - INFO - ** TORCH MPS version installed and working. **
2025-12-08 15:51:16,058 - cellpose.core - INFO - >>>> using GPU (MPS)
2025-12-08 15:51:16,189 - cellpose.denoise - INFO - >>>> model diam_mean =  30.000 (ROIs rescaled to this size during training)
2025-12-08 15:51:16,189 - cellpose.models - INFO - >> cyto3 << model set to be used
2025-12-08 15:51:16,190 - cellpose.core - INFO - ** TORCH MPS version installed and working. **
2025-12-08 15:51:16,190 - cellpose.core - INFO - >>>> using GPU (MPS)
2025-12-08 15:51:16,248 - cellpose.models - INFO - >>>> loading model /Users/nzlab-la/.cellpose/models/cyto3
2025-12-08 15:51:16,328 - cellpose.models - INFO - >>>> model diam_mean =  30.000 (ROIs rescaled to this size during training)
2025-12-08 15:51:16,328 - root - INFO - Running Cellpose (no optimization)
2025-12-08 15:51:20,213 - root - INFO - Cellpose eval finished. Masks max: 18
2025-12-08 15:51:24,093 - cellpose.denoise - INFO - >> denoise_cyto3 << model set to be used
2025-12-08 15:51:24,096 - cellpose.core - INFO - ** TORCH MPS version installed and working. **
2025-12-08 15:51:24,096 - cellpose.core - INFO - >>>> using GPU (MPS)
2025-12-08 15:51:24,229 - cellpose.denoise - INFO - >>>> model diam_mean =  30.000 (ROIs rescaled to this size during training)
2025-12-08 15:51:24,229 - cellpose.models - INFO - >> cyto3 << model set to be used
2025-12-08 15:51:24,230 - cellpose.core - INFO - ** TORCH MPS version installed and working. **
2025-12-08 15:51:24,230 - cellpose.core - INFO - >>>> using GPU (MPS)
2025-12-08 15:51:24,285 - cellpose.models - INFO - >>>> loading model /Users/nzlab-la/.cellpose/models/cyto3
2025-12-08 15:51:24,362 - cellpose.models - INFO - >>>> model diam_mean =  30.000 (ROIs rescaled to this size during training)
2025-12-08 15:51:24,362 - root - INFO - Running Cellpose (no optimization)
2025-12-08 15:51:25,062 - root - INFO - Cellpose eval finished. Masks max: 18
2025-12-08 15:53:12,324 - cellpose.denoise - INFO - >> denoise_cyto3 << model set to be used
2025-12-08 15:53:12,327 - cellpose.core - INFO - ** TORCH MPS version installed and working. **
2025-12-08 15:53:12,327 - cellpose.core - INFO - >>>> using GPU (MPS)
2025-12-08 15:53:12,471 - cellpose.denoise - INFO - >>>> model diam_mean =  30.000 (ROIs rescaled to this size during training)
2025-12-08 15:53:12,471 - cellpose.models - INFO - >> cyto3 << model set to be used
2025-12-08 15:53:12,473 - cellpose.core - INFO - ** TORCH MPS version installed and working. **
2025-12-08 15:53:12,473 - cellpose.core - INFO - >>>> using GPU (MPS)
2025-12-08 15:53:12,649 - cellpose.models - INFO - >>>> loading model /Users/nzlab-la/.cellpose/models/cyto3
2025-12-08 15:53:12,744 - cellpose.models - INFO - >>>> model diam_mean =  30.000 (ROIs rescaled to this size during training)
2025-12-08 15:53:12,744 - root - INFO - Running Cellpose (no optimization)
2025-12-08 15:53:13,409 - root - INFO - Cellpose eval finished. Masks max: 18
2025-12-08 15:53:30,790 - cellpose.denoise - INFO - >> denoise_cyto3 << model set to be used
2025-12-08 15:53:30,793 - cellpose.core - INFO - ** TORCH MPS version installed and working. **
2025-12-08 15:53:30,793 - cellpose.core - INFO - >>>> using GPU (MPS)
2025-12-08 15:53:30,924 - cellpose.denoise - INFO - >>>> model diam_mean =  30.000 (ROIs rescaled to this size during training)
2025-12-08 15:53:30,925 - cellpose.models - INFO - >> cyto3 << model set to be used
2025-12-08 15:53:30,926 - cellpose.core - INFO - ** TORCH MPS version installed and working. **
2025-12-08 15:53:30,926 - cellpose.core - INFO - >>>> using GPU (MPS)
2025-12-08 15:53:30,983 - cellpose.models - INFO - >>>> loading model /Users/nzlab-la/.cellpose/models/cyto3
2025-12-08 15:53:31,063 - cellpose.models - INFO - >>>> model diam_mean =  30.000 (ROIs rescaled to this size during training)
2025-12-08 15:53:31,063 - root - INFO - Running Cellpose (no optimization)
2025-12-08 15:53:31,728 - root - INFO - Cellpose eval finished. Masks max: 18
2025-12-08 15:53:40,324 - cellpose.denoise - INFO - >> denoise_cyto3 << model set to be used
2025-12-08 15:53:40,326 - cellpose.core - INFO - ** TORCH MPS version installed and working. **
2025-12-08 15:53:40,326 - cellpose.core - INFO - >>>> using GPU (MPS)
2025-12-08 15:53:40,456 - cellpose.denoise - INFO - >>>> model diam_mean =  30.000 (ROIs rescaled to this size during training)
2025-12-08 15:53:40,456 - cellpose.models - INFO - >> cyto3 << model set to be used
2025-12-08 15:53:40,458 - cellpose.core - INFO - ** TORCH MPS version installed and working. **
2025-12-08 15:53:40,458 - cellpose.core - INFO - >>>> using GPU (MPS)
2025-12-08 15:53:40,518 - cellpose.models - INFO - >>>> loading model /Users/nzlab-la/.cellpose/models/cyto3
2025-12-08 15:53:40,598 - cellpose.models - INFO - >>>> model diam_mean =  30.000 (ROIs rescaled to this size during training)
2025-12-08 15:53:40,598 - root - INFO - Running Cellpose (no optimization)
2025-12-08 15:53:41,310 - root - INFO - Cellpose eval finished. Masks max: 16
2025-12-08 16:01:10,797 - root - WARNING - Qt Warning: Could not parse application stylesheet
2025-12-08 16:01:21,516 - cellpose.core - INFO - ** TORCH MPS version installed and working. **
2025-12-08 16:01:21,516 - cellpose.core - INFO - >>>> using GPU (MPS)
2025-12-08 16:01:21,516 - cellpose.models - INFO - >> nuclei << model set to be used
2025-12-08 16:01:21,583 - cellpose.models - INFO - >>>> loading model /Users/nzlab-la/.cellpose/models/nucleitorch_0
2025-12-08 16:01:21,654 - cellpose.models - INFO - >>>> model diam_mean =  17.000 (ROIs rescaled to this size during training)
2025-12-08 16:01:21,654 - root - INFO - Running Cellpose (no optimization)
2025-12-08 16:01:21,654 - cellpose.models - INFO - channels set to [0, 0]
2025-12-08 16:01:21,654 - cellpose.models - INFO - ~~~ FINDING MASKS ~~~
2025-12-08 16:01:22,827 - cellpose.models - INFO - >>>> TOTAL TIME 1.17 sec
2025-12-08 16:01:22,827 - root - INFO - Cellpose eval finished. Masks max: 8
2025-12-08 16:01:22,936 - cellpose.core - INFO - ** TORCH MPS version installed and working. **
2025-12-08 16:01:22,937 - cellpose.core - INFO - >>>> using GPU (MPS)
2025-12-08 16:01:22,937 - cellpose.models - INFO - >> nuclei << model set to be used
2025-12-08 16:01:23,005 - cellpose.models - INFO - >>>> loading model /Users/nzlab-la/.cellpose/models/nucleitorch_0
2025-12-08 16:01:23,068 - cellpose.models - INFO - >>>> model diam_mean =  17.000 (ROIs rescaled to this size during training)
2025-12-08 16:01:23,068 - root - INFO - Running Cellpose (no optimization)
2025-12-08 16:01:23,068 - cellpose.models - INFO - channels set to [0, 0]
2025-12-08 16:01:23,068 - cellpose.models - INFO - ~~~ FINDING MASKS ~~~
2025-12-08 16:01:23,549 - cellpose.models - INFO - >>>> TOTAL TIME 0.48 sec
2025-12-08 16:01:23,549 - root - INFO - Cellpose eval finished. Masks max: 8
2025-12-08 16:01:23,657 - cellpose.core - INFO - ** TORCH MPS version installed and working. **
2025-12-08 16:01:23,657 - cellpose.core - INFO - >>>> using GPU (MPS)
2025-12-08 16:01:23,657 - cellpose.models - INFO - >> nuclei << model set to be used
2025-12-08 16:01:23,723 - cellpose.models - INFO - >>>> loading model /Users/nzlab-la/.cellpose/models/nucleitorch_0
2025-12-08 16:01:23,890 - cellpose.models - INFO - >>>> model diam_mean =  17.000 (ROIs rescaled to this size during training)
2025-12-08 16:01:23,891 - root - INFO - Running Cellpose (no optimization)
2025-12-08 16:01:23,891 - cellpose.models - INFO - channels set to [0, 0]
2025-12-08 16:01:23,891 - cellpose.models - INFO - ~~~ FINDING MASKS ~~~
2025-12-08 16:01:24,402 - cellpose.models - INFO - >>>> TOTAL TIME 0.51 sec
2025-12-08 16:01:24,403 - root - INFO - Cellpose eval finished. Masks max: 8
2025-12-08 16:01:24,514 - cellpose.core - INFO - ** TORCH MPS version installed and working. **
2025-12-08 16:01:24,514 - cellpose.core - INFO - >>>> using GPU (MPS)
2025-12-08 16:01:24,514 - cellpose.models - INFO - >> nuclei << model set to be used
2025-12-08 16:01:24,582 - cellpose.models - INFO - >>>> loading model /Users/nzlab-la/.cellpose/models/nucleitorch_0
2025-12-08 16:01:24,644 - cellpose.models - INFO - >>>> model diam_mean =  17.000 (ROIs rescaled to this size during training)
2025-12-08 16:01:24,645 - root - INFO - Running Cellpose (no optimization)
2025-12-08 16:01:24,645 - cellpose.models - INFO - channels set to [0, 0]
2025-12-08 16:01:24,645 - cellpose.models - INFO - ~~~ FINDING MASKS ~~~
2025-12-08 16:01:25,174 - cellpose.models - INFO - >>>> TOTAL TIME 0.53 sec
2025-12-08 16:01:25,175 - root - INFO - Cellpose eval finished. Masks max: 8
2025-12-08 16:01:25,291 - cellpose.core - INFO - ** TORCH MPS version installed and working. **
2025-12-08 16:01:25,291 - cellpose.core - INFO - >>>> using GPU (MPS)
2025-12-08 16:01:25,291 - cellpose.models - INFO - >> nuclei << model set to be used
2025-12-08 16:01:25,360 - cellpose.models - INFO - >>>> loading model /Users/nzlab-la/.cellpose/models/nucleitorch_0
2025-12-08 16:01:25,422 - cellpose.models - INFO - >>>> model diam_mean =  17.000 (ROIs rescaled to this size during training)
2025-12-08 16:01:25,423 - root - INFO - Running Cellpose (no optimization)
2025-12-08 16:01:25,423 - cellpose.models - INFO - channels set to [0, 0]
2025-12-08 16:01:25,423 - cellpose.models - INFO - ~~~ FINDING MASKS ~~~
2025-12-08 16:01:25,900 - cellpose.models - INFO - >>>> TOTAL TIME 0.48 sec
2025-12-08 16:01:25,900 - root - INFO - Cellpose eval finished. Masks max: 8
2025-12-08 16:01:26,012 - cellpose.core - INFO - ** TORCH MPS version installed and working. **
2025-12-08 16:01:26,012 - cellpose.core - INFO - >>>> using GPU (MPS)
2025-12-08 16:01:26,013 - cellpose.models - INFO - >> nuclei << model set to be used
2025-12-08 16:01:26,079 - cellpose.models - INFO - >>>> loading model /Users/nzlab-la/.cellpose/models/nucleitorch_0
2025-12-08 16:01:26,141 - cellpose.models - INFO - >>>> model diam_mean =  17.000 (ROIs rescaled to this size during training)
2025-12-08 16:01:26,141 - root - INFO - Running Cellpose (no optimization)
2025-12-08 16:01:26,141 - cellpose.models - INFO - channels set to [0, 0]
2025-12-08 16:01:26,142 - cellpose.models - INFO - ~~~ FINDING MASKS ~~~
2025-12-08 16:01:26,545 - cellpose.models - INFO - >>>> TOTAL TIME 0.40 sec
2025-12-08 16:01:26,545 - root - INFO - Cellpose eval finished. Masks max: 7
2025-12-08 16:01:26,655 - cellpose.core - INFO - ** TORCH MPS version installed and working. **
2025-12-08 16:01:26,655 - cellpose.core - INFO - >>>> using GPU (MPS)
2025-12-08 16:01:26,655 - cellpose.models - INFO - >> nuclei << model set to be used
2025-12-08 16:01:26,721 - cellpose.models - INFO - >>>> loading model /Users/nzlab-la/.cellpose/models/nucleitorch_0
2025-12-08 16:01:26,781 - cellpose.models - INFO - >>>> model diam_mean =  17.000 (ROIs rescaled to this size during training)
2025-12-08 16:01:26,781 - root - INFO - Running Cellpose (no optimization)
2025-12-08 16:01:26,782 - cellpose.models - INFO - channels set to [0, 0]
2025-12-08 16:01:26,782 - cellpose.models - INFO - ~~~ FINDING MASKS ~~~
2025-12-08 16:01:27,104 - cellpose.models - INFO - >>>> TOTAL TIME 0.32 sec
2025-12-08 16:01:27,105 - root - INFO - Cellpose eval finished. Masks max: 5
2025-12-08 16:01:27,216 - cellpose.core - INFO - ** TORCH MPS version installed and working. **
2025-12-08 16:01:27,216 - cellpose.core - INFO - >>>> using GPU (MPS)
2025-12-08 16:01:27,216 - cellpose.models - INFO - >> nuclei << model set to be used
2025-12-08 16:01:27,282 - cellpose.models - INFO - >>>> loading model /Users/nzlab-la/.cellpose/models/nucleitorch_0
2025-12-08 16:01:27,343 - cellpose.models - INFO - >>>> model diam_mean =  17.000 (ROIs rescaled to this size during training)
2025-12-08 16:01:27,344 - root - INFO - Running Cellpose (no optimization)
2025-12-08 16:01:27,344 - cellpose.models - INFO - channels set to [0, 0]
2025-12-08 16:01:27,344 - cellpose.models - INFO - ~~~ FINDING MASKS ~~~
2025-12-08 16:01:27,581 - cellpose.models - INFO - >>>> TOTAL TIME 0.24 sec
2025-12-08 16:01:27,582 - root - INFO - Cellpose eval finished. Masks max: 3
2025-12-08 16:01:27,694 - cellpose.core - INFO - ** TORCH MPS version installed and working. **
2025-12-08 16:01:27,694 - cellpose.core - INFO - >>>> using GPU (MPS)
2025-12-08 16:01:27,694 - cellpose.models - INFO - >> nuclei << model set to be used
2025-12-08 16:01:27,757 - cellpose.models - INFO - >>>> loading model /Users/nzlab-la/.cellpose/models/nucleitorch_0
2025-12-08 16:01:27,818 - cellpose.models - INFO - >>>> model diam_mean =  17.000 (ROIs rescaled to this size during training)
2025-12-08 16:01:27,818 - root - INFO - Running Cellpose (no optimization)
2025-12-08 16:01:27,818 - cellpose.models - INFO - channels set to [0, 0]
2025-12-08 16:01:27,818 - cellpose.models - INFO - ~~~ FINDING MASKS ~~~
2025-12-08 16:01:27,860 - cellpose.dynamics - INFO - No cell pixels found.
2025-12-08 16:01:27,881 - cellpose.models - INFO - >>>> TOTAL TIME 0.06 sec
2025-12-08 16:01:27,881 - root - INFO - Cellpose eval finished. Masks max: 0
2025-12-08 16:01:36,721 - cellpose.denoise - INFO - >> denoise_cyto3 << model set to be used
2025-12-08 16:01:36,723 - cellpose.core - INFO - ** TORCH MPS version installed and working. **
2025-12-08 16:01:36,723 - cellpose.core - INFO - >>>> using GPU (MPS)
2025-12-08 16:01:36,867 - cellpose.denoise - INFO - >>>> model diam_mean =  30.000 (ROIs rescaled to this size during training)
2025-12-08 16:01:36,867 - cellpose.models - INFO - >> cyto3 << model set to be used
2025-12-08 16:01:36,869 - cellpose.core - INFO - ** TORCH MPS version installed and working. **
2025-12-08 16:01:36,869 - cellpose.core - INFO - >>>> using GPU (MPS)
2025-12-08 16:01:36,924 - cellpose.models - INFO - >>>> loading model /Users/nzlab-la/.cellpose/models/cyto3
2025-12-08 16:01:36,994 - cellpose.models - INFO - >>>> model diam_mean =  30.000 (ROIs rescaled to this size during training)
2025-12-08 16:01:36,994 - root - INFO - Running Cellpose (no optimization)
2025-12-08 16:01:39,228 - root - INFO - Cellpose eval finished. Masks max: 8
2025-12-08 16:01:39,337 - cellpose.denoise - INFO - >> denoise_cyto3 << model set to be used
2025-12-08 16:01:39,338 - cellpose.core - INFO - ** TORCH MPS version installed and working. **
2025-12-08 16:01:39,338 - cellpose.core - INFO - >>>> using GPU (MPS)
2025-12-08 16:01:39,468 - cellpose.denoise - INFO - >>>> model diam_mean =  30.000 (ROIs rescaled to this size during training)
2025-12-08 16:01:39,468 - cellpose.models - INFO - >> cyto3 << model set to be used
2025-12-08 16:01:39,470 - cellpose.core - INFO - ** TORCH MPS version installed and working. **
2025-12-08 16:01:39,470 - cellpose.core - INFO - >>>> using GPU (MPS)
2025-12-08 16:01:39,528 - cellpose.models - INFO - >>>> loading model /Users/nzlab-la/.cellpose/models/cyto3
2025-12-08 16:01:39,595 - cellpose.models - INFO - >>>> model diam_mean =  30.000 (ROIs rescaled to this size during training)
2025-12-08 16:01:39,595 - root - INFO - Running Cellpose (no optimization)
2025-12-08 16:01:41,650 - root - INFO - Cellpose eval finished. Masks max: 9
2025-12-08 16:01:41,768 - cellpose.denoise - INFO - >> denoise_cyto3 << model set to be used
2025-12-08 16:01:41,769 - cellpose.core - INFO - ** TORCH MPS version installed and working. **
2025-12-08 16:01:41,769 - cellpose.core - INFO - >>>> using GPU (MPS)
2025-12-08 16:01:41,897 - cellpose.denoise - INFO - >>>> model diam_mean =  30.000 (ROIs rescaled to this size during training)
2025-12-08 16:01:41,897 - cellpose.models - INFO - >> cyto3 << model set to be used
2025-12-08 16:01:41,898 - cellpose.core - INFO - ** TORCH MPS version installed and working. **
2025-12-08 16:01:41,898 - cellpose.core - INFO - >>>> using GPU (MPS)
2025-12-08 16:01:41,956 - cellpose.models - INFO - >>>> loading model /Users/nzlab-la/.cellpose/models/cyto3
2025-12-08 16:01:42,019 - cellpose.models - INFO - >>>> model diam_mean =  30.000 (ROIs rescaled to this size during training)
2025-12-08 16:01:42,019 - root - INFO - Running Cellpose (no optimization)
2025-12-08 16:01:44,024 - root - INFO - Cellpose eval finished. Masks max: 8
2025-12-08 16:01:44,141 - cellpose.denoise - INFO - >> denoise_cyto3 << model set to be used
2025-12-08 16:01:44,142 - cellpose.core - INFO - ** TORCH MPS version installed and working. **
2025-12-08 16:01:44,142 - cellpose.core - INFO - >>>> using GPU (MPS)
2025-12-08 16:01:44,275 - cellpose.denoise - INFO - >>>> model diam_mean =  30.000 (ROIs rescaled to this size during training)
2025-12-08 16:01:44,275 - cellpose.models - INFO - >> cyto3 << model set to be used
2025-12-08 16:01:44,276 - cellpose.core - INFO - ** TORCH MPS version installed and working. **
2025-12-08 16:01:44,276 - cellpose.core - INFO - >>>> using GPU (MPS)
2025-12-08 16:01:44,336 - cellpose.models - INFO - >>>> loading model /Users/nzlab-la/.cellpose/models/cyto3
2025-12-08 16:01:44,399 - cellpose.models - INFO - >>>> model diam_mean =  30.000 (ROIs rescaled to this size during training)
2025-12-08 16:01:44,399 - root - INFO - Running Cellpose (no optimization)
2025-12-08 16:01:46,501 - root - INFO - Cellpose eval finished. Masks max: 8
2025-12-08 16:01:46,617 - cellpose.denoise - INFO - >> denoise_cyto3 << model set to be used
2025-12-08 16:01:46,618 - cellpose.core - INFO - ** TORCH MPS version installed and working. **
2025-12-08 16:01:46,618 - cellpose.core - INFO - >>>> using GPU (MPS)
2025-12-08 16:01:46,748 - cellpose.denoise - INFO - >>>> model diam_mean =  30.000 (ROIs rescaled to this size during training)
2025-12-08 16:01:46,748 - cellpose.models - INFO - >> cyto3 << model set to be used
2025-12-08 16:01:46,749 - cellpose.core - INFO - ** TORCH MPS version installed and working. **
2025-12-08 16:01:46,749 - cellpose.core - INFO - >>>> using GPU (MPS)
2025-12-08 16:01:46,808 - cellpose.models - INFO - >>>> loading model /Users/nzlab-la/.cellpose/models/cyto3
2025-12-08 16:01:46,871 - cellpose.models - INFO - >>>> model diam_mean =  30.000 (ROIs rescaled to this size during training)
2025-12-08 16:01:46,872 - root - INFO - Running Cellpose (no optimization)
2025-12-08 16:01:48,165 - root - INFO - Cellpose eval finished. Masks max: 7
2025-12-08 16:01:48,282 - cellpose.denoise - INFO - >> denoise_cyto3 << model set to be used
2025-12-08 16:01:48,283 - cellpose.core - INFO - ** TORCH MPS version installed and working. **
2025-12-08 16:01:48,283 - cellpose.core - INFO - >>>> using GPU (MPS)
2025-12-08 16:01:48,407 - cellpose.denoise - INFO - >>>> model diam_mean =  30.000 (ROIs rescaled to this size during training)
2025-12-08 16:01:48,407 - cellpose.models - INFO - >> cyto3 << model set to be used
2025-12-08 16:01:48,408 - cellpose.core - INFO - ** TORCH MPS version installed and working. **
2025-12-08 16:01:48,408 - cellpose.core - INFO - >>>> using GPU (MPS)
2025-12-08 16:01:48,464 - cellpose.models - INFO - >>>> loading model /Users/nzlab-la/.cellpose/models/cyto3
2025-12-08 16:01:48,527 - cellpose.models - INFO - >>>> model diam_mean =  30.000 (ROIs rescaled to this size during training)
2025-12-08 16:01:48,527 - root - INFO - Running Cellpose (no optimization)
2025-12-08 16:01:49,272 - root - INFO - Cellpose eval finished. Masks max: 5
2025-12-08 16:01:49,384 - cellpose.denoise - INFO - >> denoise_cyto3 << model set to be used
2025-12-08 16:01:49,385 - cellpose.core - INFO - ** TORCH MPS version installed and working. **
2025-12-08 16:01:49,385 - cellpose.core - INFO - >>>> using GPU (MPS)
2025-12-08 16:01:49,515 - cellpose.denoise - INFO - >>>> model diam_mean =  30.000 (ROIs rescaled to this size during training)
2025-12-08 16:01:49,515 - cellpose.models - INFO - >> cyto3 << model set to be used
2025-12-08 16:01:49,516 - cellpose.core - INFO - ** TORCH MPS version installed and working. **
2025-12-08 16:01:49,516 - cellpose.core - INFO - >>>> using GPU (MPS)
2025-12-08 16:01:49,577 - cellpose.models - INFO - >>>> loading model /Users/nzlab-la/.cellpose/models/cyto3
2025-12-08 16:01:49,641 - cellpose.models - INFO - >>>> model diam_mean =  30.000 (ROIs rescaled to this size during training)
2025-12-08 16:01:49,641 - root - INFO - Running Cellpose (no optimization)
2025-12-08 16:01:50,125 - root - INFO - Cellpose eval finished. Masks max: 4
2025-12-08 16:01:50,239 - cellpose.denoise - INFO - >> denoise_cyto3 << model set to be used
2025-12-08 16:01:50,240 - cellpose.core - INFO - ** TORCH MPS version installed and working. **
2025-12-08 16:01:50,240 - cellpose.core - INFO - >>>> using GPU (MPS)
2025-12-08 16:01:50,364 - cellpose.denoise - INFO - >>>> model diam_mean =  30.000 (ROIs rescaled to this size during training)
2025-12-08 16:01:50,364 - cellpose.models - INFO - >> cyto3 << model set to be used
2025-12-08 16:01:50,365 - cellpose.core - INFO - ** TORCH MPS version installed and working. **
2025-12-08 16:01:50,365 - cellpose.core - INFO - >>>> using GPU (MPS)
2025-12-08 16:01:50,424 - cellpose.models - INFO - >>>> loading model /Users/nzlab-la/.cellpose/models/cyto3
2025-12-08 16:01:50,487 - cellpose.models - INFO - >>>> model diam_mean =  30.000 (ROIs rescaled to this size during training)
2025-12-08 16:01:50,488 - root - INFO - Running Cellpose (no optimization)
2025-12-08 16:01:50,824 - root - INFO - Cellpose eval finished. Masks max: 3
2025-12-08 16:01:50,933 - cellpose.denoise - INFO - >> denoise_cyto3 << model set to be used
2025-12-08 16:01:50,934 - cellpose.core - INFO - ** TORCH MPS version installed and working. **
2025-12-08 16:01:50,934 - cellpose.core - INFO - >>>> using GPU (MPS)
2025-12-08 16:01:51,067 - cellpose.denoise - INFO - >>>> model diam_mean =  30.000 (ROIs rescaled to this size during training)
2025-12-08 16:01:51,067 - cellpose.models - INFO - >> cyto3 << model set to be used
2025-12-08 16:01:51,068 - cellpose.core - INFO - ** TORCH MPS version installed and working. **
2025-12-08 16:01:51,068 - cellpose.core - INFO - >>>> using GPU (MPS)
2025-12-08 16:01:51,124 - cellpose.models - INFO - >>>> loading model /Users/nzlab-la/.cellpose/models/cyto3
2025-12-08 16:01:51,187 - cellpose.models - INFO - >>>> model diam_mean =  30.000 (ROIs rescaled to this size during training)
2025-12-08 16:01:51,187 - root - INFO - Running Cellpose (no optimization)
2025-12-08 16:01:51,469 - root - INFO - Cellpose eval finished. Masks max: 2
2025-12-08 16:02:38,241 - cellpose.denoise - INFO - >> denoise_cyto3 << model set to be used
2025-12-08 16:02:38,244 - cellpose.core - INFO - ** TORCH MPS version installed and working. **
2025-12-08 16:02:38,245 - cellpose.core - INFO - >>>> using GPU (MPS)
2025-12-08 16:02:38,378 - cellpose.denoise - INFO - >>>> model diam_mean =  30.000 (ROIs rescaled to this size during training)
2025-12-08 16:02:38,378 - cellpose.models - INFO - >> cyto3 << model set to be used
2025-12-08 16:02:38,380 - cellpose.core - INFO - ** TORCH MPS version installed and working. **
2025-12-08 16:02:38,380 - cellpose.core - INFO - >>>> using GPU (MPS)
2025-12-08 16:02:38,440 - cellpose.models - INFO - >>>> loading model /Users/nzlab-la/.cellpose/models/cyto3
2025-12-08 16:02:38,506 - cellpose.models - INFO - >>>> model diam_mean =  30.000 (ROIs rescaled to this size during training)
2025-12-08 16:02:38,506 - root - INFO - Running Cellpose (no optimization)
2025-12-08 16:02:40,794 - root - INFO - Cellpose eval finished. Masks max: 8
2025-12-08 16:02:40,926 - cellpose.denoise - INFO - >> denoise_cyto3 << model set to be used
2025-12-08 16:02:40,927 - cellpose.core - INFO - ** TORCH MPS version installed and working. **
2025-12-08 16:02:40,928 - cellpose.core - INFO - >>>> using GPU (MPS)
2025-12-08 16:02:41,059 - cellpose.denoise - INFO - >>>> model diam_mean =  30.000 (ROIs rescaled to this size during training)
2025-12-08 16:02:41,059 - cellpose.models - INFO - >> cyto3 << model set to be used
2025-12-08 16:02:41,060 - cellpose.core - INFO - ** TORCH MPS version installed and working. **
2025-12-08 16:02:41,061 - cellpose.core - INFO - >>>> using GPU (MPS)
2025-12-08 16:02:41,117 - cellpose.models - INFO - >>>> loading model /Users/nzlab-la/.cellpose/models/cyto3
2025-12-08 16:02:41,182 - cellpose.models - INFO - >>>> model diam_mean =  30.000 (ROIs rescaled to this size during training)
2025-12-08 16:02:41,183 - root - INFO - Running Cellpose (no optimization)
2025-12-08 16:02:43,262 - root - INFO - Cellpose eval finished. Masks max: 9
2025-12-08 16:02:43,385 - cellpose.denoise - INFO - >> denoise_cyto3 << model set to be used
2025-12-08 16:02:43,386 - cellpose.core - INFO - ** TORCH MPS version installed and working. **
2025-12-08 16:02:43,386 - cellpose.core - INFO - >>>> using GPU (MPS)
2025-12-08 16:02:43,526 - cellpose.denoise - INFO - >>>> model diam_mean =  30.000 (ROIs rescaled to this size during training)
2025-12-08 16:02:43,526 - cellpose.models - INFO - >> cyto3 << model set to be used
2025-12-08 16:02:43,527 - cellpose.core - INFO - ** TORCH MPS version installed and working. **
2025-12-08 16:02:43,527 - cellpose.core - INFO - >>>> using GPU (MPS)
2025-12-08 16:02:43,583 - cellpose.models - INFO - >>>> loading model /Users/nzlab-la/.cellpose/models/cyto3
2025-12-08 16:02:43,645 - cellpose.models - INFO - >>>> model diam_mean =  30.000 (ROIs rescaled to this size during training)
2025-12-08 16:02:43,645 - root - INFO - Running Cellpose (no optimization)
2025-12-08 16:02:45,660 - root - INFO - Cellpose eval finished. Masks max: 8
2025-12-08 16:02:45,795 - cellpose.denoise - INFO - >> denoise_cyto3 << model set to be used
2025-12-08 16:02:45,795 - cellpose.core - INFO - ** TORCH MPS version installed and working. **
2025-12-08 16:02:45,795 - cellpose.core - INFO - >>>> using GPU (MPS)
2025-12-08 16:02:45,928 - cellpose.denoise - INFO - >>>> model diam_mean =  30.000 (ROIs rescaled to this size during training)
2025-12-08 16:02:45,928 - cellpose.models - INFO - >> cyto3 << model set to be used
2025-12-08 16:02:45,929 - cellpose.core - INFO - ** TORCH MPS version installed and working. **
2025-12-08 16:02:45,929 - cellpose.core - INFO - >>>> using GPU (MPS)
2025-12-08 16:02:45,986 - cellpose.models - INFO - >>>> loading model /Users/nzlab-la/.cellpose/models/cyto3
2025-12-08 16:02:46,051 - cellpose.models - INFO - >>>> model diam_mean =  30.000 (ROIs rescaled to this size during training)
2025-12-08 16:02:46,051 - root - INFO - Running Cellpose (no optimization)
2025-12-08 16:02:48,183 - root - INFO - Cellpose eval finished. Masks max: 8
2025-12-08 16:02:48,307 - cellpose.denoise - INFO - >> denoise_cyto3 << model set to be used
2025-12-08 16:02:48,308 - cellpose.core - INFO - ** TORCH MPS version installed and working. **
2025-12-08 16:02:48,308 - cellpose.core - INFO - >>>> using GPU (MPS)
2025-12-08 16:02:48,448 - cellpose.denoise - INFO - >>>> model diam_mean =  30.000 (ROIs rescaled to this size during training)
2025-12-08 16:02:48,448 - cellpose.models - INFO - >> cyto3 << model set to be used
2025-12-08 16:02:48,449 - cellpose.core - INFO - ** TORCH MPS version installed and working. **
2025-12-08 16:02:48,449 - cellpose.core - INFO - >>>> using GPU (MPS)
2025-12-08 16:02:48,505 - cellpose.models - INFO - >>>> loading model /Users/nzlab-la/.cellpose/models/cyto3
2025-12-08 16:02:48,571 - cellpose.models - INFO - >>>> model diam_mean =  30.000 (ROIs rescaled to this size during training)
2025-12-08 16:02:48,571 - root - INFO - Running Cellpose (no optimization)
2025-12-08 16:02:49,857 - root - INFO - Cellpose eval finished. Masks max: 7
2025-12-08 16:02:49,981 - cellpose.denoise - INFO - >> denoise_cyto3 << model set to be used
2025-12-08 16:02:49,981 - cellpose.core - INFO - ** TORCH MPS version installed and working. **
2025-12-08 16:02:49,981 - cellpose.core - INFO - >>>> using GPU (MPS)
2025-12-08 16:02:50,118 - cellpose.denoise - INFO - >>>> model diam_mean =  30.000 (ROIs rescaled to this size during training)
2025-12-08 16:02:50,119 - cellpose.models - INFO - >> cyto3 << model set to be used
2025-12-08 16:02:50,119 - cellpose.core - INFO - ** TORCH MPS version installed and working. **
2025-12-08 16:02:50,119 - cellpose.core - INFO - >>>> using GPU (MPS)
2025-12-08 16:02:50,176 - cellpose.models - INFO - >>>> loading model /Users/nzlab-la/.cellpose/models/cyto3
2025-12-08 16:02:50,242 - cellpose.models - INFO - >>>> model diam_mean =  30.000 (ROIs rescaled to this size during training)
2025-12-08 16:02:50,242 - root - INFO - Running Cellpose (no optimization)
2025-12-08 16:02:50,974 - root - INFO - Cellpose eval finished. Masks max: 5
2025-12-08 16:02:51,097 - cellpose.denoise - INFO - >> denoise_cyto3 << model set to be used
2025-12-08 16:02:51,098 - cellpose.core - INFO - ** TORCH MPS version installed and working. **
2025-12-08 16:02:51,098 - cellpose.core - INFO - >>>> using GPU (MPS)
2025-12-08 16:02:51,233 - cellpose.denoise - INFO - >>>> model diam_mean =  30.000 (ROIs rescaled to this size during training)
2025-12-08 16:02:51,233 - cellpose.models - INFO - >> cyto3 << model set to be used
2025-12-08 16:02:51,234 - cellpose.core - INFO - ** TORCH MPS version installed and working. **
2025-12-08 16:02:51,234 - cellpose.core - INFO - >>>> using GPU (MPS)
2025-12-08 16:02:51,291 - cellpose.models - INFO - >>>> loading model /Users/nzlab-la/.cellpose/models/cyto3
2025-12-08 16:02:51,357 - cellpose.models - INFO - >>>> model diam_mean =  30.000 (ROIs rescaled to this size during training)
2025-12-08 16:02:51,357 - root - INFO - Running Cellpose (no optimization)
2025-12-08 16:02:51,816 - root - INFO - Cellpose eval finished. Masks max: 4
2025-12-08 16:02:51,946 - cellpose.denoise - INFO - >> denoise_cyto3 << model set to be used
2025-12-08 16:02:51,946 - cellpose.core - INFO - ** TORCH MPS version installed and working. **
2025-12-08 16:02:51,946 - cellpose.core - INFO - >>>> using GPU (MPS)
2025-12-08 16:02:52,093 - cellpose.denoise - INFO - >>>> model diam_mean =  30.000 (ROIs rescaled to this size during training)
2025-12-08 16:02:52,093 - cellpose.models - INFO - >> cyto3 << model set to be used
2025-12-08 16:02:52,094 - cellpose.core - INFO - ** TORCH MPS version installed and working. **
2025-12-08 16:02:52,094 - cellpose.core - INFO - >>>> using GPU (MPS)
2025-12-08 16:02:52,151 - cellpose.models - INFO - >>>> loading model /Users/nzlab-la/.cellpose/models/cyto3
2025-12-08 16:02:52,217 - cellpose.models - INFO - >>>> model diam_mean =  30.000 (ROIs rescaled to this size during training)
2025-12-08 16:02:52,217 - root - INFO - Running Cellpose (no optimization)
2025-12-08 16:02:52,527 - root - INFO - Cellpose eval finished. Masks max: 3
2025-12-08 16:02:52,649 - cellpose.denoise - INFO - >> denoise_cyto3 << model set to be used
2025-12-08 16:02:52,650 - cellpose.core - INFO - ** TORCH MPS version installed and working. **
2025-12-08 16:02:52,650 - cellpose.core - INFO - >>>> using GPU (MPS)
2025-12-08 16:02:52,787 - cellpose.denoise - INFO - >>>> model diam_mean =  30.000 (ROIs rescaled to this size during training)
2025-12-08 16:02:52,787 - cellpose.models - INFO - >> cyto3 << model set to be used
2025-12-08 16:02:52,787 - cellpose.core - INFO - ** TORCH MPS version installed and working. **
2025-12-08 16:02:52,788 - cellpose.core - INFO - >>>> using GPU (MPS)
2025-12-08 16:02:52,843 - cellpose.models - INFO - >>>> loading model /Users/nzlab-la/.cellpose/models/cyto3
2025-12-08 16:02:52,911 - cellpose.models - INFO - >>>> model diam_mean =  30.000 (ROIs rescaled to this size during training)
2025-12-08 16:02:52,911 - root - INFO - Running Cellpose (no optimization)
2025-12-08 16:02:53,166 - root - INFO - Cellpose eval finished. Masks max: 2
2025-12-08 16:02:55,818 - cellpose.core - INFO - ** TORCH MPS version installed and working. **
2025-12-08 16:02:55,818 - cellpose.core - INFO - >>>> using GPU (MPS)
2025-12-08 16:02:55,818 - cellpose.models - INFO - >> nuclei << model set to be used
2025-12-08 16:02:55,885 - cellpose.models - INFO - >>>> loading model /Users/nzlab-la/.cellpose/models/nucleitorch_0
2025-12-08 16:02:55,950 - cellpose.models - INFO - >>>> model diam_mean =  17.000 (ROIs rescaled to this size during training)
2025-12-08 16:02:55,951 - root - INFO - Running Cellpose (no optimization)
2025-12-08 16:02:55,951 - cellpose.models - INFO - channels set to [0, 0]
2025-12-08 16:02:55,951 - cellpose.models - INFO - ~~~ FINDING MASKS ~~~
2025-12-08 16:02:56,489 - cellpose.models - INFO - >>>> TOTAL TIME 0.54 sec
2025-12-08 16:02:56,489 - root - INFO - Cellpose eval finished. Masks max: 8
2025-12-08 16:02:56,600 - cellpose.core - INFO - ** TORCH MPS version installed and working. **
2025-12-08 16:02:56,600 - cellpose.core - INFO - >>>> using GPU (MPS)
2025-12-08 16:02:56,600 - cellpose.models - INFO - >> nuclei << model set to be used
2025-12-08 16:02:56,665 - cellpose.models - INFO - >>>> loading model /Users/nzlab-la/.cellpose/models/nucleitorch_0
2025-12-08 16:02:56,728 - cellpose.models - INFO - >>>> model diam_mean =  17.000 (ROIs rescaled to this size during training)
2025-12-08 16:02:56,728 - root - INFO - Running Cellpose (no optimization)
2025-12-08 16:02:56,728 - cellpose.models - INFO - channels set to [0, 0]
2025-12-08 16:02:56,728 - cellpose.models - INFO - ~~~ FINDING MASKS ~~~
2025-12-08 16:02:57,188 - cellpose.models - INFO - >>>> TOTAL TIME 0.46 sec
2025-12-08 16:02:57,188 - root - INFO - Cellpose eval finished. Masks max: 8
2025-12-08 16:02:57,297 - cellpose.core - INFO - ** TORCH MPS version installed and working. **
2025-12-08 16:02:57,297 - cellpose.core - INFO - >>>> using GPU (MPS)
2025-12-08 16:02:57,297 - cellpose.models - INFO - >> nuclei << model set to be used
2025-12-08 16:02:57,365 - cellpose.models - INFO - >>>> loading model /Users/nzlab-la/.cellpose/models/nucleitorch_0
2025-12-08 16:02:57,428 - cellpose.models - INFO - >>>> model diam_mean =  17.000 (ROIs rescaled to this size during training)
2025-12-08 16:02:57,428 - root - INFO - Running Cellpose (no optimization)
2025-12-08 16:02:57,428 - cellpose.models - INFO - channels set to [0, 0]
2025-12-08 16:02:57,428 - cellpose.models - INFO - ~~~ FINDING MASKS ~~~
2025-12-08 16:02:57,911 - cellpose.models - INFO - >>>> TOTAL TIME 0.48 sec
2025-12-08 16:02:57,911 - root - INFO - Cellpose eval finished. Masks max: 8
2025-12-08 16:02:58,026 - cellpose.core - INFO - ** TORCH MPS version installed and working. **
2025-12-08 16:02:58,026 - cellpose.core - INFO - >>>> using GPU (MPS)
2025-12-08 16:02:58,026 - cellpose.models - INFO - >> nuclei << model set to be used
2025-12-08 16:02:58,092 - cellpose.models - INFO - >>>> loading model /Users/nzlab-la/.cellpose/models/nucleitorch_0
2025-12-08 16:02:58,153 - cellpose.models - INFO - >>>> model diam_mean =  17.000 (ROIs rescaled to this size during training)
2025-12-08 16:02:58,154 - root - INFO - Running Cellpose (no optimization)
2025-12-08 16:02:58,154 - cellpose.models - INFO - channels set to [0, 0]
2025-12-08 16:02:58,154 - cellpose.models - INFO - ~~~ FINDING MASKS ~~~
2025-12-08 16:02:58,671 - cellpose.models - INFO - >>>> TOTAL TIME 0.52 sec
2025-12-08 16:02:58,672 - root - INFO - Cellpose eval finished. Masks max: 8
2025-12-08 16:02:58,782 - cellpose.core - INFO - ** TORCH MPS version installed and working. **
2025-12-08 16:02:58,782 - cellpose.core - INFO - >>>> using GPU (MPS)
2025-12-08 16:02:58,782 - cellpose.models - INFO - >> nuclei << model set to be used
2025-12-08 16:02:58,847 - cellpose.models - INFO - >>>> loading model /Users/nzlab-la/.cellpose/models/nucleitorch_0
2025-12-08 16:02:58,911 - cellpose.models - INFO - >>>> model diam_mean =  17.000 (ROIs rescaled to this size during training)
2025-12-08 16:02:58,911 - root - INFO - Running Cellpose (no optimization)
2025-12-08 16:02:58,911 - cellpose.models - INFO - channels set to [0, 0]
2025-12-08 16:02:58,911 - cellpose.models - INFO - ~~~ FINDING MASKS ~~~
2025-12-08 16:02:59,371 - cellpose.models - INFO - >>>> TOTAL TIME 0.46 sec
2025-12-08 16:02:59,372 - root - INFO - Cellpose eval finished. Masks max: 8
2025-12-08 16:02:59,491 - cellpose.core - INFO - ** TORCH MPS version installed and working. **
2025-12-08 16:02:59,491 - cellpose.core - INFO - >>>> using GPU (MPS)
2025-12-08 16:02:59,491 - cellpose.models - INFO - >> nuclei << model set to be used
2025-12-08 16:02:59,559 - cellpose.models - INFO - >>>> loading model /Users/nzlab-la/.cellpose/models/nucleitorch_0
2025-12-08 16:02:59,624 - cellpose.models - INFO - >>>> model diam_mean =  17.000 (ROIs rescaled to this size during training)
2025-12-08 16:02:59,624 - root - INFO - Running Cellpose (no optimization)
2025-12-08 16:02:59,624 - cellpose.models - INFO - channels set to [0, 0]
2025-12-08 16:02:59,624 - cellpose.models - INFO - ~~~ FINDING MASKS ~~~
2025-12-08 16:02:59,994 - cellpose.models - INFO - >>>> TOTAL TIME 0.37 sec
2025-12-08 16:02:59,994 - root - INFO - Cellpose eval finished. Masks max: 7
2025-12-08 16:03:00,113 - cellpose.core - INFO - ** TORCH MPS version installed and working. **
2025-12-08 16:03:00,114 - cellpose.core - INFO - >>>> using GPU (MPS)
2025-12-08 16:03:00,114 - cellpose.models - INFO - >> nuclei << model set to be used
2025-12-08 16:03:00,180 - cellpose.models - INFO - >>>> loading model /Users/nzlab-la/.cellpose/models/nucleitorch_0
2025-12-08 16:03:00,244 - cellpose.models - INFO - >>>> model diam_mean =  17.000 (ROIs rescaled to this size during training)
2025-12-08 16:03:00,244 - root - INFO - Running Cellpose (no optimization)
2025-12-08 16:03:00,244 - cellpose.models - INFO - channels set to [0, 0]
2025-12-08 16:03:00,244 - cellpose.models - INFO - ~~~ FINDING MASKS ~~~
2025-12-08 16:03:00,549 - cellpose.models - INFO - >>>> TOTAL TIME 0.30 sec
2025-12-08 16:03:00,549 - root - INFO - Cellpose eval finished. Masks max: 5
2025-12-08 16:03:00,665 - cellpose.core - INFO - ** TORCH MPS version installed and working. **
2025-12-08 16:03:00,665 - cellpose.core - INFO - >>>> using GPU (MPS)
2025-12-08 16:03:00,665 - cellpose.models - INFO - >> nuclei << model set to be used
2025-12-08 16:03:00,730 - cellpose.models - INFO - >>>> loading model /Users/nzlab-la/.cellpose/models/nucleitorch_0
2025-12-08 16:03:00,791 - cellpose.models - INFO - >>>> model diam_mean =  17.000 (ROIs rescaled to this size during training)
2025-12-08 16:03:00,792 - root - INFO - Running Cellpose (no optimization)
2025-12-08 16:03:00,792 - cellpose.models - INFO - channels set to [0, 0]
2025-12-08 16:03:00,792 - cellpose.models - INFO - ~~~ FINDING MASKS ~~~
2025-12-08 16:03:01,007 - cellpose.models - INFO - >>>> TOTAL TIME 0.21 sec
2025-12-08 16:03:01,007 - root - INFO - Cellpose eval finished. Masks max: 3
2025-12-08 16:03:01,123 - cellpose.core - INFO - ** TORCH MPS version installed and working. **
2025-12-08 16:03:01,123 - cellpose.core - INFO - >>>> using GPU (MPS)
2025-12-08 16:03:01,123 - cellpose.models - INFO - >> nuclei << model set to be used
2025-12-08 16:03:01,186 - cellpose.models - INFO - >>>> loading model /Users/nzlab-la/.cellpose/models/nucleitorch_0
2025-12-08 16:03:01,251 - cellpose.models - INFO - >>>> model diam_mean =  17.000 (ROIs rescaled to this size during training)
2025-12-08 16:03:01,251 - root - INFO - Running Cellpose (no optimization)
2025-12-08 16:03:01,251 - cellpose.models - INFO - channels set to [0, 0]
2025-12-08 16:03:01,251 - cellpose.models - INFO - ~~~ FINDING MASKS ~~~
2025-12-08 16:03:01,290 - cellpose.dynamics - INFO - No cell pixels found.
2025-12-08 16:03:01,311 - cellpose.models - INFO - >>>> TOTAL TIME 0.06 sec
2025-12-08 16:03:01,312 - root - INFO - Cellpose eval finished. Masks max: 0
2025-12-08 16:03:41,338 - cellpose.core - INFO - ** TORCH MPS version installed and working. **
2025-12-08 16:03:41,339 - cellpose.core - INFO - >>>> using GPU (MPS)
2025-12-08 16:03:41,339 - cellpose.models - INFO - >> nuclei << model set to be used
2025-12-08 16:03:41,407 - cellpose.models - INFO - >>>> loading model /Users/nzlab-la/.cellpose/models/nucleitorch_0
2025-12-08 16:03:41,478 - cellpose.models - INFO - >>>> model diam_mean =  17.000 (ROIs rescaled to this size during training)
2025-12-08 16:03:41,478 - root - INFO - Running Cellpose (no optimization)
2025-12-08 16:03:41,478 - cellpose.models - INFO - channels set to [0, 0]
2025-12-08 16:03:41,478 - cellpose.models - INFO - ~~~ FINDING MASKS ~~~
2025-12-08 16:03:41,925 - cellpose.models - INFO - >>>> TOTAL TIME 0.45 sec
2025-12-08 16:03:41,926 - root - INFO - Cellpose eval finished. Masks max: 8
2025-12-08 16:03:46,814 - cellpose.core - INFO - ** TORCH MPS version installed and working. **
2025-12-08 16:03:46,814 - cellpose.core - INFO - >>>> using GPU (MPS)
2025-12-08 16:03:46,814 - cellpose.models - INFO - >> nuclei << model set to be used
2025-12-08 16:03:46,882 - cellpose.models - INFO - >>>> loading model /Users/nzlab-la/.cellpose/models/nucleitorch_0
2025-12-08 16:03:46,950 - cellpose.models - INFO - >>>> model diam_mean =  17.000 (ROIs rescaled to this size during training)
2025-12-08 16:03:46,951 - root - INFO - Running Cellpose (no optimization)
2025-12-08 16:03:46,951 - cellpose.models - INFO - channels set to [0, 0]
2025-12-08 16:03:46,951 - cellpose.models - INFO - ~~~ FINDING MASKS ~~~
2025-12-08 16:03:47,326 - cellpose.models - INFO - >>>> TOTAL TIME 0.37 sec
2025-12-08 16:03:47,326 - root - INFO - Cellpose eval finished. Masks max: 10
2025-12-08 16:03:51,887 - cellpose.denoise - INFO - >> denoise_cyto3 << model set to be used
2025-12-08 16:03:51,890 - cellpose.core - INFO - ** TORCH MPS version installed and working. **
2025-12-08 16:03:51,890 - cellpose.core - INFO - >>>> using GPU (MPS)
2025-12-08 16:03:52,034 - cellpose.denoise - INFO - >>>> model diam_mean =  30.000 (ROIs rescaled to this size during training)
2025-12-08 16:03:52,035 - cellpose.models - INFO - >> cyto3 << model set to be used
2025-12-08 16:03:52,036 - cellpose.core - INFO - ** TORCH MPS version installed and working. **
2025-12-08 16:03:52,036 - cellpose.core - INFO - >>>> using GPU (MPS)
2025-12-08 16:03:52,092 - cellpose.models - INFO - >>>> loading model /Users/nzlab-la/.cellpose/models/cyto3
2025-12-08 16:03:52,161 - cellpose.models - INFO - >>>> model diam_mean =  30.000 (ROIs rescaled to this size during training)
2025-12-08 16:03:52,161 - root - INFO - Running Cellpose (no optimization)
2025-12-08 16:03:52,918 - root - INFO - Cellpose eval finished. Masks max: 18
2025-12-08 16:03:58,777 - cellpose.denoise - INFO - >> denoise_cyto3 << model set to be used
2025-12-08 16:03:58,780 - cellpose.core - INFO - ** TORCH MPS version installed and working. **
2025-12-08 16:03:58,780 - cellpose.core - INFO - >>>> using GPU (MPS)
2025-12-08 16:03:58,910 - cellpose.denoise - INFO - >>>> model diam_mean =  30.000 (ROIs rescaled to this size during training)
2025-12-08 16:03:58,910 - cellpose.models - INFO - >> cyto3 << model set to be used
2025-12-08 16:03:58,911 - cellpose.core - INFO - ** TORCH MPS version installed and working. **
2025-12-08 16:03:58,911 - cellpose.core - INFO - >>>> using GPU (MPS)
2025-12-08 16:03:58,970 - cellpose.models - INFO - >>>> loading model /Users/nzlab-la/.cellpose/models/cyto3
2025-12-08 16:03:59,035 - cellpose.models - INFO - >>>> model diam_mean =  30.000 (ROIs rescaled to this size during training)
2025-12-08 16:03:59,035 - root - INFO - Running Cellpose (no optimization)
2025-12-08 16:04:03,325 - root - INFO - Cellpose eval finished. Masks max: 19
2025-12-08 16:04:15,523 - cellpose.denoise - INFO - >> denoise_cyto3 << model set to be used
2025-12-08 16:04:15,526 - cellpose.core - INFO - ** TORCH MPS version installed and working. **
2025-12-08 16:04:15,526 - cellpose.core - INFO - >>>> using GPU (MPS)
2025-12-08 16:04:15,668 - cellpose.denoise - INFO - >>>> model diam_mean =  30.000 (ROIs rescaled to this size during training)
2025-12-08 16:04:15,669 - cellpose.models - INFO - >> cyto3 << model set to be used
2025-12-08 16:04:15,670 - cellpose.core - INFO - ** TORCH MPS version installed and working. **
2025-12-08 16:04:15,670 - cellpose.core - INFO - >>>> using GPU (MPS)
2025-12-08 16:04:15,728 - cellpose.models - INFO - >>>> loading model /Users/nzlab-la/.cellpose/models/cyto3
2025-12-08 16:04:15,791 - cellpose.models - INFO - >>>> model diam_mean =  30.000 (ROIs rescaled to this size during training)
2025-12-08 16:04:15,791 - root - INFO - Running Cellpose (no optimization)
2025-12-08 16:04:18,777 - root - INFO - Cellpose eval finished. Masks max: 12
2025-12-08 16:04:24,559 - cellpose.denoise - INFO - >> denoise_cyto3 << model set to be used
2025-12-08 16:04:24,562 - cellpose.core - INFO - ** TORCH MPS version installed and working. **
2025-12-08 16:04:24,562 - cellpose.core - INFO - >>>> using GPU (MPS)
2025-12-08 16:04:24,697 - cellpose.denoise - INFO - >>>> model diam_mean =  30.000 (ROIs rescaled to this size during training)
2025-12-08 16:04:24,697 - cellpose.models - INFO - >> cyto3 << model set to be used
2025-12-08 16:04:24,698 - cellpose.core - INFO - ** TORCH MPS version installed and working. **
2025-12-08 16:04:24,698 - cellpose.core - INFO - >>>> using GPU (MPS)
2025-12-08 16:04:24,756 - cellpose.models - INFO - >>>> loading model /Users/nzlab-la/.cellpose/models/cyto3
2025-12-08 16:04:24,821 - cellpose.models - INFO - >>>> model diam_mean =  30.000 (ROIs rescaled to this size during training)
2025-12-08 16:04:24,821 - root - INFO - Running Cellpose (no optimization)
2025-12-08 16:04:29,904 - root - INFO - Cellpose eval finished. Masks max: 18
2025-12-08 16:04:32,060 - cellpose.denoise - INFO - >> denoise_cyto3 << model set to be used
2025-12-08 16:04:32,064 - cellpose.core - INFO - ** TORCH MPS version installed and working. **
2025-12-08 16:04:32,064 - cellpose.core - INFO - >>>> using GPU (MPS)
2025-12-08 16:04:32,197 - cellpose.denoise - INFO - >>>> model diam_mean =  30.000 (ROIs rescaled to this size during training)
2025-12-08 16:04:32,197 - cellpose.models - INFO - >> cyto3 << model set to be used
2025-12-08 16:04:32,198 - cellpose.core - INFO - ** TORCH MPS version installed and working. **
2025-12-08 16:04:32,198 - cellpose.core - INFO - >>>> using GPU (MPS)
2025-12-08 16:04:32,385 - cellpose.models - INFO - >>>> loading model /Users/nzlab-la/.cellpose/models/cyto3
2025-12-08 16:04:32,450 - cellpose.models - INFO - >>>> model diam_mean =  30.000 (ROIs rescaled to this size during training)
2025-12-08 16:04:32,450 - root - INFO - Running Cellpose (no optimization)
2025-12-08 16:04:33,131 - root - INFO - Cellpose eval finished. Masks max: 18
2025-12-08 16:08:13,767 - root - WARNING - Qt Warning: Could not parse application stylesheet
2025-12-08 16:08:56,348 - cellpose.denoise - INFO - >> denoise_cyto3 << model set to be used
2025-12-08 16:08:56,354 - cellpose.core - INFO - ** TORCH MPS version installed and working. **
2025-12-08 16:08:56,354 - cellpose.core - INFO - >>>> using GPU (MPS)
2025-12-08 16:08:56,494 - cellpose.denoise - INFO - >>>> model diam_mean =  30.000 (ROIs rescaled to this size during training)
2025-12-08 16:08:56,494 - cellpose.models - INFO - >> cyto3 << model set to be used
2025-12-08 16:08:56,495 - cellpose.core - INFO - ** TORCH MPS version installed and working. **
2025-12-08 16:08:56,495 - cellpose.core - INFO - >>>> using GPU (MPS)
2025-12-08 16:08:56,553 - cellpose.models - INFO - >>>> loading model /Users/nzlab-la/.cellpose/models/cyto3
2025-12-08 16:08:56,622 - cellpose.models - INFO - >>>> model diam_mean =  30.000 (ROIs rescaled to this size during training)
2025-12-08 16:08:56,622 - root - INFO - Running Cellpose (no optimization)
2025-12-08 16:09:01,605 - root - INFO - Cellpose eval finished. Masks max: 19
2025-12-08 16:09:05,208 - cellpose.denoise - INFO - >> denoise_cyto3 << model set to be used
2025-12-08 16:09:05,210 - cellpose.core - INFO - ** TORCH MPS version installed and working. **
2025-12-08 16:09:05,210 - cellpose.core - INFO - >>>> using GPU (MPS)
2025-12-08 16:09:05,345 - cellpose.denoise - INFO - >>>> model diam_mean =  30.000 (ROIs rescaled to this size during training)
2025-12-08 16:09:05,345 - cellpose.models - INFO - >> cyto3 << model set to be used
2025-12-08 16:09:05,346 - cellpose.core - INFO - ** TORCH MPS version installed and working. **
2025-12-08 16:09:05,346 - cellpose.core - INFO - >>>> using GPU (MPS)
2025-12-08 16:09:05,404 - cellpose.models - INFO - >>>> loading model /Users/nzlab-la/.cellpose/models/cyto3
2025-12-08 16:09:05,484 - cellpose.models - INFO - >>>> model diam_mean =  30.000 (ROIs rescaled to this size during training)
2025-12-08 16:09:05,484 - root - INFO - Running Cellpose with flow_threshold=0.25, diameter=75, gpu=unknown
2025-12-08 16:09:07,305 - root - INFO - Cellpose eval finished. Masks max: 0
2025-12-08 16:09:07,306 - root - INFO - Running Cellpose with flow_threshold=0.25, diameter=150, gpu=unknown
2025-12-08 16:09:11,355 - root - INFO - Cellpose eval finished. Masks max: 12
2025-12-08 16:09:11,364 - root - INFO - Running Cellpose with flow_threshold=0.25, diameter=225, gpu=unknown
2025-12-08 16:09:15,730 - root - INFO - Cellpose eval finished. Masks max: 11
2025-12-08 16:09:15,737 - root - INFO - Running Cellpose with flow_threshold=0.45, diameter=75, gpu=unknown
2025-12-08 16:09:17,388 - root - INFO - Cellpose eval finished. Masks max: 12
2025-12-08 16:09:17,397 - root - INFO - Running Cellpose with flow_threshold=0.45, diameter=150, gpu=unknown
2025-12-08 16:09:21,485 - root - INFO - Cellpose eval finished. Masks max: 21
2025-12-08 16:09:21,500 - root - INFO - Running Cellpose with flow_threshold=0.45, diameter=225, gpu=unknown
2025-12-08 16:09:25,636 - root - INFO - Cellpose eval finished. Masks max: 14
2025-12-08 16:09:25,646 - root - INFO - Running Cellpose with flow_threshold=0.8, diameter=75, gpu=unknown
2025-12-08 16:09:27,307 - root - INFO - Cellpose eval finished. Masks max: 19
2025-12-08 16:09:27,320 - root - INFO - Running Cellpose with flow_threshold=0.8, diameter=150, gpu=unknown
2025-12-08 16:09:31,476 - root - INFO - Cellpose eval finished. Masks max: 26
2025-12-08 16:09:31,494 - root - INFO - Running Cellpose with flow_threshold=0.8, diameter=225, gpu=unknown
2025-12-08 16:09:35,689 - root - INFO - Cellpose eval finished. Masks max: 16
2025-12-08 16:09:47,851 - cellpose.denoise - INFO - >> denoise_cyto3 << model set to be used
2025-12-08 16:09:47,854 - cellpose.core - INFO - ** TORCH MPS version installed and working. **
2025-12-08 16:09:47,854 - cellpose.core - INFO - >>>> using GPU (MPS)
2025-12-08 16:09:48,003 - cellpose.denoise - INFO - >>>> model diam_mean =  30.000 (ROIs rescaled to this size during training)
2025-12-08 16:09:48,003 - cellpose.models - INFO - >> cyto3 << model set to be used
2025-12-08 16:09:48,004 - cellpose.core - INFO - ** TORCH MPS version installed and working. **
2025-12-08 16:09:48,004 - cellpose.core - INFO - >>>> using GPU (MPS)
2025-12-08 16:09:48,065 - cellpose.models - INFO - >>>> loading model /Users/nzlab-la/.cellpose/models/cyto3
2025-12-08 16:09:48,127 - cellpose.models - INFO - >>>> model diam_mean =  30.000 (ROIs rescaled to this size during training)
2025-12-08 16:09:48,127 - root - INFO - Running Cellpose (no optimization)
2025-12-08 16:09:48,819 - root - INFO - Cellpose eval finished. Masks max: 18
2025-12-08 16:10:03,614 - cellpose.denoise - INFO - >> denoise_cyto3 << model set to be used
2025-12-08 16:10:03,618 - cellpose.core - INFO - ** TORCH MPS version installed and working. **
2025-12-08 16:10:03,618 - cellpose.core - INFO - >>>> using GPU (MPS)
2025-12-08 16:10:03,772 - cellpose.denoise - INFO - >>>> model diam_mean =  30.000 (ROIs rescaled to this size during training)
2025-12-08 16:10:03,772 - cellpose.models - INFO - >> cyto3 << model set to be used
2025-12-08 16:10:03,773 - cellpose.core - INFO - ** TORCH MPS version installed and working. **
2025-12-08 16:10:03,773 - cellpose.core - INFO - >>>> using GPU (MPS)
2025-12-08 16:10:03,833 - cellpose.models - INFO - >>>> loading model /Users/nzlab-la/.cellpose/models/cyto3
2025-12-08 16:10:03,897 - cellpose.models - INFO - >>>> model diam_mean =  30.000 (ROIs rescaled to this size during training)
2025-12-08 16:10:03,897 - root - INFO - Running Cellpose with flow_threshold=0.25, diameter=75, gpu=unknown
2025-12-08 16:10:04,407 - root - INFO - Cellpose eval finished. Masks max: 2
2025-12-08 16:10:04,410 - root - INFO - Running Cellpose with flow_threshold=0.25, diameter=150, gpu=unknown
2025-12-08 16:10:08,918 - root - INFO - Cellpose eval finished. Masks max: 15
2025-12-08 16:10:08,930 - root - INFO - Running Cellpose with flow_threshold=0.25, diameter=225, gpu=unknown
2025-12-08 16:10:12,529 - root - INFO - Cellpose eval finished. Masks max: 17
2025-12-08 16:10:12,543 - root - INFO - Running Cellpose with flow_threshold=0.45, diameter=75, gpu=unknown
2025-12-08 16:10:13,001 - root - INFO - Cellpose eval finished. Masks max: 3
2025-12-08 16:10:13,004 - root - INFO - Running Cellpose with flow_threshold=0.45, diameter=150, gpu=unknown
2025-12-08 16:10:17,466 - root - INFO - Cellpose eval finished. Masks max: 17
2025-12-08 16:10:17,479 - root - INFO - Running Cellpose with flow_threshold=0.45, diameter=225, gpu=unknown
2025-12-08 16:10:21,026 - root - INFO - Cellpose eval finished. Masks max: 18
2025-12-08 16:10:21,041 - root - INFO - Running Cellpose with flow_threshold=0.8, diameter=75, gpu=unknown
2025-12-08 16:10:21,519 - root - INFO - Cellpose eval finished. Masks max: 3
2025-12-08 16:10:21,522 - root - INFO - Running Cellpose with flow_threshold=0.8, diameter=150, gpu=unknown
2025-12-08 16:10:25,986 - root - INFO - Cellpose eval finished. Masks max: 19
2025-12-08 16:10:26,000 - root - INFO - Running Cellpose with flow_threshold=0.8, diameter=225, gpu=unknown
2025-12-08 16:10:29,555 - root - INFO - Cellpose eval finished. Masks max: 18
2025-12-08 16:10:32,422 - cellpose.denoise - INFO - >> denoise_cyto3 << model set to be used
2025-12-08 16:10:32,426 - cellpose.core - INFO - ** TORCH MPS version installed and working. **
2025-12-08 16:10:32,426 - cellpose.core - INFO - >>>> using GPU (MPS)
2025-12-08 16:10:32,591 - cellpose.denoise - INFO - >>>> model diam_mean =  30.000 (ROIs rescaled to this size during training)
2025-12-08 16:10:32,592 - cellpose.models - INFO - >> cyto3 << model set to be used
2025-12-08 16:10:32,593 - cellpose.core - INFO - ** TORCH MPS version installed and working. **
2025-12-08 16:10:32,593 - cellpose.core - INFO - >>>> using GPU (MPS)
2025-12-08 16:10:32,659 - cellpose.models - INFO - >>>> loading model /Users/nzlab-la/.cellpose/models/cyto3
2025-12-08 16:10:32,731 - cellpose.models - INFO - >>>> model diam_mean =  30.000 (ROIs rescaled to this size during training)
2025-12-08 16:10:32,732 - root - INFO - Running Cellpose (no optimization)
2025-12-08 16:10:33,406 - root - INFO - Cellpose eval finished. Masks max: 18
2025-12-08 16:11:51,232 - root - WARNING - Qt Warning: Could not parse application stylesheet
2025-12-08 16:13:05,745 - cellpose.denoise - INFO - >> denoise_cyto3 << model set to be used
2025-12-08 16:13:05,750 - cellpose.core - INFO - ** TORCH MPS version installed and working. **
2025-12-08 16:13:05,750 - cellpose.core - INFO - >>>> using GPU (MPS)
2025-12-08 16:13:05,892 - cellpose.denoise - INFO - >>>> model diam_mean =  30.000 (ROIs rescaled to this size during training)
2025-12-08 16:13:05,892 - cellpose.models - INFO - >> cyto3 << model set to be used
2025-12-08 16:13:05,893 - cellpose.core - INFO - ** TORCH MPS version installed and working. **
2025-12-08 16:13:05,893 - cellpose.core - INFO - >>>> using GPU (MPS)
2025-12-08 16:13:05,952 - cellpose.models - INFO - >>>> loading model /Users/nzlab-la/.cellpose/models/cyto3
2025-12-08 16:13:06,026 - cellpose.models - INFO - >>>> model diam_mean =  30.000 (ROIs rescaled to this size during training)
2025-12-08 16:13:06,026 - root - INFO - Running Cellpose (no optimization)
2025-12-08 16:13:07,517 - root - INFO - Cellpose eval finished. Masks max: 1
2025-12-08 16:13:07,569 - cellpose.denoise - INFO - >> denoise_cyto3 << model set to be used
2025-12-08 16:13:07,570 - cellpose.core - INFO - ** TORCH MPS version installed and working. **
2025-12-08 16:13:07,570 - cellpose.core - INFO - >>>> using GPU (MPS)
2025-12-08 16:13:07,698 - cellpose.denoise - INFO - >>>> model diam_mean =  30.000 (ROIs rescaled to this size during training)
2025-12-08 16:13:07,699 - cellpose.models - INFO - >> cyto3 << model set to be used
2025-12-08 16:13:07,700 - cellpose.core - INFO - ** TORCH MPS version installed and working. **
2025-12-08 16:13:07,700 - cellpose.core - INFO - >>>> using GPU (MPS)
2025-12-08 16:13:07,755 - cellpose.models - INFO - >>>> loading model /Users/nzlab-la/.cellpose/models/cyto3
2025-12-08 16:13:07,816 - cellpose.models - INFO - >>>> model diam_mean =  30.000 (ROIs rescaled to this size during training)
2025-12-08 16:13:07,816 - root - INFO - Running Cellpose (no optimization)
2025-12-08 16:13:08,351 - root - INFO - Cellpose eval finished. Masks max: 1
2025-12-08 16:13:08,407 - cellpose.denoise - INFO - >> denoise_cyto3 << model set to be used
2025-12-08 16:13:08,408 - cellpose.core - INFO - ** TORCH MPS version installed and working. **
2025-12-08 16:13:08,408 - cellpose.core - INFO - >>>> using GPU (MPS)
2025-12-08 16:13:08,541 - cellpose.denoise - INFO - >>>> model diam_mean =  30.000 (ROIs rescaled to this size during training)
2025-12-08 16:13:08,541 - cellpose.models - INFO - >> cyto3 << model set to be used
2025-12-08 16:13:08,542 - cellpose.core - INFO - ** TORCH MPS version installed and working. **
2025-12-08 16:13:08,542 - cellpose.core - INFO - >>>> using GPU (MPS)
2025-12-08 16:13:08,599 - cellpose.models - INFO - >>>> loading model /Users/nzlab-la/.cellpose/models/cyto3
2025-12-08 16:13:08,663 - cellpose.models - INFO - >>>> model diam_mean =  30.000 (ROIs rescaled to this size during training)
2025-12-08 16:13:08,663 - root - INFO - Running Cellpose (no optimization)
2025-12-08 16:13:09,341 - root - INFO - Cellpose eval finished. Masks max: 1
2025-12-08 16:13:09,393 - cellpose.denoise - INFO - >> denoise_cyto3 << model set to be used
2025-12-08 16:13:09,394 - cellpose.core - INFO - ** TORCH MPS version installed and working. **
2025-12-08 16:13:09,394 - cellpose.core - INFO - >>>> using GPU (MPS)
2025-12-08 16:13:09,529 - cellpose.denoise - INFO - >>>> model diam_mean =  30.000 (ROIs rescaled to this size during training)
2025-12-08 16:13:09,530 - cellpose.models - INFO - >> cyto3 << model set to be used
2025-12-08 16:13:09,531 - cellpose.core - INFO - ** TORCH MPS version installed and working. **
2025-12-08 16:13:09,531 - cellpose.core - INFO - >>>> using GPU (MPS)
2025-12-08 16:13:09,587 - cellpose.models - INFO - >>>> loading model /Users/nzlab-la/.cellpose/models/cyto3
2025-12-08 16:13:09,651 - cellpose.models - INFO - >>>> model diam_mean =  30.000 (ROIs rescaled to this size during training)
2025-12-08 16:13:09,651 - root - INFO - Running Cellpose (no optimization)
2025-12-08 16:13:10,329 - root - INFO - Cellpose eval finished. Masks max: 1
2025-12-08 16:13:10,386 - cellpose.denoise - INFO - >> denoise_cyto3 << model set to be used
2025-12-08 16:13:10,387 - cellpose.core - INFO - ** TORCH MPS version installed and working. **
2025-12-08 16:13:10,387 - cellpose.core - INFO - >>>> using GPU (MPS)
2025-12-08 16:13:10,514 - cellpose.denoise - INFO - >>>> model diam_mean =  30.000 (ROIs rescaled to this size during training)
2025-12-08 16:13:10,514 - cellpose.models - INFO - >> cyto3 << model set to be used
2025-12-08 16:13:10,515 - cellpose.core - INFO - ** TORCH MPS version installed and working. **
2025-12-08 16:13:10,515 - cellpose.core - INFO - >>>> using GPU (MPS)
2025-12-08 16:13:10,577 - cellpose.models - INFO - >>>> loading model /Users/nzlab-la/.cellpose/models/cyto3
2025-12-08 16:13:10,641 - cellpose.models - INFO - >>>> model diam_mean =  30.000 (ROIs rescaled to this size during training)
2025-12-08 16:13:10,641 - root - INFO - Running Cellpose (no optimization)
2025-12-08 16:13:11,289 - root - INFO - Cellpose eval finished. Masks max: 1
2025-12-08 16:13:11,345 - cellpose.denoise - INFO - >> denoise_cyto3 << model set to be used
2025-12-08 16:13:11,346 - cellpose.core - INFO - ** TORCH MPS version installed and working. **
2025-12-08 16:13:11,346 - cellpose.core - INFO - >>>> using GPU (MPS)
2025-12-08 16:13:11,478 - cellpose.denoise - INFO - >>>> model diam_mean =  30.000 (ROIs rescaled to this size during training)
2025-12-08 16:13:11,478 - cellpose.models - INFO - >> cyto3 << model set to be used
2025-12-08 16:13:11,479 - cellpose.core - INFO - ** TORCH MPS version installed and working. **
2025-12-08 16:13:11,479 - cellpose.core - INFO - >>>> using GPU (MPS)
2025-12-08 16:13:11,535 - cellpose.models - INFO - >>>> loading model /Users/nzlab-la/.cellpose/models/cyto3
2025-12-08 16:13:11,599 - cellpose.models - INFO - >>>> model diam_mean =  30.000 (ROIs rescaled to this size during training)
2025-12-08 16:13:11,599 - root - INFO - Running Cellpose (no optimization)
2025-12-08 16:13:12,253 - root - INFO - Cellpose eval finished. Masks max: 1
2025-12-08 16:13:12,306 - cellpose.denoise - INFO - >> denoise_cyto3 << model set to be used
2025-12-08 16:13:12,307 - cellpose.core - INFO - ** TORCH MPS version installed and working. **
2025-12-08 16:13:12,307 - cellpose.core - INFO - >>>> using GPU (MPS)
2025-12-08 16:13:12,440 - cellpose.denoise - INFO - >>>> model diam_mean =  30.000 (ROIs rescaled to this size during training)
2025-12-08 16:13:12,440 - cellpose.models - INFO - >> cyto3 << model set to be used
2025-12-08 16:13:12,441 - cellpose.core - INFO - ** TORCH MPS version installed and working. **
2025-12-08 16:13:12,442 - cellpose.core - INFO - >>>> using GPU (MPS)
2025-12-08 16:13:12,498 - cellpose.models - INFO - >>>> loading model /Users/nzlab-la/.cellpose/models/cyto3
2025-12-08 16:13:12,564 - cellpose.models - INFO - >>>> model diam_mean =  30.000 (ROIs rescaled to this size during training)
2025-12-08 16:13:12,565 - root - INFO - Running Cellpose (no optimization)
2025-12-08 16:13:13,247 - root - INFO - Cellpose eval finished. Masks max: 1
2025-12-08 16:13:13,298 - cellpose.denoise - INFO - >> denoise_cyto3 << model set to be used
2025-12-08 16:13:13,298 - cellpose.core - INFO - ** TORCH MPS version installed and working. **
2025-12-08 16:13:13,299 - cellpose.core - INFO - >>>> using GPU (MPS)
2025-12-08 16:13:13,434 - cellpose.denoise - INFO - >>>> model diam_mean =  30.000 (ROIs rescaled to this size during training)
2025-12-08 16:13:13,434 - cellpose.models - INFO - >> cyto3 << model set to be used
2025-12-08 16:13:13,436 - cellpose.core - INFO - ** TORCH MPS version installed and working. **
2025-12-08 16:13:13,436 - cellpose.core - INFO - >>>> using GPU (MPS)
2025-12-08 16:13:13,493 - cellpose.models - INFO - >>>> loading model /Users/nzlab-la/.cellpose/models/cyto3
2025-12-08 16:13:13,561 - cellpose.models - INFO - >>>> model diam_mean =  30.000 (ROIs rescaled to this size during training)
2025-12-08 16:13:13,561 - root - INFO - Running Cellpose (no optimization)
2025-12-08 16:13:14,315 - root - INFO - Cellpose eval finished. Masks max: 1
2025-12-08 16:13:22,172 - cellpose.denoise - INFO - >> denoise_cyto3 << model set to be used
2025-12-08 16:13:22,176 - cellpose.core - INFO - ** TORCH MPS version installed and working. **
2025-12-08 16:13:22,176 - cellpose.core - INFO - >>>> using GPU (MPS)
2025-12-08 16:13:22,307 - cellpose.denoise - INFO - >>>> model diam_mean =  30.000 (ROIs rescaled to this size during training)
2025-12-08 16:13:22,307 - cellpose.models - INFO - >> cyto3 << model set to be used
2025-12-08 16:13:22,308 - cellpose.core - INFO - ** TORCH MPS version installed and working. **
2025-12-08 16:13:22,308 - cellpose.core - INFO - >>>> using GPU (MPS)
2025-12-08 16:13:22,368 - cellpose.models - INFO - >>>> loading model /Users/nzlab-la/.cellpose/models/cyto3
2025-12-08 16:13:22,429 - cellpose.models - INFO - >>>> model diam_mean =  30.000 (ROIs rescaled to this size during training)
2025-12-08 16:13:22,429 - root - INFO - Running Cellpose (no optimization)
2025-12-08 16:13:23,179 - root - INFO - Cellpose eval finished. Masks max: 1
2025-12-08 16:13:23,232 - cellpose.denoise - INFO - >> denoise_cyto3 << model set to be used
2025-12-08 16:13:23,234 - cellpose.core - INFO - ** TORCH MPS version installed and working. **
2025-12-08 16:13:23,234 - cellpose.core - INFO - >>>> using GPU (MPS)
2025-12-08 16:13:23,366 - cellpose.denoise - INFO - >>>> model diam_mean =  30.000 (ROIs rescaled to this size during training)
2025-12-08 16:13:23,366 - cellpose.models - INFO - >> cyto3 << model set to be used
2025-12-08 16:13:23,367 - cellpose.core - INFO - ** TORCH MPS version installed and working. **
2025-12-08 16:13:23,367 - cellpose.core - INFO - >>>> using GPU (MPS)
2025-12-08 16:13:23,422 - cellpose.models - INFO - >>>> loading model /Users/nzlab-la/.cellpose/models/cyto3
2025-12-08 16:13:23,485 - cellpose.models - INFO - >>>> model diam_mean =  30.000 (ROIs rescaled to this size during training)
2025-12-08 16:13:23,485 - root - INFO - Running Cellpose (no optimization)
2025-12-08 16:13:24,080 - root - INFO - Cellpose eval finished. Masks max: 1
2025-12-08 16:13:24,132 - cellpose.denoise - INFO - >> denoise_cyto3 << model set to be used
2025-12-08 16:13:24,133 - cellpose.core - INFO - ** TORCH MPS version installed and working. **
2025-12-08 16:13:24,133 - cellpose.core - INFO - >>>> using GPU (MPS)
2025-12-08 16:13:24,265 - cellpose.denoise - INFO - >>>> model diam_mean =  30.000 (ROIs rescaled to this size during training)
2025-12-08 16:13:24,265 - cellpose.models - INFO - >> cyto3 << model set to be used
2025-12-08 16:13:24,266 - cellpose.core - INFO - ** TORCH MPS version installed and working. **
2025-12-08 16:13:24,266 - cellpose.core - INFO - >>>> using GPU (MPS)
2025-12-08 16:13:24,321 - cellpose.models - INFO - >>>> loading model /Users/nzlab-la/.cellpose/models/cyto3
2025-12-08 16:13:24,384 - cellpose.models - INFO - >>>> model diam_mean =  30.000 (ROIs rescaled to this size during training)
2025-12-08 16:13:24,384 - root - INFO - Running Cellpose (no optimization)
2025-12-08 16:13:25,104 - root - INFO - Cellpose eval finished. Masks max: 1
2025-12-08 16:13:25,158 - cellpose.denoise - INFO - >> denoise_cyto3 << model set to be used
2025-12-08 16:13:25,159 - cellpose.core - INFO - ** TORCH MPS version installed and working. **
2025-12-08 16:13:25,159 - cellpose.core - INFO - >>>> using GPU (MPS)
2025-12-08 16:13:25,291 - cellpose.denoise - INFO - >>>> model diam_mean =  30.000 (ROIs rescaled to this size during training)
2025-12-08 16:13:25,291 - cellpose.models - INFO - >> cyto3 << model set to be used
2025-12-08 16:13:25,293 - cellpose.core - INFO - ** TORCH MPS version installed and working. **
2025-12-08 16:13:25,293 - cellpose.core - INFO - >>>> using GPU (MPS)
2025-12-08 16:13:25,346 - cellpose.models - INFO - >>>> loading model /Users/nzlab-la/.cellpose/models/cyto3
2025-12-08 16:13:25,410 - cellpose.models - INFO - >>>> model diam_mean =  30.000 (ROIs rescaled to this size during training)
2025-12-08 16:13:25,410 - root - INFO - Running Cellpose (no optimization)
2025-12-08 16:13:26,105 - root - INFO - Cellpose eval finished. Masks max: 1
2025-12-08 16:13:26,154 - cellpose.denoise - INFO - >> denoise_cyto3 << model set to be used
2025-12-08 16:13:26,155 - cellpose.core - INFO - ** TORCH MPS version installed and working. **
2025-12-08 16:13:26,155 - cellpose.core - INFO - >>>> using GPU (MPS)
2025-12-08 16:13:26,287 - cellpose.denoise - INFO - >>>> model diam_mean =  30.000 (ROIs rescaled to this size during training)
2025-12-08 16:13:26,287 - cellpose.models - INFO - >> cyto3 << model set to be used
2025-12-08 16:13:26,287 - cellpose.core - INFO - ** TORCH MPS version installed and working. **
2025-12-08 16:13:26,287 - cellpose.core - INFO - >>>> using GPU (MPS)
2025-12-08 16:13:26,342 - cellpose.models - INFO - >>>> loading model /Users/nzlab-la/.cellpose/models/cyto3
2025-12-08 16:13:26,405 - cellpose.models - INFO - >>>> model diam_mean =  30.000 (ROIs rescaled to this size during training)
2025-12-08 16:13:26,405 - root - INFO - Running Cellpose (no optimization)
2025-12-08 16:13:27,070 - root - INFO - Cellpose eval finished. Masks max: 1
2025-12-08 16:13:27,122 - cellpose.denoise - INFO - >> denoise_cyto3 << model set to be used
2025-12-08 16:13:27,123 - cellpose.core - INFO - ** TORCH MPS version installed and working. **
2025-12-08 16:13:27,123 - cellpose.core - INFO - >>>> using GPU (MPS)
2025-12-08 16:13:27,254 - cellpose.denoise - INFO - >>>> model diam_mean =  30.000 (ROIs rescaled to this size during training)
2025-12-08 16:13:27,254 - cellpose.models - INFO - >> cyto3 << model set to be used
2025-12-08 16:13:27,255 - cellpose.core - INFO - ** TORCH MPS version installed and working. **
2025-12-08 16:13:27,255 - cellpose.core - INFO - >>>> using GPU (MPS)
2025-12-08 16:13:27,310 - cellpose.models - INFO - >>>> loading model /Users/nzlab-la/.cellpose/models/cyto3
2025-12-08 16:13:27,374 - cellpose.models - INFO - >>>> model diam_mean =  30.000 (ROIs rescaled to this size during training)
2025-12-08 16:13:27,375 - root - INFO - Running Cellpose (no optimization)
2025-12-08 16:13:28,026 - root - INFO - Cellpose eval finished. Masks max: 1
2025-12-08 16:13:28,080 - cellpose.denoise - INFO - >> denoise_cyto3 << model set to be used
2025-12-08 16:13:28,081 - cellpose.core - INFO - ** TORCH MPS version installed and working. **
2025-12-08 16:13:28,081 - cellpose.core - INFO - >>>> using GPU (MPS)
2025-12-08 16:13:28,216 - cellpose.denoise - INFO - >>>> model diam_mean =  30.000 (ROIs rescaled to this size during training)
2025-12-08 16:13:28,216 - cellpose.models - INFO - >> cyto3 << model set to be used
2025-12-08 16:13:28,217 - cellpose.core - INFO - ** TORCH MPS version installed and working. **
2025-12-08 16:13:28,217 - cellpose.core - INFO - >>>> using GPU (MPS)
2025-12-08 16:13:28,273 - cellpose.models - INFO - >>>> loading model /Users/nzlab-la/.cellpose/models/cyto3
2025-12-08 16:13:28,336 - cellpose.models - INFO - >>>> model diam_mean =  30.000 (ROIs rescaled to this size during training)
2025-12-08 16:13:28,336 - root - INFO - Running Cellpose (no optimization)
2025-12-08 16:13:28,949 - root - INFO - Cellpose eval finished. Masks max: 1
2025-12-08 16:13:29,000 - cellpose.denoise - INFO - >> denoise_cyto3 << model set to be used
2025-12-08 16:13:29,001 - cellpose.core - INFO - ** TORCH MPS version installed and working. **
2025-12-08 16:13:29,001 - cellpose.core - INFO - >>>> using GPU (MPS)
2025-12-08 16:13:29,134 - cellpose.denoise - INFO - >>>> model diam_mean =  30.000 (ROIs rescaled to this size during training)
2025-12-08 16:13:29,134 - cellpose.models - INFO - >> cyto3 << model set to be used
2025-12-08 16:13:29,135 - cellpose.core - INFO - ** TORCH MPS version installed and working. **
2025-12-08 16:13:29,135 - cellpose.core - INFO - >>>> using GPU (MPS)
2025-12-08 16:13:29,189 - cellpose.models - INFO - >>>> loading model /Users/nzlab-la/.cellpose/models/cyto3
2025-12-08 16:13:29,253 - cellpose.models - INFO - >>>> model diam_mean =  30.000 (ROIs rescaled to this size during training)
2025-12-08 16:13:29,253 - root - INFO - Running Cellpose (no optimization)
2025-12-08 16:13:29,860 - root - INFO - Cellpose eval finished. Masks max: 1
2025-12-08 16:13:35,177 - cellpose.denoise - INFO - >> denoise_cyto3 << model set to be used
2025-12-08 16:13:35,180 - cellpose.core - INFO - ** TORCH MPS version installed and working. **
2025-12-08 16:13:35,180 - cellpose.core - INFO - >>>> using GPU (MPS)
2025-12-08 16:13:35,318 - cellpose.denoise - INFO - >>>> model diam_mean =  30.000 (ROIs rescaled to this size during training)
2025-12-08 16:13:35,318 - cellpose.models - INFO - >> cyto3 << model set to be used
2025-12-08 16:13:35,319 - cellpose.core - INFO - ** TORCH MPS version installed and working. **
2025-12-08 16:13:35,319 - cellpose.core - INFO - >>>> using GPU (MPS)
2025-12-08 16:13:35,377 - cellpose.models - INFO - >>>> loading model /Users/nzlab-la/.cellpose/models/cyto3
2025-12-08 16:13:35,442 - cellpose.models - INFO - >>>> model diam_mean =  30.000 (ROIs rescaled to this size during training)
2025-12-08 16:13:35,442 - root - INFO - Running Cellpose (no optimization)
2025-12-08 16:13:36,316 - root - INFO - Cellpose eval finished. Masks max: 1
2025-12-08 16:13:36,368 - cellpose.denoise - INFO - >> denoise_cyto3 << model set to be used
2025-12-08 16:13:36,369 - cellpose.core - INFO - ** TORCH MPS version installed and working. **
2025-12-08 16:13:36,369 - cellpose.core - INFO - >>>> using GPU (MPS)
2025-12-08 16:13:36,500 - cellpose.denoise - INFO - >>>> model diam_mean =  30.000 (ROIs rescaled to this size during training)
2025-12-08 16:13:36,500 - cellpose.models - INFO - >> cyto3 << model set to be used
2025-12-08 16:13:36,501 - cellpose.core - INFO - ** TORCH MPS version installed and working. **
2025-12-08 16:13:36,501 - cellpose.core - INFO - >>>> using GPU (MPS)
2025-12-08 16:13:36,559 - cellpose.models - INFO - >>>> loading model /Users/nzlab-la/.cellpose/models/cyto3
2025-12-08 16:13:36,624 - cellpose.models - INFO - >>>> model diam_mean =  30.000 (ROIs rescaled to this size during training)
2025-12-08 16:13:36,624 - root - INFO - Running Cellpose (no optimization)
2025-12-08 16:13:37,366 - root - INFO - Cellpose eval finished. Masks max: 1
2025-12-08 16:13:37,416 - cellpose.denoise - INFO - >> denoise_cyto3 << model set to be used
2025-12-08 16:13:37,417 - cellpose.core - INFO - ** TORCH MPS version installed and working. **
2025-12-08 16:13:37,417 - cellpose.core - INFO - >>>> using GPU (MPS)
2025-12-08 16:13:37,552 - cellpose.denoise - INFO - >>>> model diam_mean =  30.000 (ROIs rescaled to this size during training)
2025-12-08 16:13:37,552 - cellpose.models - INFO - >> cyto3 << model set to be used
2025-12-08 16:13:37,553 - cellpose.core - INFO - ** TORCH MPS version installed and working. **
2025-12-08 16:13:37,553 - cellpose.core - INFO - >>>> using GPU (MPS)
2025-12-08 16:13:37,609 - cellpose.models - INFO - >>>> loading model /Users/nzlab-la/.cellpose/models/cyto3
2025-12-08 16:13:37,672 - cellpose.models - INFO - >>>> model diam_mean =  30.000 (ROIs rescaled to this size during training)
2025-12-08 16:13:37,672 - root - INFO - Running Cellpose (no optimization)
2025-12-08 16:13:38,380 - root - INFO - Cellpose eval finished. Masks max: 1
2025-12-08 16:13:38,432 - cellpose.denoise - INFO - >> denoise_cyto3 << model set to be used
2025-12-08 16:13:38,433 - cellpose.core - INFO - ** TORCH MPS version installed and working. **
2025-12-08 16:13:38,433 - cellpose.core - INFO - >>>> using GPU (MPS)
2025-12-08 16:13:38,569 - cellpose.denoise - INFO - >>>> model diam_mean =  30.000 (ROIs rescaled to this size during training)
2025-12-08 16:13:38,570 - cellpose.models - INFO - >> cyto3 << model set to be used
2025-12-08 16:13:38,571 - cellpose.core - INFO - ** TORCH MPS version installed and working. **
2025-12-08 16:13:38,571 - cellpose.core - INFO - >>>> using GPU (MPS)
2025-12-08 16:13:38,627 - cellpose.models - INFO - >>>> loading model /Users/nzlab-la/.cellpose/models/cyto3
2025-12-08 16:13:38,692 - cellpose.models - INFO - >>>> model diam_mean =  30.000 (ROIs rescaled to this size during training)
2025-12-08 16:13:38,692 - root - INFO - Running Cellpose (no optimization)
2025-12-08 16:13:39,443 - root - INFO - Cellpose eval finished. Masks max: 1
2025-12-08 16:13:39,490 - cellpose.denoise - INFO - >> denoise_cyto3 << model set to be used
2025-12-08 16:13:39,490 - cellpose.core - INFO - ** TORCH MPS version installed and working. **
2025-12-08 16:13:39,491 - cellpose.core - INFO - >>>> using GPU (MPS)
2025-12-08 16:13:39,623 - cellpose.denoise - INFO - >>>> model diam_mean =  30.000 (ROIs rescaled to this size during training)
2025-12-08 16:13:39,623 - cellpose.models - INFO - >> cyto3 << model set to be used
2025-12-08 16:13:39,624 - cellpose.core - INFO - ** TORCH MPS version installed and working. **
2025-12-08 16:13:39,624 - cellpose.core - INFO - >>>> using GPU (MPS)
2025-12-08 16:13:39,678 - cellpose.models - INFO - >>>> loading model /Users/nzlab-la/.cellpose/models/cyto3
2025-12-08 16:13:39,742 - cellpose.models - INFO - >>>> model diam_mean =  30.000 (ROIs rescaled to this size during training)
2025-12-08 16:13:39,743 - root - INFO - Running Cellpose (no optimization)
2025-12-08 16:13:40,521 - root - INFO - Cellpose eval finished. Masks max: 1
2025-12-08 16:13:40,571 - cellpose.denoise - INFO - >> denoise_cyto3 << model set to be used
2025-12-08 16:13:40,571 - cellpose.core - INFO - ** TORCH MPS version installed and working. **
2025-12-08 16:13:40,571 - cellpose.core - INFO - >>>> using GPU (MPS)
2025-12-08 16:13:40,703 - cellpose.denoise - INFO - >>>> model diam_mean =  30.000 (ROIs rescaled to this size during training)
2025-12-08 16:13:40,703 - cellpose.models - INFO - >> cyto3 << model set to be used
2025-12-08 16:13:40,704 - cellpose.core - INFO - ** TORCH MPS version installed and working. **
2025-12-08 16:13:40,704 - cellpose.core - INFO - >>>> using GPU (MPS)
2025-12-08 16:13:40,759 - cellpose.models - INFO - >>>> loading model /Users/nzlab-la/.cellpose/models/cyto3
2025-12-08 16:13:40,822 - cellpose.models - INFO - >>>> model diam_mean =  30.000 (ROIs rescaled to this size during training)
2025-12-08 16:13:40,822 - root - INFO - Running Cellpose (no optimization)
2025-12-08 16:13:41,568 - root - INFO - Cellpose eval finished. Masks max: 1
2025-12-08 16:13:41,614 - cellpose.denoise - INFO - >> denoise_cyto3 << model set to be used
2025-12-08 16:13:41,614 - cellpose.core - INFO - ** TORCH MPS version installed and working. **
2025-12-08 16:13:41,615 - cellpose.core - INFO - >>>> using GPU (MPS)
2025-12-08 16:13:41,746 - cellpose.denoise - INFO - >>>> model diam_mean =  30.000 (ROIs rescaled to this size during training)
2025-12-08 16:13:41,747 - cellpose.models - INFO - >> cyto3 << model set to be used
2025-12-08 16:13:41,748 - cellpose.core - INFO - ** TORCH MPS version installed and working. **
2025-12-08 16:13:41,748 - cellpose.core - INFO - >>>> using GPU (MPS)
2025-12-08 16:13:41,802 - cellpose.models - INFO - >>>> loading model /Users/nzlab-la/.cellpose/models/cyto3
2025-12-08 16:13:41,864 - cellpose.models - INFO - >>>> model diam_mean =  30.000 (ROIs rescaled to this size during training)
2025-12-08 16:13:41,864 - root - INFO - Running Cellpose (no optimization)
2025-12-08 16:13:42,550 - root - INFO - Cellpose eval finished. Masks max: 1
2025-12-08 16:13:42,607 - cellpose.denoise - INFO - >> denoise_cyto3 << model set to be used
2025-12-08 16:13:42,608 - cellpose.core - INFO - ** TORCH MPS version installed and working. **
2025-12-08 16:13:42,608 - cellpose.core - INFO - >>>> using GPU (MPS)
2025-12-08 16:13:42,741 - cellpose.denoise - INFO - >>>> model diam_mean =  30.000 (ROIs rescaled to this size during training)
2025-12-08 16:13:42,742 - cellpose.models - INFO - >> cyto3 << model set to be used
2025-12-08 16:13:42,743 - cellpose.core - INFO - ** TORCH MPS version installed and working. **
2025-12-08 16:13:42,743 - cellpose.core - INFO - >>>> using GPU (MPS)
2025-12-08 16:13:42,798 - cellpose.models - INFO - >>>> loading model /Users/nzlab-la/.cellpose/models/cyto3
2025-12-08 16:13:42,862 - cellpose.models - INFO - >>>> model diam_mean =  30.000 (ROIs rescaled to this size during training)
2025-12-08 16:13:42,862 - root - INFO - Running Cellpose (no optimization)
2025-12-08 16:13:43,546 - root - INFO - Cellpose eval finished. Masks max: 1
2025-12-08 16:13:53,411 - cellpose.core - INFO - ** TORCH MPS version installed and working. **
2025-12-08 16:13:53,411 - cellpose.core - INFO - >>>> using GPU (MPS)
2025-12-08 16:13:53,411 - cellpose.models - INFO - >> nuclei << model set to be used
2025-12-08 16:13:53,479 - cellpose.models - INFO - >>>> loading model /Users/nzlab-la/.cellpose/models/nucleitorch_0
2025-12-08 16:13:53,549 - cellpose.models - INFO - >>>> model diam_mean =  17.000 (ROIs rescaled to this size during training)
2025-12-08 16:13:53,549 - root - INFO - Running Cellpose (no optimization)
2025-12-08 16:13:53,549 - cellpose.models - INFO - channels set to [0, 0]
2025-12-08 16:13:53,549 - cellpose.models - INFO - ~~~ FINDING MASKS ~~~
2025-12-08 16:13:53,953 - cellpose.models - INFO - >>>> TOTAL TIME 0.40 sec
2025-12-08 16:13:53,953 - root - INFO - Cellpose eval finished. Masks max: 2
2025-12-08 16:13:54,002 - cellpose.core - INFO - ** TORCH MPS version installed and working. **
2025-12-08 16:13:54,003 - cellpose.core - INFO - >>>> using GPU (MPS)
2025-12-08 16:13:54,003 - cellpose.models - INFO - >> nuclei << model set to be used
2025-12-08 16:13:54,071 - cellpose.models - INFO - >>>> loading model /Users/nzlab-la/.cellpose/models/nucleitorch_0
2025-12-08 16:13:54,136 - cellpose.models - INFO - >>>> model diam_mean =  17.000 (ROIs rescaled to this size during training)
2025-12-08 16:13:54,136 - root - INFO - Running Cellpose (no optimization)
2025-12-08 16:13:54,136 - cellpose.models - INFO - channels set to [0, 0]
2025-12-08 16:13:54,136 - cellpose.models - INFO - ~~~ FINDING MASKS ~~~
2025-12-08 16:13:54,390 - cellpose.models - INFO - >>>> TOTAL TIME 0.25 sec
2025-12-08 16:13:54,390 - root - INFO - Cellpose eval finished. Masks max: 2
2025-12-08 16:13:54,444 - cellpose.core - INFO - ** TORCH MPS version installed and working. **
2025-12-08 16:13:54,444 - cellpose.core - INFO - >>>> using GPU (MPS)
2025-12-08 16:13:54,444 - cellpose.models - INFO - >> nuclei << model set to be used
2025-12-08 16:13:54,507 - cellpose.models - INFO - >>>> loading model /Users/nzlab-la/.cellpose/models/nucleitorch_0
2025-12-08 16:13:54,571 - cellpose.models - INFO - >>>> model diam_mean =  17.000 (ROIs rescaled to this size during training)
2025-12-08 16:13:54,572 - root - INFO - Running Cellpose (no optimization)
2025-12-08 16:13:54,572 - cellpose.models - INFO - channels set to [0, 0]
2025-12-08 16:13:54,572 - cellpose.models - INFO - ~~~ FINDING MASKS ~~~
2025-12-08 16:13:54,848 - cellpose.models - INFO - >>>> TOTAL TIME 0.28 sec
2025-12-08 16:13:54,849 - root - INFO - Cellpose eval finished. Masks max: 2
2025-12-08 16:13:54,896 - cellpose.core - INFO - ** TORCH MPS version installed and working. **
2025-12-08 16:13:54,897 - cellpose.core - INFO - >>>> using GPU (MPS)
2025-12-08 16:13:54,897 - cellpose.models - INFO - >> nuclei << model set to be used
2025-12-08 16:13:54,960 - cellpose.models - INFO - >>>> loading model /Users/nzlab-la/.cellpose/models/nucleitorch_0
2025-12-08 16:13:55,024 - cellpose.models - INFO - >>>> model diam_mean =  17.000 (ROIs rescaled to this size during training)
2025-12-08 16:13:55,024 - root - INFO - Running Cellpose (no optimization)
2025-12-08 16:13:55,024 - cellpose.models - INFO - channels set to [0, 0]
2025-12-08 16:13:55,024 - cellpose.models - INFO - ~~~ FINDING MASKS ~~~
2025-12-08 16:13:55,283 - cellpose.models - INFO - >>>> TOTAL TIME 0.26 sec
2025-12-08 16:13:55,283 - root - INFO - Cellpose eval finished. Masks max: 2
2025-12-08 16:13:55,335 - cellpose.core - INFO - ** TORCH MPS version installed and working. **
2025-12-08 16:13:55,335 - cellpose.core - INFO - >>>> using GPU (MPS)
2025-12-08 16:13:55,336 - cellpose.models - INFO - >> nuclei << model set to be used
2025-12-08 16:13:55,400 - cellpose.models - INFO - >>>> loading model /Users/nzlab-la/.cellpose/models/nucleitorch_0
2025-12-08 16:13:55,463 - cellpose.models - INFO - >>>> model diam_mean =  17.000 (ROIs rescaled to this size during training)
2025-12-08 16:13:55,463 - root - INFO - Running Cellpose (no optimization)
2025-12-08 16:13:55,463 - cellpose.models - INFO - channels set to [0, 0]
2025-12-08 16:13:55,463 - cellpose.models - INFO - ~~~ FINDING MASKS ~~~
2025-12-08 16:13:55,709 - cellpose.models - INFO - >>>> TOTAL TIME 0.25 sec
2025-12-08 16:13:55,709 - root - INFO - Cellpose eval finished. Masks max: 2
2025-12-08 16:13:55,756 - cellpose.core - INFO - ** TORCH MPS version installed and working. **
2025-12-08 16:13:55,756 - cellpose.core - INFO - >>>> using GPU (MPS)
2025-12-08 16:13:55,756 - cellpose.models - INFO - >> nuclei << model set to be used
2025-12-08 16:13:55,816 - cellpose.models - INFO - >>>> loading model /Users/nzlab-la/.cellpose/models/nucleitorch_0
2025-12-08 16:13:55,878 - cellpose.models - INFO - >>>> model diam_mean =  17.000 (ROIs rescaled to this size during training)
2025-12-08 16:13:55,878 - root - INFO - Running Cellpose (no optimization)
2025-12-08 16:13:55,879 - cellpose.models - INFO - channels set to [0, 0]
2025-12-08 16:13:55,879 - cellpose.models - INFO - ~~~ FINDING MASKS ~~~
2025-12-08 16:13:56,142 - cellpose.models - INFO - >>>> TOTAL TIME 0.26 sec
2025-12-08 16:13:56,142 - root - INFO - Cellpose eval finished. Masks max: 3
2025-12-08 16:13:56,194 - cellpose.core - INFO - ** TORCH MPS version installed and working. **
2025-12-08 16:13:56,194 - cellpose.core - INFO - >>>> using GPU (MPS)
2025-12-08 16:13:56,194 - cellpose.models - INFO - >> nuclei << model set to be used
2025-12-08 16:13:56,260 - cellpose.models - INFO - >>>> loading model /Users/nzlab-la/.cellpose/models/nucleitorch_0
2025-12-08 16:13:56,430 - cellpose.models - INFO - >>>> model diam_mean =  17.000 (ROIs rescaled to this size during training)
2025-12-08 16:13:56,430 - root - INFO - Running Cellpose (no optimization)
2025-12-08 16:13:56,430 - cellpose.models - INFO - channels set to [0, 0]
2025-12-08 16:13:56,430 - cellpose.models - INFO - ~~~ FINDING MASKS ~~~
2025-12-08 16:13:56,732 - cellpose.models - INFO - >>>> TOTAL TIME 0.30 sec
2025-12-08 16:13:56,732 - root - INFO - Cellpose eval finished. Masks max: 2
2025-12-08 16:13:56,785 - cellpose.core - INFO - ** TORCH MPS version installed and working. **
2025-12-08 16:13:56,785 - cellpose.core - INFO - >>>> using GPU (MPS)
2025-12-08 16:13:56,786 - cellpose.models - INFO - >> nuclei << model set to be used
2025-12-08 16:13:56,855 - cellpose.models - INFO - >>>> loading model /Users/nzlab-la/.cellpose/models/nucleitorch_0
2025-12-08 16:13:56,919 - cellpose.models - INFO - >>>> model diam_mean =  17.000 (ROIs rescaled to this size during training)
2025-12-08 16:13:56,919 - root - INFO - Running Cellpose (no optimization)
2025-12-08 16:13:56,919 - cellpose.models - INFO - channels set to [0, 0]
2025-12-08 16:13:56,920 - cellpose.models - INFO - ~~~ FINDING MASKS ~~~
2025-12-08 16:13:57,132 - cellpose.models - INFO - >>>> TOTAL TIME 0.21 sec
2025-12-08 16:13:57,132 - root - INFO - Cellpose eval finished. Masks max: 2
2025-12-08 16:14:01,872 - cellpose.denoise - INFO - >> denoise_cyto3 << model set to be used
2025-12-08 16:14:01,875 - cellpose.core - INFO - ** TORCH MPS version installed and working. **
2025-12-08 16:14:01,875 - cellpose.core - INFO - >>>> using GPU (MPS)
2025-12-08 16:14:02,009 - cellpose.denoise - INFO - >>>> model diam_mean =  30.000 (ROIs rescaled to this size during training)
2025-12-08 16:14:02,009 - cellpose.models - INFO - >> cyto3 << model set to be used
2025-12-08 16:14:02,010 - cellpose.core - INFO - ** TORCH MPS version installed and working. **
2025-12-08 16:14:02,010 - cellpose.core - INFO - >>>> using GPU (MPS)
2025-12-08 16:14:02,071 - cellpose.models - INFO - >>>> loading model /Users/nzlab-la/.cellpose/models/cyto3
2025-12-08 16:14:02,137 - cellpose.models - INFO - >>>> model diam_mean =  30.000 (ROIs rescaled to this size during training)
2025-12-08 16:14:02,137 - root - INFO - Running Cellpose (no optimization)
2025-12-08 16:14:02,970 - root - INFO - Cellpose eval finished. Masks max: 1
2025-12-08 16:14:03,025 - cellpose.denoise - INFO - >> denoise_cyto3 << model set to be used
2025-12-08 16:14:03,026 - cellpose.core - INFO - ** TORCH MPS version installed and working. **
2025-12-08 16:14:03,026 - cellpose.core - INFO - >>>> using GPU (MPS)
2025-12-08 16:14:03,161 - cellpose.denoise - INFO - >>>> model diam_mean =  30.000 (ROIs rescaled to this size during training)
2025-12-08 16:14:03,161 - cellpose.models - INFO - >> cyto3 << model set to be used
2025-12-08 16:14:03,162 - cellpose.core - INFO - ** TORCH MPS version installed and working. **
2025-12-08 16:14:03,162 - cellpose.core - INFO - >>>> using GPU (MPS)
2025-12-08 16:14:03,219 - cellpose.models - INFO - >>>> loading model /Users/nzlab-la/.cellpose/models/cyto3
2025-12-08 16:14:03,283 - cellpose.models - INFO - >>>> model diam_mean =  30.000 (ROIs rescaled to this size during training)
2025-12-08 16:14:03,283 - root - INFO - Running Cellpose (no optimization)
2025-12-08 16:14:03,454 - root - INFO - Cellpose eval finished. Masks max: 0
2025-12-08 16:14:03,501 - cellpose.denoise - INFO - >> denoise_cyto3 << model set to be used
2025-12-08 16:14:03,502 - cellpose.core - INFO - ** TORCH MPS version installed and working. **
2025-12-08 16:14:03,502 - cellpose.core - INFO - >>>> using GPU (MPS)
2025-12-08 16:14:03,633 - cellpose.denoise - INFO - >>>> model diam_mean =  30.000 (ROIs rescaled to this size during training)
2025-12-08 16:14:03,633 - cellpose.models - INFO - >> cyto3 << model set to be used
2025-12-08 16:14:03,634 - cellpose.core - INFO - ** TORCH MPS version installed and working. **
2025-12-08 16:14:03,634 - cellpose.core - INFO - >>>> using GPU (MPS)
2025-12-08 16:14:03,689 - cellpose.models - INFO - >>>> loading model /Users/nzlab-la/.cellpose/models/cyto3
2025-12-08 16:14:03,750 - cellpose.models - INFO - >>>> model diam_mean =  30.000 (ROIs rescaled to this size during training)
2025-12-08 16:14:03,750 - root - INFO - Running Cellpose (no optimization)
2025-12-08 16:14:04,229 - root - INFO - Cellpose eval finished. Masks max: 1
2025-12-08 16:14:04,278 - cellpose.denoise - INFO - >> denoise_cyto3 << model set to be used
2025-12-08 16:14:04,278 - cellpose.core - INFO - ** TORCH MPS version installed and working. **
2025-12-08 16:14:04,279 - cellpose.core - INFO - >>>> using GPU (MPS)
2025-12-08 16:14:04,410 - cellpose.denoise - INFO - >>>> model diam_mean =  30.000 (ROIs rescaled to this size during training)
2025-12-08 16:14:04,410 - cellpose.models - INFO - >> cyto3 << model set to be used
2025-12-08 16:14:04,411 - cellpose.core - INFO - ** TORCH MPS version installed and working. **
2025-12-08 16:14:04,411 - cellpose.core - INFO - >>>> using GPU (MPS)
2025-12-08 16:14:04,467 - cellpose.models - INFO - >>>> loading model /Users/nzlab-la/.cellpose/models/cyto3
2025-12-08 16:14:04,533 - cellpose.models - INFO - >>>> model diam_mean =  30.000 (ROIs rescaled to this size during training)
2025-12-08 16:14:04,533 - root - INFO - Running Cellpose (no optimization)
2025-12-08 16:14:04,983 - root - INFO - Cellpose eval finished. Masks max: 1
2025-12-08 16:14:05,033 - cellpose.denoise - INFO - >> denoise_cyto3 << model set to be used
2025-12-08 16:14:05,034 - cellpose.core - INFO - ** TORCH MPS version installed and working. **
2025-12-08 16:14:05,034 - cellpose.core - INFO - >>>> using GPU (MPS)
2025-12-08 16:14:05,165 - cellpose.denoise - INFO - >>>> model diam_mean =  30.000 (ROIs rescaled to this size during training)
2025-12-08 16:14:05,165 - cellpose.models - INFO - >> cyto3 << model set to be used
2025-12-08 16:14:05,166 - cellpose.core - INFO - ** TORCH MPS version installed and working. **
2025-12-08 16:14:05,166 - cellpose.core - INFO - >>>> using GPU (MPS)
2025-12-08 16:14:05,222 - cellpose.models - INFO - >>>> loading model /Users/nzlab-la/.cellpose/models/cyto3
2025-12-08 16:14:05,285 - cellpose.models - INFO - >>>> model diam_mean =  30.000 (ROIs rescaled to this size during training)
2025-12-08 16:14:05,285 - root - INFO - Running Cellpose (no optimization)
2025-12-08 16:14:06,012 - root - INFO - Cellpose eval finished. Masks max: 1
2025-12-08 16:14:06,059 - cellpose.denoise - INFO - >> denoise_cyto3 << model set to be used
2025-12-08 16:14:06,060 - cellpose.core - INFO - ** TORCH MPS version installed and working. **
2025-12-08 16:14:06,060 - cellpose.core - INFO - >>>> using GPU (MPS)
2025-12-08 16:14:06,191 - cellpose.denoise - INFO - >>>> model diam_mean =  30.000 (ROIs rescaled to this size during training)
2025-12-08 16:14:06,191 - cellpose.models - INFO - >> cyto3 << model set to be used
2025-12-08 16:14:06,192 - cellpose.core - INFO - ** TORCH MPS version installed and working. **
2025-12-08 16:14:06,192 - cellpose.core - INFO - >>>> using GPU (MPS)
2025-12-08 16:14:06,248 - cellpose.models - INFO - >>>> loading model /Users/nzlab-la/.cellpose/models/cyto3
2025-12-08 16:14:06,311 - cellpose.models - INFO - >>>> model diam_mean =  30.000 (ROIs rescaled to this size during training)
2025-12-08 16:14:06,311 - root - INFO - Running Cellpose (no optimization)
2025-12-08 16:14:06,987 - root - INFO - Cellpose eval finished. Masks max: 1
2025-12-08 16:14:07,035 - cellpose.denoise - INFO - >> denoise_cyto3 << model set to be used
2025-12-08 16:14:07,035 - cellpose.core - INFO - ** TORCH MPS version installed and working. **
2025-12-08 16:14:07,035 - cellpose.core - INFO - >>>> using GPU (MPS)
2025-12-08 16:14:07,165 - cellpose.denoise - INFO - >>>> model diam_mean =  30.000 (ROIs rescaled to this size during training)
2025-12-08 16:14:07,165 - cellpose.models - INFO - >> cyto3 << model set to be used
2025-12-08 16:14:07,166 - cellpose.core - INFO - ** TORCH MPS version installed and working. **
2025-12-08 16:14:07,166 - cellpose.core - INFO - >>>> using GPU (MPS)
2025-12-08 16:14:07,222 - cellpose.models - INFO - >>>> loading model /Users/nzlab-la/.cellpose/models/cyto3
2025-12-08 16:14:07,287 - cellpose.models - INFO - >>>> model diam_mean =  30.000 (ROIs rescaled to this size during training)
2025-12-08 16:14:07,287 - root - INFO - Running Cellpose (no optimization)
2025-12-08 16:14:07,853 - root - INFO - Cellpose eval finished. Masks max: 1
2025-12-08 16:14:07,911 - cellpose.denoise - INFO - >> denoise_cyto3 << model set to be used
2025-12-08 16:14:07,911 - cellpose.core - INFO - ** TORCH MPS version installed and working. **
2025-12-08 16:14:07,911 - cellpose.core - INFO - >>>> using GPU (MPS)
2025-12-08 16:14:08,051 - cellpose.denoise - INFO - >>>> model diam_mean =  30.000 (ROIs rescaled to this size during training)
2025-12-08 16:14:08,051 - cellpose.models - INFO - >> cyto3 << model set to be used
2025-12-08 16:14:08,052 - cellpose.core - INFO - ** TORCH MPS version installed and working. **
2025-12-08 16:14:08,052 - cellpose.core - INFO - >>>> using GPU (MPS)
2025-12-08 16:14:08,107 - cellpose.models - INFO - >>>> loading model /Users/nzlab-la/.cellpose/models/cyto3
2025-12-08 16:14:08,171 - cellpose.models - INFO - >>>> model diam_mean =  30.000 (ROIs rescaled to this size during training)
2025-12-08 16:14:08,171 - root - INFO - Running Cellpose (no optimization)
2025-12-08 16:14:08,438 - root - INFO - Cellpose eval finished. Masks max: 1
2025-12-08 16:14:17,835 - cellpose.core - INFO - ** TORCH MPS version installed and working. **
2025-12-08 16:14:17,835 - cellpose.core - INFO - >>>> using GPU (MPS)
2025-12-08 16:14:17,835 - cellpose.models - WARNING - model_type does not exist, using default model
2025-12-08 16:14:17,903 - cellpose.models - INFO - >>>> loading model /Users/nzlab-la/.cellpose/models/cyto3
2025-12-08 16:14:17,970 - cellpose.models - INFO - >>>> model diam_mean =  30.000 (ROIs rescaled to this size during training)
2025-12-08 16:14:34,079 - cellpose.core - INFO - ** TORCH MPS version installed and working. **
2025-12-08 16:14:34,079 - cellpose.core - INFO - >>>> using GPU (MPS)
2025-12-08 16:14:34,080 - cellpose.models - WARNING - model_type does not exist, using default model
2025-12-08 16:14:34,150 - cellpose.models - INFO - >>>> loading model /Users/nzlab-la/.cellpose/models/cyto3
2025-12-08 16:14:34,217 - cellpose.models - INFO - >>>> model diam_mean =  30.000 (ROIs rescaled to this size during training)
2025-12-08 16:15:15,815 - cellpose.core - INFO - ** TORCH MPS version installed and working. **
2025-12-08 16:15:15,815 - cellpose.core - INFO - >>>> using GPU (MPS)
2025-12-08 16:15:15,815 - cellpose.models - INFO - >> cyto << model set to be used
2025-12-08 16:15:15,889 - cellpose.models - INFO - >>>> loading model /Users/nzlab-la/.cellpose/models/cytotorch_0
2025-12-08 16:15:15,967 - cellpose.models - INFO - >>>> model diam_mean =  30.000 (ROIs rescaled to this size during training)
2025-12-08 16:15:15,970 - root - INFO - Running Cellpose (no optimization)
2025-12-08 16:15:15,970 - cellpose.models - INFO - channels set to [0, 0]
2025-12-08 16:15:15,971 - cellpose.models - INFO - ~~~ FINDING MASKS ~~~
2025-12-08 16:15:16,860 - cellpose.models - INFO - >>>> TOTAL TIME 0.89 sec
2025-12-08 16:15:16,860 - root - INFO - Cellpose eval finished. Masks max: 1
2025-12-08 16:15:16,911 - cellpose.core - INFO - ** TORCH MPS version installed and working. **
2025-12-08 16:15:16,911 - cellpose.core - INFO - >>>> using GPU (MPS)
2025-12-08 16:15:16,911 - cellpose.models - INFO - >> cyto << model set to be used
2025-12-08 16:15:16,981 - cellpose.models - INFO - >>>> loading model /Users/nzlab-la/.cellpose/models/cytotorch_0
2025-12-08 16:15:17,045 - cellpose.models - INFO - >>>> model diam_mean =  30.000 (ROIs rescaled to this size during training)
2025-12-08 16:15:17,046 - root - INFO - Running Cellpose (no optimization)
2025-12-08 16:15:17,046 - cellpose.models - INFO - channels set to [0, 0]
2025-12-08 16:15:17,046 - cellpose.models - INFO - ~~~ FINDING MASKS ~~~
2025-12-08 16:15:17,836 - cellpose.models - INFO - >>>> TOTAL TIME 0.79 sec
2025-12-08 16:15:17,836 - root - INFO - Cellpose eval finished. Masks max: 1
2025-12-08 16:15:17,895 - cellpose.core - INFO - ** TORCH MPS version installed and working. **
2025-12-08 16:15:17,896 - cellpose.core - INFO - >>>> using GPU (MPS)
2025-12-08 16:15:17,896 - cellpose.models - INFO - >> cyto << model set to be used
2025-12-08 16:15:17,968 - cellpose.models - INFO - >>>> loading model /Users/nzlab-la/.cellpose/models/cytotorch_0
2025-12-08 16:15:18,035 - cellpose.models - INFO - >>>> model diam_mean =  30.000 (ROIs rescaled to this size during training)
2025-12-08 16:15:18,035 - root - INFO - Running Cellpose (no optimization)
2025-12-08 16:15:18,036 - cellpose.models - INFO - channels set to [0, 0]
2025-12-08 16:15:18,036 - cellpose.models - INFO - ~~~ FINDING MASKS ~~~
2025-12-08 16:15:18,804 - cellpose.models - INFO - >>>> TOTAL TIME 0.77 sec
2025-12-08 16:15:18,804 - root - INFO - Cellpose eval finished. Masks max: 1
2025-12-08 16:15:18,857 - cellpose.core - INFO - ** TORCH MPS version installed and working. **
2025-12-08 16:15:18,857 - cellpose.core - INFO - >>>> using GPU (MPS)
2025-12-08 16:15:18,858 - cellpose.models - INFO - >> cyto << model set to be used
2025-12-08 16:15:18,926 - cellpose.models - INFO - >>>> loading model /Users/nzlab-la/.cellpose/models/cytotorch_0
2025-12-08 16:15:18,991 - cellpose.models - INFO - >>>> model diam_mean =  30.000 (ROIs rescaled to this size during training)
2025-12-08 16:15:18,991 - root - INFO - Running Cellpose (no optimization)
2025-12-08 16:15:18,991 - cellpose.models - INFO - channels set to [0, 0]
2025-12-08 16:15:18,991 - cellpose.models - INFO - ~~~ FINDING MASKS ~~~
2025-12-08 16:15:19,769 - cellpose.models - INFO - >>>> TOTAL TIME 0.78 sec
2025-12-08 16:15:19,770 - root - INFO - Cellpose eval finished. Masks max: 1
2025-12-08 16:15:19,819 - cellpose.core - INFO - ** TORCH MPS version installed and working. **
2025-12-08 16:15:19,819 - cellpose.core - INFO - >>>> using GPU (MPS)
2025-12-08 16:15:19,819 - cellpose.models - INFO - >> cyto << model set to be used
2025-12-08 16:15:19,888 - cellpose.models - INFO - >>>> loading model /Users/nzlab-la/.cellpose/models/cytotorch_0
2025-12-08 16:15:19,952 - cellpose.models - INFO - >>>> model diam_mean =  30.000 (ROIs rescaled to this size during training)
2025-12-08 16:15:19,953 - root - INFO - Running Cellpose (no optimization)
2025-12-08 16:15:19,953 - cellpose.models - INFO - channels set to [0, 0]
2025-12-08 16:15:19,953 - cellpose.models - INFO - ~~~ FINDING MASKS ~~~
2025-12-08 16:15:20,699 - cellpose.models - INFO - >>>> TOTAL TIME 0.75 sec
2025-12-08 16:15:20,699 - root - INFO - Cellpose eval finished. Masks max: 1
2025-12-08 16:15:20,756 - cellpose.core - INFO - ** TORCH MPS version installed and working. **
2025-12-08 16:15:20,756 - cellpose.core - INFO - >>>> using GPU (MPS)
2025-12-08 16:15:20,756 - cellpose.models - INFO - >> cyto << model set to be used
2025-12-08 16:15:20,825 - cellpose.models - INFO - >>>> loading model /Users/nzlab-la/.cellpose/models/cytotorch_0
2025-12-08 16:15:20,890 - cellpose.models - INFO - >>>> model diam_mean =  30.000 (ROIs rescaled to this size during training)
2025-12-08 16:15:20,891 - root - INFO - Running Cellpose (no optimization)
2025-12-08 16:15:20,891 - cellpose.models - INFO - channels set to [0, 0]
2025-12-08 16:15:20,891 - cellpose.models - INFO - ~~~ FINDING MASKS ~~~
2025-12-08 16:15:21,641 - cellpose.models - INFO - >>>> TOTAL TIME 0.75 sec
2025-12-08 16:15:21,641 - root - INFO - Cellpose eval finished. Masks max: 1
2025-12-08 16:15:21,690 - cellpose.core - INFO - ** TORCH MPS version installed and working. **
2025-12-08 16:15:21,690 - cellpose.core - INFO - >>>> using GPU (MPS)
2025-12-08 16:15:21,690 - cellpose.models - INFO - >> cyto << model set to be used
2025-12-08 16:15:21,756 - cellpose.models - INFO - >>>> loading model /Users/nzlab-la/.cellpose/models/cytotorch_0
2025-12-08 16:15:21,819 - cellpose.models - INFO - >>>> model diam_mean =  30.000 (ROIs rescaled to this size during training)
2025-12-08 16:15:21,820 - root - INFO - Running Cellpose (no optimization)
2025-12-08 16:15:21,820 - cellpose.models - INFO - channels set to [0, 0]
2025-12-08 16:15:21,820 - cellpose.models - INFO - ~~~ FINDING MASKS ~~~
2025-12-08 16:15:22,699 - cellpose.models - INFO - >>>> TOTAL TIME 0.88 sec
2025-12-08 16:15:22,699 - root - INFO - Cellpose eval finished. Masks max: 1
2025-12-08 16:15:22,749 - cellpose.core - INFO - ** TORCH MPS version installed and working. **
2025-12-08 16:15:22,749 - cellpose.core - INFO - >>>> using GPU (MPS)
2025-12-08 16:15:22,749 - cellpose.models - INFO - >> cyto << model set to be used
2025-12-08 16:15:22,815 - cellpose.models - INFO - >>>> loading model /Users/nzlab-la/.cellpose/models/cytotorch_0
2025-12-08 16:15:22,880 - cellpose.models - INFO - >>>> model diam_mean =  30.000 (ROIs rescaled to this size during training)
2025-12-08 16:15:22,880 - root - INFO - Running Cellpose (no optimization)
2025-12-08 16:15:22,880 - cellpose.models - INFO - channels set to [0, 0]
2025-12-08 16:15:22,881 - cellpose.models - INFO - ~~~ FINDING MASKS ~~~
2025-12-08 16:15:23,716 - cellpose.models - INFO - >>>> TOTAL TIME 0.84 sec
2025-12-08 16:15:23,717 - root - INFO - Cellpose eval finished. Masks max: 1
2025-12-08 16:15:27,540 - cellpose.core - INFO - ** TORCH MPS version installed and working. **
2025-12-08 16:15:27,540 - cellpose.core - INFO - >>>> using GPU (MPS)
2025-12-08 16:15:27,540 - cellpose.models - INFO - >> cyto2 << model set to be used
2025-12-08 16:15:27,609 - cellpose.models - INFO - >>>> loading model /Users/nzlab-la/.cellpose/models/cyto2torch_0
2025-12-08 16:15:27,685 - cellpose.models - INFO - >>>> model diam_mean =  30.000 (ROIs rescaled to this size during training)
2025-12-08 16:15:27,685 - root - INFO - Running Cellpose (no optimization)
2025-12-08 16:15:27,685 - cellpose.models - INFO - channels set to [0, 0]
2025-12-08 16:15:27,685 - cellpose.models - INFO - ~~~ FINDING MASKS ~~~
2025-12-08 16:15:28,474 - cellpose.models - INFO - >>>> TOTAL TIME 0.79 sec
2025-12-08 16:15:28,475 - root - INFO - Cellpose eval finished. Masks max: 1
2025-12-08 16:15:28,520 - cellpose.core - INFO - ** TORCH MPS version installed and working. **
2025-12-08 16:15:28,520 - cellpose.core - INFO - >>>> using GPU (MPS)
2025-12-08 16:15:28,520 - cellpose.models - INFO - >> cyto2 << model set to be used
2025-12-08 16:15:28,592 - cellpose.models - INFO - >>>> loading model /Users/nzlab-la/.cellpose/models/cyto2torch_0
2025-12-08 16:15:28,655 - cellpose.models - INFO - >>>> model diam_mean =  30.000 (ROIs rescaled to this size during training)
2025-12-08 16:15:28,656 - root - INFO - Running Cellpose (no optimization)
2025-12-08 16:15:28,656 - cellpose.models - INFO - channels set to [0, 0]
2025-12-08 16:15:28,656 - cellpose.models - INFO - ~~~ FINDING MASKS ~~~
2025-12-08 16:15:29,388 - cellpose.models - INFO - >>>> TOTAL TIME 0.73 sec
2025-12-08 16:15:29,388 - root - INFO - Cellpose eval finished. Masks max: 1
2025-12-08 16:15:29,447 - cellpose.core - INFO - ** TORCH MPS version installed and working. **
2025-12-08 16:15:29,447 - cellpose.core - INFO - >>>> using GPU (MPS)
2025-12-08 16:15:29,447 - cellpose.models - INFO - >> cyto2 << model set to be used
2025-12-08 16:15:29,519 - cellpose.models - INFO - >>>> loading model /Users/nzlab-la/.cellpose/models/cyto2torch_0
2025-12-08 16:15:29,582 - cellpose.models - INFO - >>>> model diam_mean =  30.000 (ROIs rescaled to this size during training)
2025-12-08 16:15:29,582 - root - INFO - Running Cellpose (no optimization)
2025-12-08 16:15:29,582 - cellpose.models - INFO - channels set to [0, 0]
2025-12-08 16:15:29,582 - cellpose.models - INFO - ~~~ FINDING MASKS ~~~
2025-12-08 16:15:30,257 - cellpose.models - INFO - >>>> TOTAL TIME 0.68 sec
2025-12-08 16:15:30,258 - root - INFO - Cellpose eval finished. Masks max: 1
2025-12-08 16:15:30,317 - cellpose.core - INFO - ** TORCH MPS version installed and working. **
2025-12-08 16:15:30,317 - cellpose.core - INFO - >>>> using GPU (MPS)
2025-12-08 16:15:30,317 - cellpose.models - INFO - >> cyto2 << model set to be used
2025-12-08 16:15:30,386 - cellpose.models - INFO - >>>> loading model /Users/nzlab-la/.cellpose/models/cyto2torch_0
2025-12-08 16:15:30,451 - cellpose.models - INFO - >>>> model diam_mean =  30.000 (ROIs rescaled to this size during training)
2025-12-08 16:15:30,451 - root - INFO - Running Cellpose (no optimization)
2025-12-08 16:15:30,451 - cellpose.models - INFO - channels set to [0, 0]
2025-12-08 16:15:30,451 - cellpose.models - INFO - ~~~ FINDING MASKS ~~~
2025-12-08 16:15:31,140 - cellpose.models - INFO - >>>> TOTAL TIME 0.69 sec
2025-12-08 16:15:31,140 - root - INFO - Cellpose eval finished. Masks max: 1
2025-12-08 16:15:31,186 - cellpose.core - INFO - ** TORCH MPS version installed and working. **
2025-12-08 16:15:31,187 - cellpose.core - INFO - >>>> using GPU (MPS)
2025-12-08 16:15:31,187 - cellpose.models - INFO - >> cyto2 << model set to be used
2025-12-08 16:15:31,253 - cellpose.models - INFO - >>>> loading model /Users/nzlab-la/.cellpose/models/cyto2torch_0
2025-12-08 16:15:31,321 - cellpose.models - INFO - >>>> model diam_mean =  30.000 (ROIs rescaled to this size during training)
2025-12-08 16:15:31,321 - root - INFO - Running Cellpose (no optimization)
2025-12-08 16:15:31,321 - cellpose.models - INFO - channels set to [0, 0]
2025-12-08 16:15:31,321 - cellpose.models - INFO - ~~~ FINDING MASKS ~~~
2025-12-08 16:15:32,046 - cellpose.models - INFO - >>>> TOTAL TIME 0.72 sec
2025-12-08 16:15:32,046 - root - INFO - Cellpose eval finished. Masks max: 1
2025-12-08 16:15:32,102 - cellpose.core - INFO - ** TORCH MPS version installed and working. **
2025-12-08 16:15:32,102 - cellpose.core - INFO - >>>> using GPU (MPS)
2025-12-08 16:15:32,102 - cellpose.models - INFO - >> cyto2 << model set to be used
2025-12-08 16:15:32,171 - cellpose.models - INFO - >>>> loading model /Users/nzlab-la/.cellpose/models/cyto2torch_0
2025-12-08 16:15:32,236 - cellpose.models - INFO - >>>> model diam_mean =  30.000 (ROIs rescaled to this size during training)
2025-12-08 16:15:32,236 - root - INFO - Running Cellpose (no optimization)
2025-12-08 16:15:32,236 - cellpose.models - INFO - channels set to [0, 0]
2025-12-08 16:15:32,236 - cellpose.models - INFO - ~~~ FINDING MASKS ~~~
2025-12-08 16:15:33,010 - cellpose.models - INFO - >>>> TOTAL TIME 0.77 sec
2025-12-08 16:15:33,010 - root - INFO - Cellpose eval finished. Masks max: 1
2025-12-08 16:15:33,060 - cellpose.core - INFO - ** TORCH MPS version installed and working. **
2025-12-08 16:15:33,060 - cellpose.core - INFO - >>>> using GPU (MPS)
2025-12-08 16:15:33,060 - cellpose.models - INFO - >> cyto2 << model set to be used
2025-12-08 16:15:33,129 - cellpose.models - INFO - >>>> loading model /Users/nzlab-la/.cellpose/models/cyto2torch_0
2025-12-08 16:15:33,194 - cellpose.models - INFO - >>>> model diam_mean =  30.000 (ROIs rescaled to this size during training)
2025-12-08 16:15:33,194 - root - INFO - Running Cellpose (no optimization)
2025-12-08 16:15:33,194 - cellpose.models - INFO - channels set to [0, 0]
2025-12-08 16:15:33,194 - cellpose.models - INFO - ~~~ FINDING MASKS ~~~
2025-12-08 16:15:33,938 - cellpose.models - INFO - >>>> TOTAL TIME 0.74 sec
2025-12-08 16:15:33,939 - root - INFO - Cellpose eval finished. Masks max: 1
2025-12-08 16:15:33,994 - cellpose.core - INFO - ** TORCH MPS version installed and working. **
2025-12-08 16:15:33,994 - cellpose.core - INFO - >>>> using GPU (MPS)
2025-12-08 16:15:33,994 - cellpose.models - INFO - >> cyto2 << model set to be used
2025-12-08 16:15:34,066 - cellpose.models - INFO - >>>> loading model /Users/nzlab-la/.cellpose/models/cyto2torch_0
2025-12-08 16:15:34,129 - cellpose.models - INFO - >>>> model diam_mean =  30.000 (ROIs rescaled to this size during training)
2025-12-08 16:15:34,130 - root - INFO - Running Cellpose (no optimization)
2025-12-08 16:15:34,130 - cellpose.models - INFO - channels set to [0, 0]
2025-12-08 16:15:34,130 - cellpose.models - INFO - ~~~ FINDING MASKS ~~~
2025-12-08 16:15:35,062 - cellpose.models - INFO - >>>> TOTAL TIME 0.93 sec
2025-12-08 16:15:35,062 - root - INFO - Cellpose eval finished. Masks max: 1
2025-12-08 16:19:07,485 - root - WARNING - Qt Warning: Could not parse application stylesheet
2025-12-08 16:25:25,903 - root - WARNING - Qt Warning: Could not parse application stylesheet
2025-12-08 16:27:32,579 - root - WARNING - Qt Warning: Could not parse application stylesheet
2025-12-08 16:27:53,398 - root - WARNING - Qt Warning: Could not parse application stylesheet
2025-12-08 16:28:23,735 - root - WARNING - Qt Warning: Could not parse application stylesheet
2025-12-08 16:29:32,798 - root - WARNING - Qt Warning: Could not parse application stylesheet
2025-12-09 09:44:44,402 - root - WARNING - Qt Warning: Could not parse application stylesheet
2025-12-09 09:45:15,097 - cellpose.denoise - INFO - >> denoise_cyto3 << model set to be used
2025-12-09 09:45:15,109 - cellpose.core - INFO - ** TORCH MPS version installed and working. **
2025-12-09 09:45:15,109 - cellpose.core - INFO - >>>> using GPU (MPS)
2025-12-09 09:45:15,279 - cellpose.denoise - INFO - >>>> model diam_mean =  30.000 (ROIs rescaled to this size during training)
2025-12-09 09:45:15,279 - cellpose.models - INFO - >> cyto3 << model set to be used
2025-12-09 09:45:15,280 - cellpose.core - INFO - ** TORCH MPS version installed and working. **
2025-12-09 09:45:15,280 - cellpose.core - INFO - >>>> using GPU (MPS)
2025-12-09 09:45:15,341 - cellpose.models - INFO - >>>> loading model /Users/nzlab-la/.cellpose/models/cyto3
2025-12-09 09:45:15,409 - cellpose.models - INFO - >>>> model diam_mean =  30.000 (ROIs rescaled to this size during training)
2025-12-09 09:45:15,409 - root - INFO - Running Cellpose with flow_threshold=0.25, diameter=75, gpu=unknown
2025-12-09 09:45:16,795 - root - INFO - Cellpose eval finished. Masks max: 2
2025-12-09 09:45:16,797 - root - INFO - Running Cellpose with flow_threshold=0.25, diameter=150, gpu=unknown
2025-12-09 09:45:21,577 - root - INFO - Cellpose eval finished. Masks max: 15
2025-12-09 09:45:21,590 - root - INFO - Running Cellpose with flow_threshold=0.25, diameter=225, gpu=unknown
2025-12-09 09:45:25,522 - root - INFO - Cellpose eval finished. Masks max: 17
2025-12-09 09:45:25,534 - root - INFO - Running Cellpose with flow_threshold=0.45, diameter=75, gpu=unknown
2025-12-09 09:45:25,992 - root - INFO - Cellpose eval finished. Masks max: 3
2025-12-09 09:45:25,994 - root - INFO - Running Cellpose with flow_threshold=0.45, diameter=150, gpu=unknown
2025-12-09 09:45:30,556 - root - INFO - Cellpose eval finished. Masks max: 17
2025-12-09 09:45:30,568 - root - INFO - Running Cellpose with flow_threshold=0.45, diameter=225, gpu=unknown
2025-12-09 09:45:34,255 - root - INFO - Cellpose eval finished. Masks max: 18
2025-12-09 09:45:34,269 - root - INFO - Running Cellpose with flow_threshold=0.8, diameter=75, gpu=unknown
2025-12-09 09:45:34,734 - root - INFO - Cellpose eval finished. Masks max: 3
2025-12-09 09:45:34,737 - root - INFO - Running Cellpose with flow_threshold=0.8, diameter=150, gpu=unknown
2025-12-09 09:45:39,389 - root - INFO - Cellpose eval finished. Masks max: 19
2025-12-09 09:45:39,404 - root - INFO - Running Cellpose with flow_threshold=0.8, diameter=225, gpu=unknown
2025-12-09 09:45:43,050 - root - INFO - Cellpose eval finished. Masks max: 18
2025-12-09 09:46:08,314 - cellpose.denoise - INFO - >> denoise_cyto3 << model set to be used
2025-12-09 09:46:08,319 - cellpose.core - INFO - ** TORCH MPS version installed and working. **
2025-12-09 09:46:08,319 - cellpose.core - INFO - >>>> using GPU (MPS)
2025-12-09 09:46:08,503 - cellpose.denoise - INFO - >>>> model diam_mean =  30.000 (ROIs rescaled to this size during training)
2025-12-09 09:46:08,503 - cellpose.models - INFO - >> cyto3 << model set to be used
2025-12-09 09:46:08,504 - cellpose.core - INFO - ** TORCH MPS version installed and working. **
2025-12-09 09:46:08,504 - cellpose.core - INFO - >>>> using GPU (MPS)
2025-12-09 09:46:08,570 - cellpose.models - INFO - >>>> loading model /Users/nzlab-la/.cellpose/models/cyto3
2025-12-09 09:46:08,644 - cellpose.models - INFO - >>>> model diam_mean =  30.000 (ROIs rescaled to this size during training)
2025-12-09 09:46:08,645 - root - INFO - Running Cellpose (no optimization)
2025-12-09 09:46:09,399 - root - INFO - Cellpose eval finished. Masks max: 18
2025-12-09 09:46:30,944 - tifffile - WARNING - <tifffile.TiffFile 'eIF4G cleavage …9.03.03 pos9.tif'> OME series expected 4 frames, got 580
2025-12-09 09:46:30,963 - tifffile - WARNING - <tifffile.TiffFile 'eIF4G cleavage …9.03.03 pos9.tif'> OME series expected 4 frames, got 580
2025-12-09 09:47:52,615 - cellpose.denoise - INFO - >> denoise_cyto3 << model set to be used
2025-12-09 09:47:52,618 - cellpose.core - INFO - ** TORCH MPS version installed and working. **
2025-12-09 09:47:52,618 - cellpose.core - INFO - >>>> using GPU (MPS)
2025-12-09 09:47:52,793 - cellpose.denoise - INFO - >>>> model diam_mean =  30.000 (ROIs rescaled to this size during training)
2025-12-09 09:47:52,793 - cellpose.models - INFO - >> cyto3 << model set to be used
2025-12-09 09:47:52,794 - cellpose.core - INFO - ** TORCH MPS version installed and working. **
2025-12-09 09:47:52,794 - cellpose.core - INFO - >>>> using GPU (MPS)
2025-12-09 09:47:52,857 - cellpose.models - INFO - >>>> loading model /Users/nzlab-la/.cellpose/models/cyto3
2025-12-09 09:47:52,927 - cellpose.models - INFO - >>>> model diam_mean =  30.000 (ROIs rescaled to this size during training)
2025-12-09 09:47:52,928 - root - INFO - Running Cellpose with flow_threshold=0.25, diameter=75, gpu=unknown
2025-12-09 09:47:54,321 - root - INFO - Cellpose eval finished. Masks max: 4
2025-12-09 09:47:54,324 - root - INFO - Running Cellpose with flow_threshold=0.25, diameter=150, gpu=unknown
2025-12-09 09:47:57,670 - root - INFO - Cellpose eval finished. Masks max: 14
2025-12-09 09:47:57,678 - root - INFO - Running Cellpose with flow_threshold=0.25, diameter=225, gpu=unknown
2025-12-09 09:48:00,736 - root - INFO - Cellpose eval finished. Masks max: 11
2025-12-09 09:48:00,742 - root - INFO - Running Cellpose with flow_threshold=0.45, diameter=75, gpu=unknown
2025-12-09 09:48:01,866 - root - INFO - Cellpose eval finished. Masks max: 8
2025-12-09 09:48:01,873 - root - INFO - Running Cellpose with flow_threshold=0.45, diameter=150, gpu=unknown
2025-12-09 09:48:05,071 - root - INFO - Cellpose eval finished. Masks max: 15
2025-12-09 09:48:05,080 - root - INFO - Running Cellpose with flow_threshold=0.45, diameter=225, gpu=unknown
2025-12-09 09:48:07,967 - root - INFO - Cellpose eval finished. Masks max: 15
2025-12-09 09:48:07,976 - root - INFO - Running Cellpose with flow_threshold=0.8, diameter=75, gpu=unknown
2025-12-09 09:48:09,090 - root - INFO - Cellpose eval finished. Masks max: 10
2025-12-09 09:48:09,098 - root - INFO - Running Cellpose with flow_threshold=0.8, diameter=150, gpu=unknown
2025-12-09 09:48:12,326 - root - INFO - Cellpose eval finished. Masks max: 15
2025-12-09 09:48:12,333 - root - INFO - Running Cellpose with flow_threshold=0.8, diameter=225, gpu=unknown
2025-12-09 09:48:15,299 - root - INFO - Cellpose eval finished. Masks max: 16
